Parameter,Estimate,Std.error,within_CI,window_size
(Intercept):1,-1.08305648422778,0.0412405249572655,TRUE,16
(Intercept):2,-1.47483129083632,0.0588023563328009,FALSE,16
Covariate:1,0.497640703548203,0.0627789925767028,TRUE,16
Covariate:2,-0.437927250708318,0.075608898244162,TRUE,16
1-1,0.109478469913761,0.039307628306522,TRUE,16
1-2,-0.0307112819870609,0.0213861494747099,TRUE,16
1-3,-0.0149652598818712,0.013812084780985,TRUE,16
2-2,-0.0241212937661427,0.0616655280420623,FALSE,16
2-3,-0.0362327617527475,0.0163937411987981,FALSE,16
3-3,-0.234722023436482,0.0294460350118282,TRUE,16
(Intercept):1,-1.070645132891,0.0428121808800185,TRUE,16
(Intercept):2,-1.53526709873378,0.055152022361848,TRUE,16
Covariate:1,0.452460350339726,0.0636684003275274,TRUE,16
Covariate:2,-0.568920407608034,0.0754972481283897,TRUE,16
1-1,0.112358483414021,0.0400502056017602,TRUE,16
1-2,-0.0264378143373158,0.0210976688501796,TRUE,16
1-3,-0.00661512879613673,0.0144256399586044,TRUE,16
2-2,0.136612800380133,0.0590825179982572,TRUE,16
2-3,0.0111393311063439,0.0156898513200485,TRUE,16
3-3,-0.220089283718839,0.0288988617807146,TRUE,16
(Intercept):1,-1.13111376724466,0.0433183091452177,TRUE,16
(Intercept):2,-1.60356776288998,0.057336587744068,TRUE,16
Covariate:1,0.5772647778132,0.066191040863901,TRUE,16
Covariate:2,-0.45339487567936,0.0760619859960177,TRUE,16
1-1,0.0815536327474251,0.0427093778077857,TRUE,16
1-2,0.0113198814032415,0.021613366811975,TRUE,16
1-3,0.00327660327212727,0.0141180948373863,TRUE,16
2-2,0.257548737806434,0.0486368672595762,TRUE,16
2-3,-0.00998809150457726,0.0158217521035251,TRUE,16
3-3,-0.187067319364654,0.0287024007369436,TRUE,16
(Intercept):1,-1.06059995579094,0.0422669930307677,TRUE,16
(Intercept):2,-1.68397283725129,0.0591615488457798,TRUE,16
Covariate:1,0.464977100877489,0.0620013294584869,TRUE,16
Covariate:2,-0.467529442282101,0.082322014575122,TRUE,16
1-1,0.0916533069221694,0.0380608757749404,TRUE,16
1-2,0.0105718556844021,0.0224289218302816,TRUE,16
1-3,-0.0188322426668908,0.0130257823837005,TRUE,16
2-2,0.201857918668347,0.0630030732540486,TRUE,16
2-3,-0.0226982446492827,0.0156525222799295,TRUE,16
3-3,-0.216921951886215,0.0270576733539691,TRUE,16
(Intercept):1,-1.07706394861551,0.0441664218895056,TRUE,16
(Intercept):2,-1.52617764197393,0.0546215160347329,TRUE,16
Covariate:1,0.496689133167482,0.0636958200995638,TRUE,16
Covariate:2,-0.510058646441949,0.0747830666179357,TRUE,16
1-1,0.0658285711513026,0.0420283608194244,TRUE,16
1-2,0.00741679469441346,0.0213498936038983,TRUE,16
1-3,-0.0136680424449262,0.0141005521502279,TRUE,16
2-2,0.0942902420461829,0.0587991044537492,TRUE,16
2-3,-0.0196494453112873,0.0156643952484871,TRUE,16
3-3,-0.212862683577604,0.0285596235347905,TRUE,16
(Intercept):1,-1.08412438895132,0.0432693051689686,TRUE,16
(Intercept):2,-1.60843400975779,0.0569128440249361,TRUE,16
Covariate:1,0.410325635647742,0.0621232621501968,TRUE,16
Covariate:2,-0.583056096593276,0.0743266985863014,TRUE,16
1-1,0.105029875910473,0.0431994051074148,TRUE,16
1-2,-0.0169407515484323,0.0207973971348245,TRUE,16
1-3,0.0110344277437351,0.0144730591238234,TRUE,16
2-2,0.199671936504622,0.0526748132395755,TRUE,16
2-3,0.0121861740399757,0.0164188297058532,TRUE,16
3-3,-0.213695850061853,0.0297862505910743,TRUE,16
(Intercept):1,-1.09798846919909,0.041834898521459,TRUE,16
(Intercept):2,-1.5773219238649,0.0561566231905684,TRUE,16
Covariate:1,0.448776457892609,0.0637805217386024,TRUE,16
Covariate:2,-0.499468446406544,0.0760720806925699,TRUE,16
1-1,0.0860211328817188,0.0400428878743813,TRUE,16
1-2,-0.0201912770272189,0.0224716672751836,TRUE,16
1-3,-0.0208290268523523,0.0149094890560977,TRUE,16
2-2,0.17069015876389,0.0604874407128137,TRUE,16
2-3,-0.0322277065892411,0.0166111903871957,TRUE,16
3-3,-0.233377706400392,0.0295691436456594,TRUE,16
(Intercept):1,-1.05232435749698,0.0410296870756144,TRUE,16
(Intercept):2,-1.6097311707398,0.0615549216247352,TRUE,16
Covariate:1,0.447679476946893,0.0683534506196936,TRUE,16
Covariate:2,-0.568786373978001,0.0779795241816668,TRUE,16
1-1,0.0392449164584228,0.0420703333518542,TRUE,16
1-2,-0.0125720258294481,0.0221846536032272,TRUE,16
1-3,0.00943142805910737,0.0141391271014271,TRUE,16
2-2,0.131697457846552,0.0661389438006041,TRUE,16
2-3,0.0165320061891682,0.0172248289874622,TRUE,16
3-3,-0.225771079594622,0.0285806529877808,TRUE,16
(Intercept):1,-1.07390113712916,0.0425733502073168,TRUE,16
(Intercept):2,-1.48893959676023,0.057219850307601,FALSE,16
Covariate:1,0.528114025925383,0.0632468444632767,TRUE,16
Covariate:2,-0.529459519892065,0.0772115977248181,TRUE,16
1-1,0.051781158109404,0.0435352277879229,TRUE,16
1-2,-0.058087697126517,0.022040944318334,FALSE,16
1-3,-0.0323810174209819,0.0133395928659347,FALSE,16
2-2,0.0700439593819451,0.0590273806348121,TRUE,16
2-3,-0.0354509637499463,0.0157891357553241,FALSE,16
3-3,-0.263561161205152,0.0292870512048009,TRUE,16
(Intercept):1,-1.08831950770188,0.0441867327848069,TRUE,16
(Intercept):2,-1.66754746680504,0.0592905890890231,TRUE,16
Covariate:1,0.554451893093947,0.0662948101267625,TRUE,16
Covariate:2,-0.501362774566973,0.0775805429108509,TRUE,16
1-1,0.111078786664966,0.0410459480090993,TRUE,16
1-2,0.0175889976298635,0.0213616729793572,TRUE,16
1-3,0.00086852754611524,0.0144539959235387,TRUE,16
2-2,0.188913635983482,0.0587727231920807,TRUE,16
2-3,0.0137046001202027,0.0156986308473534,TRUE,16
3-3,-0.215092038669657,0.0285855302932521,TRUE,16
(Intercept):1,-1.09040658740787,0.0429379589063484,TRUE,16
(Intercept):2,-1.6886086576368,0.0605572368583742,TRUE,16
Covariate:1,0.510871684625735,0.0650982759216794,TRUE,16
Covariate:2,-0.674436997434675,0.0809373564882601,FALSE,16
1-1,0.0408212885906252,0.0437165692402853,TRUE,16
1-2,0.0185369087363529,0.0214863589383222,TRUE,16
1-3,0.00484020052819439,0.0140427345478375,TRUE,16
2-2,0.171714700156844,0.0549075546211571,TRUE,16
2-3,-0.00544323022989437,0.0173999097921207,TRUE,16
3-3,-0.238224047407743,0.0281848581276825,TRUE,16
(Intercept):1,-1.07278353699203,0.0436103703620597,TRUE,16
(Intercept):2,-1.58211791810314,0.056155666846473,TRUE,16
Covariate:1,0.530467672225976,0.0673026796211646,TRUE,16
Covariate:2,-0.658671147684204,0.074823121396212,FALSE,16
1-1,0.0407407687476738,0.0435749388057062,TRUE,16
1-2,0.0263531590444848,0.0213961590656633,TRUE,16
1-3,0.0104652003112719,0.0138349122100055,TRUE,16
2-2,0.215912001871891,0.0517533652162437,TRUE,16
2-3,0.0153781238819917,0.0156905618954272,TRUE,16
3-3,-0.184217072703385,0.0286352148113886,TRUE,16
(Intercept):1,-1.05512089761087,0.042305986960241,TRUE,16
(Intercept):2,-1.53655412636468,0.0571565746525332,TRUE,16
Covariate:1,0.497652492853544,0.062431935932554,TRUE,16
Covariate:2,-0.520483591022302,0.0752984576810714,TRUE,16
1-1,0.0331033562492666,0.0447156222541435,TRUE,16
1-2,-0.0400729936110103,0.0212291467983924,TRUE,16
1-3,-0.0381572474245602,0.0133811206840571,FALSE,16
2-2,0.180401817915005,0.057182949937404,TRUE,16
2-3,-0.0412370000583979,0.0159990839281226,FALSE,16
3-3,-0.242958903614009,0.0289766000096773,TRUE,16
(Intercept):1,-1.15324046238069,0.0433515464394327,TRUE,16
(Intercept):2,-1.63107542224769,0.0592718096143392,TRUE,16
Covariate:1,0.368299195633019,0.0635842582034055,FALSE,16
Covariate:2,-0.590951916999773,0.0774450685241786,TRUE,16
1-1,0.0240506627604959,0.0449646119485438,TRUE,16
1-2,-0.00298622599462658,0.0208608284762462,TRUE,16
1-3,-0.00660916256304431,0.0145972034304192,TRUE,16
2-2,0.0899985057885429,0.055021927209756,TRUE,16
2-3,-0.0123880130416478,0.01716171658316,TRUE,16
3-3,-0.27131688229086,0.0296819049100006,TRUE,16
(Intercept):1,-1.08746037716075,0.04261787716467,TRUE,16
(Intercept):2,-1.54728285040403,0.0581126231390886,TRUE,16
Covariate:1,0.503297216563784,0.0646076300929497,TRUE,16
Covariate:2,-0.529536472128503,0.076405231545839,TRUE,16
1-1,0.0680686265999444,0.0417333392087682,TRUE,16
1-2,-0.0222714070472366,0.0222017195245908,TRUE,16
1-3,-0.00275194714522912,0.013651126567849,TRUE,16
2-2,0.16324396026867,0.0588893737009787,TRUE,16
2-3,-0.0111996977581982,0.0162012199306488,TRUE,16
3-3,-0.175660879168678,0.0282839482616918,TRUE,16
(Intercept):1,-1.12161868313472,0.0460712496860507,TRUE,16
(Intercept):2,-1.64572461104452,0.0573507059521645,TRUE,16
Covariate:1,0.527751228990578,0.0639185412617233,TRUE,16
Covariate:2,-0.635633193961282,0.0729966265694805,TRUE,16
1-1,0.0531412605174334,0.0437365891714319,TRUE,16
1-2,0.00807630670494427,0.0208980557753935,TRUE,16
1-3,-0.00186457887805969,0.0144169602178663,TRUE,16
2-2,0.19849112425174,0.057659229571611,TRUE,16
2-3,0.00856880756087802,0.0160174844600547,TRUE,16
3-3,-0.246472998240786,0.0274965903596582,TRUE,16
(Intercept):1,-1.04368727788736,0.0456497146943047,TRUE,16
(Intercept):2,-1.48595160517015,0.0532559273933781,FALSE,16
Covariate:1,0.576374371697868,0.0658153576072,TRUE,16
Covariate:2,-0.43796334599324,0.0741079493478475,TRUE,16
1-1,0.0253550209185303,0.0413211217288679,TRUE,16
1-2,-0.0216172701072805,0.0207694393214146,TRUE,16
1-3,-0.0123244069707752,0.0143823171487581,TRUE,16
2-2,0.164967291723998,0.05552097437494,TRUE,16
2-3,-0.0331382287535769,0.0154254029360785,FALSE,16
3-3,-0.232259183686464,0.0300414312031264,TRUE,16
(Intercept):1,-1.06348909029026,0.0416536185294588,TRUE,16
(Intercept):2,-1.60069640700466,0.056167759988071,TRUE,16
Covariate:1,0.472875967690145,0.0626163312902937,TRUE,16
Covariate:2,-0.509586289180066,0.0747375335308878,TRUE,16
1-1,0.100958177646084,0.0407171403655416,TRUE,16
1-2,-0.0191787637338191,0.021590515355559,TRUE,16
1-3,-0.0110581349353521,0.0136937455026192,TRUE,16
2-2,0.213722819985578,0.0553917345049797,TRUE,16
2-3,-0.00705190442891754,0.015981772978696,TRUE,16
3-3,-0.210027748537243,0.0304194867191247,TRUE,16
(Intercept):1,-1.07153162462005,0.0425055752073669,TRUE,16
(Intercept):2,-1.56092467487215,0.0555048432340552,TRUE,16
Covariate:1,0.47459512882931,0.0641344399386406,TRUE,16
Covariate:2,-0.408847700943892,0.0785477520349954,TRUE,16
1-1,0.0599502912896963,0.0412222184483791,TRUE,16
1-2,0.0126404690733022,0.0212849550122068,TRUE,16
1-3,0.0167238885330997,0.013554396397382,TRUE,16
2-2,0.228827535194334,0.0542770748340172,TRUE,16
2-3,-0.0084848076779618,0.0155015641748824,TRUE,16
3-3,-0.201543287118594,0.0282672062991313,TRUE,16
(Intercept):1,-1.06278805998945,0.0414369704167397,TRUE,16
(Intercept):2,-1.68751223515978,0.0574344107873413,TRUE,16
Covariate:1,0.526099419424606,0.0649849856198298,TRUE,16
Covariate:2,-0.467551139660548,0.0753107244431224,TRUE,16
1-1,0.118135995558478,0.0386220682698524,TRUE,16
1-2,-0.0215263839489332,0.0221894746274561,TRUE,16
1-3,0.00204567474312023,0.0133934151008106,TRUE,16
2-2,0.264138955501152,0.0532476217635889,TRUE,16
2-3,0.0308573278592628,0.0154064756440974,FALSE,16
3-3,-0.210170037362479,0.0291887102564278,TRUE,16
(Intercept):1,-1.05780744080744,0.0423631706387215,TRUE,16
(Intercept):2,-1.5804787397911,0.0548364798121493,TRUE,16
Covariate:1,0.447479231445756,0.0640152602387882,TRUE,16
Covariate:2,-0.482994403725769,0.073604018286335,TRUE,16
1-1,0.0543743854749703,0.0429859005824433,TRUE,16
1-2,-0.0169443537494619,0.0211995459523519,TRUE,16
1-3,-0.0300075273858756,0.0133224745939829,FALSE,16
2-2,0.190305901910303,0.0544230585959666,TRUE,16
2-3,-0.0124658395671006,0.0146411969058704,TRUE,16
3-3,-0.217442993605684,0.0283357243924848,TRUE,16
(Intercept):1,-1.07401310453488,0.0435485306930194,TRUE,16
(Intercept):2,-1.55845795098445,0.056731478045425,TRUE,16
Covariate:1,0.445689247473972,0.0610978186191853,TRUE,16
Covariate:2,-0.46102185651499,0.0765682396067937,TRUE,16
1-1,0.1589260816484,0.0425283541742394,TRUE,16
1-2,0.0189280321682885,0.0205950936224006,TRUE,16
1-3,0.0112450613999389,0.014168382435614,TRUE,16
2-2,0.230932938162305,0.0569180102418131,TRUE,16
2-3,0.00274227278841868,0.0165587955714405,TRUE,16
3-3,-0.196608562191357,0.0282073140462646,TRUE,16
(Intercept):1,-1.11794863686715,0.0444140611679761,TRUE,16
(Intercept):2,-1.50996034537774,0.056311817426304,TRUE,16
Covariate:1,0.467755241962047,0.0612156806833214,TRUE,16
Covariate:2,-0.49298235568897,0.071640152980378,TRUE,16
1-1,0.0850923805121774,0.0416718884639824,TRUE,16
1-2,-0.0168193443550218,0.0214708383659202,TRUE,16
1-3,0.00383061553651954,0.0133036022969008,TRUE,16
2-2,0.181198912204732,0.0551133757880428,TRUE,16
2-3,-0.0209529103965776,0.015500222236714,TRUE,16
3-3,-0.187306752933285,0.0282691738937933,TRUE,16
(Intercept):1,-1.09261100386225,0.0442103311088649,TRUE,16
(Intercept):2,-1.59250639190745,0.0551667719470743,TRUE,16
Covariate:1,0.532708400345966,0.0651748831460792,TRUE,16
Covariate:2,-0.546414598087548,0.0767256464593634,TRUE,16
1-1,0.045117168098476,0.0458546939381172,TRUE,16
1-2,0.0147270625709525,0.022195240579777,TRUE,16
1-3,-0.0124632098440409,0.0141712921793632,TRUE,16
2-2,0.106776867650153,0.063824990127096,TRUE,16
2-3,-0.0159961568489561,0.0153166918547012,TRUE,16
3-3,-0.225376543819592,0.0270884067647257,TRUE,16
(Intercept):1,-1.0897040173831,0.0435473255245705,TRUE,16
(Intercept):2,-1.64319304242637,0.0590306193793523,TRUE,16
Covariate:1,0.499303339389327,0.0642020229536428,TRUE,16
Covariate:2,-0.506203827145023,0.0807110034335775,TRUE,16
1-1,0.094976418095587,0.0454017371849608,TRUE,16
1-2,0.0100635070026229,0.0225276836763069,TRUE,16
1-3,0.00220945072962463,0.0147914711737509,TRUE,16
2-2,0.225381850033495,0.0589843055838878,TRUE,16
2-3,0.000267721431046687,0.0162666244106974,TRUE,16
3-3,-0.22195310493846,0.0298613830109163,TRUE,16
(Intercept):1,-1.12807264748897,0.0450319123426751,TRUE,16
(Intercept):2,-1.66302437855229,0.0568993598975333,TRUE,16
Covariate:1,0.584859794470484,0.064067297573561,TRUE,16
Covariate:2,-0.487511759577868,0.074488267651396,TRUE,16
1-1,0.0621398189956357,0.0446839941578726,TRUE,16
1-2,-4.99906479167432e-05,0.0211863089879829,TRUE,16
1-3,0.0131227499393118,0.0144829961738275,TRUE,16
2-2,0.239789370398243,0.0564671601396129,TRUE,16
2-3,0.0160938480188431,0.0161587700779316,TRUE,16
3-3,-0.238808886467105,0.0291700165344653,TRUE,16
(Intercept):1,-1.003460733792,0.0404985907427782,FALSE,16
(Intercept):2,-1.61352553540318,0.0555560103916835,TRUE,16
Covariate:1,0.432153479488391,0.063395066247051,TRUE,16
Covariate:2,-0.549180420514751,0.0754326097672916,TRUE,16
1-1,0.077785292464021,0.0386093843061017,TRUE,16
1-2,-0.00199708852815845,0.0211593877544995,TRUE,16
1-3,-0.0210925707479138,0.01399101800528,TRUE,16
2-2,0.175986579234206,0.0570868671383708,TRUE,16
2-3,0.00620547557256632,0.0159573215945646,TRUE,16
3-3,-0.247049511053408,0.028287273643316,TRUE,16
(Intercept):1,-1.13068117046356,0.0454979294035475,TRUE,16
(Intercept):2,-1.50398218776189,0.0546571569513546,TRUE,16
Covariate:1,0.450147814052949,0.0634578851603419,TRUE,16
Covariate:2,-0.445247998452668,0.0734062272766624,TRUE,16
1-1,0.0840221329020345,0.0401982184831799,TRUE,16
1-2,0.0217870098258354,0.0217222429019572,TRUE,16
1-3,0.0270695526871964,0.013827985019093,TRUE,16
2-2,0.245300845911849,0.0525931926112996,TRUE,16
2-3,-0.00837709524759218,0.0164003535023891,TRUE,16
3-3,-0.206694668492423,0.0298537844534784,TRUE,16
(Intercept):1,-1.12073631393429,0.0424067910895438,TRUE,16
(Intercept):2,-1.62096135596273,0.0562418866327601,TRUE,16
Covariate:1,0.396825685077138,0.0627782755376178,TRUE,16
Covariate:2,-0.437431855553902,0.0769703591225755,TRUE,16
1-1,0.0653924578771408,0.0405569274885651,TRUE,16
1-2,-0.0155817916044846,0.0209937949278593,TRUE,16
1-3,-0.00953310853141796,0.0130858856464948,TRUE,16
2-2,0.162749514232055,0.0602260431978853,TRUE,16
2-3,-0.0161923718877907,0.0156040801359118,TRUE,16
3-3,-0.232196607838075,0.0279158915040424,TRUE,16
(Intercept):1,-1.18684746259938,0.0419744158572663,FALSE,16
(Intercept):2,-1.7472492781387,0.0575279308613845,FALSE,16
Covariate:1,0.420857534798866,0.0641230363633526,TRUE,16
Covariate:2,-0.616145574474527,0.0761194852772208,TRUE,16
1-1,0.192232063712728,0.0382262280075735,FALSE,16
1-2,0.0579853756808661,0.0202397105424911,FALSE,16
1-3,0.0106138336085615,0.0139679613471454,TRUE,16
2-2,0.177829203287425,0.0561543553008232,TRUE,16
2-3,0.0206029997463163,0.0156726114067197,TRUE,16
3-3,-0.219110795289038,0.0268567637243588,TRUE,16
(Intercept):1,-1.05730918198729,0.0430270161096798,TRUE,16
(Intercept):2,-1.54834864013488,0.054987037890967,TRUE,16
Covariate:1,0.546897124892486,0.0654348752765082,TRUE,16
Covariate:2,-0.499087600286252,0.0756325950299958,TRUE,16
1-1,0.115782817693278,0.0409976018692416,TRUE,16
1-2,-0.046886389945557,0.0209079607062035,FALSE,16
1-3,-0.00664222864895276,0.0143337221572183,TRUE,16
2-2,0.24529582722711,0.0532293320705058,TRUE,16
2-3,0.0187462232966503,0.0155272136651927,TRUE,16
3-3,-0.242060915887225,0.0283495626461526,TRUE,16
(Intercept):1,-1.16837671258517,0.0427410202130534,TRUE,16
(Intercept):2,-1.61460725341183,0.0559811684747857,TRUE,16
Covariate:1,0.536727077789443,0.062542795667588,TRUE,16
Covariate:2,-0.489534180720758,0.0782689345286484,TRUE,16
1-1,0.0855768215291882,0.0420624733202636,TRUE,16
1-2,0.000507857954926302,0.0208117096452607,TRUE,16
1-3,0.0144158436041682,0.0131892644032089,TRUE,16
2-2,0.1672291464027,0.0515742599689155,TRUE,16
2-3,-0.00645902769781552,0.0150191149418819,TRUE,16
3-3,-0.21544974569768,0.0279946372113922,TRUE,16
(Intercept):1,-1.1352651185171,0.0431312882520632,TRUE,16
(Intercept):2,-1.6464858554874,0.0583478337161143,TRUE,16
Covariate:1,0.473720335631933,0.0636981441620887,TRUE,16
Covariate:2,-0.72913360297744,0.0788605261177708,FALSE,16
1-1,0.0901394174301275,0.0406206893528109,TRUE,16
1-2,-0.00509387957205001,0.0222773884212956,TRUE,16
1-3,-0.0207976092849665,0.0146868887902725,TRUE,16
2-2,0.138005275502974,0.0612177967768787,TRUE,16
2-3,-0.00336632599747605,0.0168528581176855,TRUE,16
3-3,-0.231930254919637,0.0281979162151224,TRUE,16
(Intercept):1,-1.0184990855693,0.0417773014639777,TRUE,16
(Intercept):2,-1.60763591770438,0.0584262086313173,TRUE,16
Covariate:1,0.604153180769728,0.0653262552372239,TRUE,16
Covariate:2,-0.449918530548926,0.0725694642640446,TRUE,16
1-1,0.0595242785800108,0.0411086411992507,TRUE,16
1-2,-0.043652674711969,0.0224386290616055,TRUE,16
1-3,-0.0200310401162931,0.0132386211879259,TRUE,16
2-2,0.157161803816875,0.060985359213919,TRUE,16
2-3,-0.00239404487475509,0.0161024580761982,TRUE,16
3-3,-0.222091098186051,0.0268576316493948,TRUE,16
(Intercept):1,-1.08282124372549,0.0428854738259926,TRUE,16
(Intercept):2,-1.55689560048805,0.0567320075839942,TRUE,16
Covariate:1,0.451378844440816,0.0637268903760523,TRUE,16
Covariate:2,-0.529773449556346,0.0790931635406756,TRUE,16
1-1,0.0702448392436166,0.0377127428980162,TRUE,16
1-2,-0.048745784811977,0.0217659037540785,FALSE,16
1-3,-0.00721350801427365,0.0134986578282079,TRUE,16
2-2,0.143860617772184,0.0592813682690786,TRUE,16
2-3,-0.00613193734350442,0.0156372632986899,TRUE,16
3-3,-0.221184642048371,0.028517136225532,TRUE,16
(Intercept):1,-1.06251651212954,0.0443506050166549,TRUE,16
(Intercept):2,-1.48801074709194,0.0529815313611352,FALSE,16
Covariate:1,0.587770649586712,0.0657858423394916,TRUE,16
Covariate:2,-0.492212041013543,0.0800957606891462,TRUE,16
1-1,0.0478715731475207,0.043558664669474,TRUE,16
1-2,-0.0115159031665681,0.0219169426105986,TRUE,16
1-3,-0.0243868162587655,0.0136476966580525,TRUE,16
2-2,0.0546344327590534,0.0613879927540348,FALSE,16
2-3,-0.0253446910768364,0.0155940172819914,TRUE,16
3-3,-0.216944167382366,0.0292899597909119,TRUE,16
(Intercept):1,-1.06754749491368,0.0425659671767863,TRUE,16
(Intercept):2,-1.58905928502328,0.0589584145813896,TRUE,16
Covariate:1,0.466264468294667,0.0624097095472896,TRUE,16
Covariate:2,-0.486381376812398,0.0817116401547195,TRUE,16
1-1,0.061940464607154,0.0418649169202527,TRUE,16
1-2,-0.0417924495802966,0.0222708869222962,TRUE,16
1-3,-0.024019392843621,0.0145385144295557,TRUE,16
2-2,0.111819727758377,0.0603866329801804,TRUE,16
2-3,-0.00387747538665166,0.0170273019923432,TRUE,16
3-3,-0.249798542388803,0.0295639851814638,TRUE,16
(Intercept):1,-1.05696091472738,0.0429060533182135,TRUE,16
(Intercept):2,-1.51019837348785,0.0531875164955309,TRUE,16
Covariate:1,0.398262940148505,0.0633797971663344,TRUE,16
Covariate:2,-0.541808356554754,0.0745564213771565,TRUE,16
1-1,0.0523130506402162,0.0407871198175623,TRUE,16
1-2,-0.0306681274649483,0.0209967677834148,TRUE,16
1-3,-0.0155429164716255,0.0135566836987112,TRUE,16
2-2,0.173729908074558,0.0559458651667171,TRUE,16
2-3,-0.0335109635089047,0.0157292972600095,FALSE,16
3-3,-0.247719442307911,0.0282769573055871,TRUE,16
(Intercept):1,-1.0144886331504,0.0429141477593876,FALSE,16
(Intercept):2,-1.46769798219388,0.0539504657529687,FALSE,16
Covariate:1,0.570224534269539,0.0610679243758044,TRUE,16
Covariate:2,-0.430529467826746,0.0731589148839247,TRUE,16
1-1,0.0263331586594137,0.0407972935529606,TRUE,16
1-2,-0.055073751812079,0.0220038733250792,FALSE,16
1-3,-0.00327110648534276,0.013465903745948,TRUE,16
2-2,0.11892680356874,0.0588892198496146,TRUE,16
2-3,-0.0255195531912502,0.0154988251409522,TRUE,16
3-3,-0.176391525981337,0.0282520302987373,TRUE,16
(Intercept):1,-1.07925222107803,0.042988595904498,TRUE,16
(Intercept):2,-1.59311803011762,0.0576103412890422,TRUE,16
Covariate:1,0.527705120736899,0.0660711717446565,TRUE,16
Covariate:2,-0.525680024660867,0.0723023079386094,TRUE,16
1-1,0.118151753255439,0.0381707905567661,TRUE,16
1-2,0.00556827981441823,0.0209096917152612,TRUE,16
1-3,-0.000315860868511984,0.0140053707847137,TRUE,16
2-2,0.226319416934718,0.0516137273056737,TRUE,16
2-3,-0.00400231301211517,0.0156520665872744,TRUE,16
3-3,-0.220264396743176,0.0308791711223477,TRUE,16
(Intercept):1,-1.05369607371055,0.042320732429505,TRUE,16
(Intercept):2,-1.61466771639632,0.0573041223386606,TRUE,16
Covariate:1,0.53163826007626,0.0630482946370303,TRUE,16
Covariate:2,-0.568923888411825,0.0774371102483939,TRUE,16
1-1,0.0336763502823331,0.0400846784966762,TRUE,16
1-2,-0.0181447617818751,0.0203412511479294,TRUE,16
1-3,-0.0244614115448446,0.0136898935092339,TRUE,16
2-2,0.0837037141407089,0.0629834084511852,TRUE,16
2-3,-0.0164340945000725,0.016128127318317,TRUE,16
3-3,-0.24067568319987,0.0290853004320827,TRUE,16
(Intercept):1,-1.11753194001054,0.044032895956409,TRUE,16
(Intercept):2,-1.6273876008767,0.056986182281506,TRUE,16
Covariate:1,0.461719737353754,0.0625592052380295,TRUE,16
Covariate:2,-0.453906113551781,0.0762382078731309,TRUE,16
1-1,0.158183377640665,0.0383455878148245,TRUE,16
1-2,0.00253653846562386,0.0209452131620478,TRUE,16
1-3,0.00368028916791836,0.0136955649738408,TRUE,16
2-2,0.223324720362536,0.05382073148119,TRUE,16
2-3,-5.58344252591826e-05,0.0154891675487117,TRUE,16
3-3,-0.232059911919583,0.0280144378996987,TRUE,16
(Intercept):1,-1.12069791625336,0.0437326608792184,TRUE,16
(Intercept):2,-1.58139633470589,0.0595018547884514,TRUE,16
Covariate:1,0.661010840835724,0.0643581102770518,FALSE,16
Covariate:2,-0.446423386899243,0.0747985580426147,TRUE,16
1-1,0.17212886705897,0.0366828709489729,FALSE,16
1-2,0.0152216096927778,0.021596654640583,TRUE,16
1-3,0.00986945074442082,0.0137525095865845,TRUE,16
2-2,0.140456055625897,0.0619037509808432,TRUE,16
2-3,0.00713436584963338,0.0155559741186541,TRUE,16
3-3,-0.197581516195027,0.0278878373391074,TRUE,16
(Intercept):1,-1.06864836494834,0.0426867939001329,TRUE,16
(Intercept):2,-1.55049361772447,0.0543723188520627,TRUE,16
Covariate:1,0.584274056284327,0.0644016944562288,TRUE,16
Covariate:2,-0.354107886157862,0.0743582579831258,FALSE,16
1-1,0.0686020410703858,0.0368479622938536,TRUE,16
1-2,-0.0500451235853534,0.0214974577024206,FALSE,16
1-3,-0.0132097417053957,0.0140557225645327,TRUE,16
2-2,0.225499962375143,0.0518216664311009,TRUE,16
2-3,-0.0242746047192746,0.0165643818507518,TRUE,16
3-3,-0.302951769846393,0.0297665897643928,FALSE,16
(Intercept):1,-1.16346936618261,0.0422436311714925,TRUE,16
(Intercept):2,-1.67219153075905,0.0569582513221995,TRUE,16
Covariate:1,0.536874187709593,0.0631719302363622,TRUE,16
Covariate:2,-0.513348912464448,0.0795077148231646,TRUE,16
1-1,0.127543806108744,0.0386595054207691,TRUE,16
1-2,0.0122971016732936,0.0211056173950211,TRUE,16
1-3,-0.0107207171394967,0.0135398674175413,TRUE,16
2-2,0.138606267907375,0.062456414338876,TRUE,16
2-3,-0.0166853862142783,0.0159160061059119,TRUE,16
3-3,-0.273270689680802,0.028495625394362,TRUE,16
(Intercept):1,-1.07887527576791,0.0439485159658452,TRUE,16
(Intercept):2,-1.61744612391769,0.0561144029983244,TRUE,16
Covariate:1,0.631672877021606,0.0651103192266092,FALSE,16
Covariate:2,-0.402077203569049,0.078493626516344,TRUE,16
1-1,0.0754694269198847,0.0428774359015472,TRUE,16
1-2,-0.0249136461417035,0.0217743070091585,TRUE,16
1-3,-0.0174252395196523,0.0136786289017921,TRUE,16
2-2,0.219498347147603,0.0562934060436436,TRUE,16
2-3,-0.0112128365331216,0.0150176381633002,TRUE,16
3-3,-0.241795714057115,0.0296813526532388,TRUE,16
(Intercept):1,-1.10049845096333,0.0418621209012686,TRUE,16
(Intercept):2,-1.56655873504274,0.0578796370432526,TRUE,16
Covariate:1,0.508824640633135,0.0591789280952393,TRUE,16
Covariate:2,-0.581352733016546,0.0768193624770369,TRUE,16
1-1,0.121335379043126,0.042885628378336,TRUE,16
1-2,0.00400627834254487,0.0211599294625326,TRUE,16
1-3,0.000689843638774093,0.0133822781936584,TRUE,16
2-2,0.159657344947682,0.0501724854582305,TRUE,16
2-3,-0.00218039470793819,0.0159392824862651,TRUE,16
3-3,-0.205477315930315,0.0288226424425574,TRUE,16
(Intercept):1,-1.01198389098575,0.0455974938506239,TRUE,16
(Intercept):2,-1.5040745381331,0.0542878724882552,TRUE,16
Covariate:1,0.41461668594266,0.0670675008587254,TRUE,16
Covariate:2,-0.423857761945092,0.0738630209352718,TRUE,16
1-1,0.0123083867945359,0.0435752528940555,TRUE,16
1-2,-0.021949152388439,0.0202153715733217,TRUE,16
1-3,-0.000498788232324077,0.0143218761671126,TRUE,16
2-2,0.164707088678151,0.0533076742691598,TRUE,16
2-3,-0.00653592823346287,0.0160243575993625,TRUE,16
3-3,-0.211440782907255,0.0290569597593663,TRUE,16
(Intercept):1,-1.05006280459975,0.0438528258789037,TRUE,16
(Intercept):2,-1.63875303495636,0.0560745755372657,TRUE,16
Covariate:1,0.464678776951308,0.0639467992044056,TRUE,16
Covariate:2,-0.571921997275747,0.0774380042353376,TRUE,16
1-1,0.0859112566040852,0.0395766789271263,TRUE,16
1-2,-0.00220012825269356,0.0216790018938562,TRUE,16
1-3,-0.0151819914626399,0.0139472704395397,TRUE,16
2-2,0.215999914683493,0.0556774826506853,TRUE,16
2-3,0.015583569739977,0.0158106799173817,TRUE,16
3-3,-0.220447950860853,0.0286978604290221,TRUE,16
(Intercept):1,-1.10927454730528,0.0426442146060712,TRUE,16
(Intercept):2,-1.62146718770174,0.0568790452363301,TRUE,16
Covariate:1,0.434867341815051,0.0611215596886709,TRUE,16
Covariate:2,-0.46896834862853,0.0733774486626796,TRUE,16
1-1,0.118655511430679,0.0421519520414255,TRUE,16
1-2,0.00169507569727074,0.0218090802497547,TRUE,16
1-3,-0.0186210568350669,0.013664622506749,TRUE,16
2-2,0.2566529517234,0.0508776532158431,TRUE,16
2-3,-0.0169133080330151,0.0158507721496508,TRUE,16
3-3,-0.215100046175957,0.0284015979532638,TRUE,16
(Intercept):1,-1.09873945829975,0.0430971032299568,TRUE,16
(Intercept):2,-1.6943785946561,0.0588827577895301,TRUE,16
Covariate:1,0.554528372700244,0.0636837376301838,TRUE,16
Covariate:2,-0.616042078698039,0.076743637399157,TRUE,16
1-1,0.0895370786678132,0.0419989596106996,TRUE,16
1-2,0.0565808487143674,0.020974251332714,FALSE,16
1-3,0.000478580718375703,0.0137394966361816,TRUE,16
2-2,0.164272392895187,0.0565387142652368,TRUE,16
2-3,0.011427102004931,0.0153682088811269,TRUE,16
3-3,-0.182826604242131,0.0283262093576332,TRUE,16
(Intercept):1,-1.14098571621699,0.0443568497377048,TRUE,16
(Intercept):2,-1.5993335574439,0.0569964052998488,TRUE,16
Covariate:1,0.503051840040122,0.0675284257523897,TRUE,16
Covariate:2,-0.685886392900553,0.0702812227797679,FALSE,16
1-1,0.0887672399032731,0.0396999936457086,TRUE,16
1-2,0.0110155588896006,0.0207253070544947,TRUE,16
1-3,-0.0257752008173082,0.0134002419651268,TRUE,16
2-2,0.166639618216505,0.0568242517895957,TRUE,16
2-3,-0.0229959978528678,0.0158862187754345,TRUE,16
3-3,-0.266878940401554,0.0290505143893461,TRUE,16
(Intercept):1,-1.12333529802792,0.0428843537336739,TRUE,16
(Intercept):2,-1.62650378967798,0.0559229475815248,TRUE,16
Covariate:1,0.527932089850182,0.0640066596413661,TRUE,16
Covariate:2,-0.566468771354932,0.079470816234622,TRUE,16
1-1,0.0648716907851921,0.0398005607363496,TRUE,16
1-2,-0.012495991889915,0.0214630078078441,TRUE,16
1-3,0.00558698682491023,0.013383682758815,TRUE,16
2-2,0.237779828359944,0.0486754845482027,TRUE,16
2-3,-0.00592638338741215,0.0153780510597603,TRUE,16
3-3,-0.22088631416168,0.0288005031294954,TRUE,16
(Intercept):1,-1.13513612248913,0.0439461763863984,TRUE,16
(Intercept):2,-1.58152604581133,0.0540584072788808,TRUE,16
Covariate:1,0.441993781761121,0.0630676566717201,TRUE,16
Covariate:2,-0.3807198274224,0.0719085219049344,TRUE,16
1-1,0.0482119615469104,0.0444836382273469,TRUE,16
1-2,0.0123242491603413,0.0216005879895505,TRUE,16
1-3,-0.00734472651832412,0.0142402871560673,TRUE,16
2-2,0.177157120315469,0.056978476080941,TRUE,16
2-3,-0.0262858656518736,0.0152945885779183,TRUE,16
3-3,-0.254406683108706,0.0292131216396156,TRUE,16
(Intercept):1,-1.06631805099583,0.0416184631753596,TRUE,16
(Intercept):2,-1.55230325116744,0.0548474944158849,TRUE,16
Covariate:1,0.48027100030812,0.0672812437317583,TRUE,16
Covariate:2,-0.455983218028666,0.0767020286092446,TRUE,16
1-1,0.0229784378968691,0.0421861312234273,TRUE,16
1-2,-0.00218460681550932,0.0212436438756024,TRUE,16
1-3,0.00543942437819953,0.0141888073284022,TRUE,16
2-2,0.200109038722981,0.0514775687097304,TRUE,16
2-3,-0.0181608741648594,0.0158429846117919,TRUE,16
3-3,-0.237527707741257,0.0287093862444469,TRUE,16
(Intercept):1,-1.06674604848228,0.0440453015731182,TRUE,16
(Intercept):2,-1.6255971516909,0.0579382865960816,TRUE,16
Covariate:1,0.482891685343038,0.0631956607506556,TRUE,16
Covariate:2,-0.60252538897789,0.0797811913656782,TRUE,16
1-1,0.0949969687859825,0.039544641994514,TRUE,16
1-2,0.00339629544376471,0.0213437368501892,TRUE,16
1-3,-0.00593915671776407,0.0139722301159189,TRUE,16
2-2,0.0980556950838838,0.0574642354846365,TRUE,16
2-3,0.00585394265083073,0.0150492783428951,TRUE,16
3-3,-0.205304729814471,0.0278392810834429,TRUE,16
(Intercept):1,-1.06085105405162,0.0414017073156981,TRUE,16
(Intercept):2,-1.70220651630765,0.0589039770902533,TRUE,16
Covariate:1,0.448080666261551,0.0616107807964493,TRUE,16
Covariate:2,-0.511527519065004,0.0796150632716146,TRUE,16
1-1,0.0474025191154094,0.0414941595197422,TRUE,16
1-2,-0.010704078958014,0.0218488192644623,TRUE,16
1-3,-0.0340093007341171,0.0131714373590008,FALSE,16
2-2,0.201592234802358,0.0564017473818982,TRUE,16
2-3,-0.0120641304275088,0.0160201367899094,TRUE,16
3-3,-0.250610493323284,0.0278064668152362,TRUE,16
(Intercept):1,-1.12653364933908,0.0459821095397885,TRUE,16
(Intercept):2,-1.65925622850423,0.0595277559281584,TRUE,16
Covariate:1,0.605632245149298,0.0626593414917931,TRUE,16
Covariate:2,-0.513372790449955,0.0818039458067625,TRUE,16
1-1,0.0663398518939688,0.0403645073484541,TRUE,16
1-2,0.0177992815781643,0.021296182229379,TRUE,16
1-3,-0.003168707293543,0.0148793845913378,TRUE,16
2-2,0.227972617590638,0.0579722121272561,TRUE,16
2-3,-0.00682136083877221,0.0167897116749048,TRUE,16
3-3,-0.21245791848031,0.0296773226540861,TRUE,16
(Intercept):1,-1.04031256855582,0.0426766131366708,TRUE,16
(Intercept):2,-1.61503055443515,0.0548530400948958,TRUE,16
Covariate:1,0.439883496122803,0.0677312856858755,TRUE,16
Covariate:2,-0.417300112196301,0.0746451013987781,TRUE,16
1-1,0.0562761615710908,0.0433278255446362,TRUE,16
1-2,-0.0275581594964287,0.0208821420351157,TRUE,16
1-3,-0.0180838665231511,0.0136326209702499,TRUE,16
2-2,0.104117402343755,0.0648944981160185,TRUE,16
2-3,-0.0129088700834965,0.015988345779245,TRUE,16
3-3,-0.25851480502851,0.0293771895388808,TRUE,16
(Intercept):1,-1.06616884207583,0.0413584750346855,TRUE,16
(Intercept):2,-1.63875638863002,0.0548090933620619,TRUE,16
Covariate:1,0.528757002106109,0.0646328053471538,TRUE,16
Covariate:2,-0.697506234012914,0.0806513918944357,FALSE,16
1-1,0.0897821955418064,0.0375804937654143,TRUE,16
1-2,0.0135506801520915,0.0209726062462775,TRUE,16
1-3,-0.0302637986315689,0.0135996193977381,FALSE,16
2-2,0.144831702328218,0.0585188829837711,TRUE,16
2-3,-0.015809927216133,0.0162930200956268,TRUE,16
3-3,-0.195195771101027,0.0293226539147804,TRUE,16
(Intercept):1,-1.12852451053691,0.0424398906967329,TRUE,16
(Intercept):2,-1.62642180129224,0.0582325594942708,TRUE,16
Covariate:1,0.499860755813428,0.0654666924815705,TRUE,16
Covariate:2,-0.519557402253364,0.0793146194914556,TRUE,16
1-1,0.128500400578425,0.0401773166234065,TRUE,16
1-2,-0.0305031760820891,0.0224481992714466,TRUE,16
1-3,-0.00215984350080886,0.0138701118280705,TRUE,16
2-2,0.140381976738006,0.0568160249947797,TRUE,16
2-3,-0.0106900058723737,0.0164768465049159,TRUE,16
3-3,-0.239665040427531,0.0296287220534534,TRUE,16
(Intercept):1,-1.08934708077869,0.0429244615554727,TRUE,16
(Intercept):2,-1.63366317158164,0.0591915063836253,TRUE,16
Covariate:1,0.57396892128905,0.0650846422416243,TRUE,16
Covariate:2,-0.586548824109134,0.075258225658836,TRUE,16
1-1,0.0934061123881883,0.0414183808697168,TRUE,16
1-2,0.0114043910613412,0.0219379098147801,TRUE,16
1-3,-0.00347637575690684,0.0138613338795168,TRUE,16
2-2,0.12847477952361,0.0558173022618715,TRUE,16
2-3,0.00289333137918203,0.016624761106752,TRUE,16
3-3,-0.245801529847361,0.0297323994313865,TRUE,16
(Intercept):1,-1.05144511663548,0.0419821501494074,TRUE,16
(Intercept):2,-1.52217550747598,0.0584745062317985,TRUE,16
Covariate:1,0.586589017377498,0.0652716610292712,TRUE,16
Covariate:2,-0.469808123268818,0.0806604368443344,TRUE,16
1-1,0.108807950523154,0.0411464174848926,TRUE,16
1-2,-0.0398514488928659,0.0210481002415044,TRUE,16
1-3,-0.00425261981345288,0.0142805565797186,TRUE,16
2-2,0.143014192625409,0.0548334375851886,TRUE,16
2-3,-0.0193420114308318,0.0170827134390518,TRUE,16
3-3,-0.20140368233398,0.0289397150699401,TRUE,16
(Intercept):1,-1.1453674557438,0.0449269021866821,TRUE,16
(Intercept):2,-1.7281231702488,0.0597280106561449,FALSE,16
Covariate:1,0.614491928753165,0.0666135170155591,TRUE,16
Covariate:2,-0.462923392773191,0.0771501543808445,TRUE,16
1-1,0.116673519825423,0.0401066741079821,TRUE,16
1-2,0.0356795321671993,0.0216050672675143,TRUE,16
1-3,0.00599393999412243,0.0142285455583385,TRUE,16
2-2,0.164772208240536,0.0608879006922604,TRUE,16
2-3,0.0183508787647075,0.0162502893952057,TRUE,16
3-3,-0.223342369209764,0.0284583389912477,TRUE,16
(Intercept):1,-1.104609109654,0.0440718995024836,TRUE,16
(Intercept):2,-1.57935319042466,0.0581535811742973,TRUE,16
Covariate:1,0.4314440609372,0.0651758938731829,TRUE,16
Covariate:2,-0.492150383524105,0.0744978013373922,TRUE,16
1-1,0.0373960783425475,0.0429897489045528,TRUE,16
1-2,0.000734339966232812,0.0214130487318894,TRUE,16
1-3,0.00181547871909213,0.0139573359996269,TRUE,16
2-2,0.078838101169942,0.0659333531095484,TRUE,16
2-3,-0.0167488471709993,0.0159319860574759,TRUE,16
3-3,-0.240594210928027,0.0273720433516559,TRUE,16
(Intercept):1,-1.04969758358292,0.043323695048569,TRUE,16
(Intercept):2,-1.55270995827456,0.0571049695569807,TRUE,16
Covariate:1,0.465500530434039,0.0655227728489211,TRUE,16
Covariate:2,-0.365329876143576,0.0733250138070086,TRUE,16
1-1,0.0359246634434192,0.0419251911148237,TRUE,16
1-2,-0.0380138430701506,0.0211827588813665,TRUE,16
1-3,-0.0134111157884618,0.0137295056606208,TRUE,16
2-2,0.200479078293251,0.0590695007708527,TRUE,16
2-3,-0.0151959974440282,0.0165071201544655,TRUE,16
3-3,-0.274810399252596,0.0312231087544092,TRUE,16
(Intercept):1,-1.0975589128485,0.0416104991601575,TRUE,16
(Intercept):2,-1.66032291081776,0.0555302203087641,TRUE,16
Covariate:1,0.41894219383171,0.0636746699425185,TRUE,16
Covariate:2,-0.602629147230206,0.0745486103886039,TRUE,16
1-1,0.106241841731936,0.0395046908082892,TRUE,16
1-2,0.017177916188231,0.0218189026925535,TRUE,16
1-3,-0.00564156277114556,0.0141735995595543,TRUE,16
2-2,0.260129869736283,0.0570905866242,TRUE,16
2-3,0.00612853632085721,0.0160880499965365,TRUE,16
3-3,-0.272390106540073,0.0304087611311318,TRUE,16
(Intercept):1,-1.05793504854552,0.040021409398072,TRUE,16
(Intercept):2,-1.61052251803767,0.0581351987886076,TRUE,16
Covariate:1,0.441665498065532,0.0615794030346567,TRUE,16
Covariate:2,-0.437281953005774,0.0754905026515565,TRUE,16
1-1,0.102294873850557,0.0367599072560789,TRUE,16
1-2,-0.000919108605066491,0.0203824961050264,TRUE,16
1-3,0.00666093702308147,0.0133079051756181,TRUE,16
2-2,0.232527219017872,0.0564273065479133,TRUE,16
2-3,-0.0151650751213015,0.0162317237759984,TRUE,16
3-3,-0.238959203179483,0.029192023520674,TRUE,16
(Intercept):1,-1.10857042731623,0.042724966660123,TRUE,16
(Intercept):2,-1.57531417337091,0.0542832782368837,TRUE,16
Covariate:1,0.45203750738264,0.0619077194946594,TRUE,16
Covariate:2,-0.484345524190822,0.0727860693042863,TRUE,16
1-1,0.0318576776780547,0.0446929516026429,TRUE,16
1-2,-0.0147989353359637,0.0213214304867349,TRUE,16
1-3,0.0155150850552009,0.0142102630906668,TRUE,16
2-2,0.249705626124948,0.0518285816212792,TRUE,16
2-3,-0.00269834278010093,0.0164728797279688,TRUE,16
3-3,-0.240767706370785,0.0283872074451915,TRUE,16
(Intercept):1,-1.04824571407826,0.042322614833798,TRUE,16
(Intercept):2,-1.54077056159406,0.0569951658355561,TRUE,16
Covariate:1,0.398057292310469,0.063118272874183,TRUE,16
Covariate:2,-0.466049545640203,0.0765643498372092,TRUE,16
1-1,0.104376095302496,0.0366504884714055,TRUE,16
1-2,-0.0309482746202068,0.0229167217645266,TRUE,16
1-3,-0.0241446723116767,0.0138894126489962,TRUE,16
2-2,0.110297302553056,0.0591488696349865,TRUE,16
2-3,-0.018928731499113,0.0163526981198721,TRUE,16
3-3,-0.239913234403566,0.0273297260800007,TRUE,16
(Intercept):1,-1.07823559647333,0.0435541203008545,TRUE,16
(Intercept):2,-1.59800508431335,0.0550628481254948,TRUE,16
Covariate:1,0.476519850587207,0.0657374525382731,TRUE,16
Covariate:2,-0.414242317265237,0.0751139857519314,TRUE,16
1-1,0.0961208702903313,0.0409342518898958,TRUE,16
1-2,-0.036857801325941,0.0218929640385294,TRUE,16
1-3,-0.00474291680686412,0.0135696217053263,TRUE,16
2-2,-0.0437503249111288,0.0711783900617452,FALSE,16
2-3,0.0223036771177744,0.0156286915528726,TRUE,16
3-3,-0.290891925887958,0.0298737146097664,FALSE,16
(Intercept):1,-1.04401544173059,0.0397103676904309,TRUE,16
(Intercept):2,-1.67257394640959,0.0567651838354435,TRUE,16
Covariate:1,0.535977584333963,0.0651942981121397,TRUE,16
Covariate:2,-0.459153295494336,0.0765221748614895,TRUE,16
1-1,0.0101239837341165,0.0437321813678457,TRUE,16
1-2,-0.00298260376559307,0.0221690193939989,TRUE,16
1-3,-0.0176308436876147,0.013792499927804,TRUE,16
2-2,0.188912892500944,0.0623491595781328,TRUE,16
2-3,0.00156568072102301,0.0159092918621429,TRUE,16
3-3,-0.25245020644193,0.0290257177591997,TRUE,16
(Intercept):1,-1.11839564242239,0.0438881092392994,TRUE,16
(Intercept):2,-1.57428777742202,0.0574643051317849,TRUE,16
Covariate:1,0.541369729832764,0.065209210639606,TRUE,16
Covariate:2,-0.387082440382876,0.0753023343651006,TRUE,16
1-1,0.129481503308316,0.0402541955142805,TRUE,16
1-2,-0.0118809456238499,0.0214182762159049,TRUE,16
1-3,0.0102132428058067,0.0141048220734787,TRUE,16
2-2,0.070423366855556,0.0615913593133818,TRUE,16
2-3,0.0093470109266789,0.016584551327475,TRUE,16
3-3,-0.237663980201514,0.0279355066750189,TRUE,16
(Intercept):1,-1.17492302096097,0.0459627553534462,TRUE,16
(Intercept):2,-1.74522631184512,0.0559750973011115,FALSE,16
Covariate:1,0.425102861032821,0.0667252767573824,TRUE,16
Covariate:2,-0.485911965057103,0.0791128718812465,TRUE,16
1-1,0.104302016396876,0.0408910129521449,TRUE,16
1-2,0.0450079494488537,0.0208848235018537,FALSE,16
1-3,-0.00271103965772028,0.0141966801130867,TRUE,16
2-2,0.21415559627621,0.0598559642535597,TRUE,16
2-3,0.00566899500898007,0.0152347129463043,TRUE,16
3-3,-0.253409139642318,0.0281329711476815,TRUE,16
(Intercept):1,-1.09077664576626,0.0404053711954457,TRUE,16
(Intercept):2,-1.57285170940202,0.0547182808028088,TRUE,16
Covariate:1,0.538512233045992,0.060370495797901,TRUE,16
Covariate:2,-0.487144289973983,0.0762196175755831,TRUE,16
1-1,0.150649132045621,0.036351619010267,TRUE,16
1-2,0.0163242641552354,0.0201532261539439,TRUE,16
1-3,-0.0194764114324914,0.013792453973651,TRUE,16
2-2,0.1866262571783,0.0592387891126201,TRUE,16
2-3,-0.0347969265312808,0.0154256626686063,FALSE,16
3-3,-0.216085387467491,0.0269667842318341,TRUE,16
(Intercept):1,-1.0893883845327,0.0439148933633509,TRUE,16
(Intercept):2,-1.57711544196088,0.0566052580520145,TRUE,16
Covariate:1,0.477587072970104,0.0639787249017646,TRUE,16
Covariate:2,-0.487540860223469,0.0758039884885657,TRUE,16
1-1,0.101581917846203,0.0422043230900568,TRUE,16
1-2,0.000512001231518554,0.0208715611505875,TRUE,16
1-3,-0.000773221266728337,0.0145518793918126,TRUE,16
2-2,0.0145716516450603,0.0695513038334847,FALSE,16
2-3,0.0112502572213318,0.0167351092907962,TRUE,16
3-3,-0.195048936106104,0.0298073193856302,TRUE,16
(Intercept):1,-1.21639073007597,0.0442105444341639,FALSE,16
(Intercept):2,-1.62049087373475,0.0580640267002051,TRUE,16
Covariate:1,0.445771155355153,0.0642924809702722,TRUE,16
Covariate:2,-0.378612884341889,0.0765809595555598,TRUE,16
1-1,0.201111418618416,0.0433815437082228,FALSE,16
1-2,0.0398160956205012,0.022342773514266,TRUE,16
1-3,0.0184931482776595,0.0143871789739881,TRUE,16
2-2,0.284424607196708,0.0517073610106317,FALSE,16
2-3,-0.0155109545277953,0.0166217825545184,TRUE,16
3-3,-0.235879958143317,0.0297961158985786,TRUE,16
(Intercept):1,-1.12631653439503,0.0435315492256972,TRUE,16
(Intercept):2,-1.69043278277029,0.0574759106952642,TRUE,16
Covariate:1,0.362397278518984,0.0629420127500732,FALSE,16
Covariate:2,-0.54685586619316,0.0793071367639231,TRUE,16
1-1,0.147520604177122,0.0417394745706148,TRUE,16
1-2,0.0154437823641778,0.0207181712022359,TRUE,16
1-3,-0.00945649636122533,0.0141660751261202,TRUE,16
2-2,0.0956757094630935,0.0610841895134812,TRUE,16
2-3,0.0284015651275548,0.0160207327958527,TRUE,16
3-3,-0.267226489671004,0.0295953259761485,TRUE,16
(Intercept):1,-0.966658315884312,0.0433118118908576,FALSE,16
(Intercept):2,-1.53290278987693,0.0548989672268676,TRUE,16
Covariate:1,0.521320606267799,0.0592294774137031,TRUE,16
Covariate:2,-0.403325400730369,0.075756715244041,TRUE,16
1-1,0.0762733869773579,0.0442923809880982,TRUE,16
1-2,-0.032385655189682,0.0211846993120214,TRUE,16
1-3,-0.0173708611478129,0.0139379986893982,TRUE,16
2-2,0.109097909675153,0.0583211995851838,TRUE,16
2-3,0.00362608334208167,0.0162927160308294,TRUE,16
3-3,-0.230707313042889,0.030788779372274,TRUE,16
(Intercept):1,-1.14348748809994,0.0409246810576108,TRUE,16
(Intercept):2,-1.64303755775976,0.0561039254105595,TRUE,16
Covariate:1,0.440498027451997,0.0624445251625852,TRUE,16
Covariate:2,-0.379513873240335,0.0718562657688239,TRUE,16
1-1,0.0822839325354477,0.041535473879007,TRUE,16
1-2,0.0260386091408961,0.0212183153411834,TRUE,16
1-3,0.0188730449792894,0.0137721567991046,TRUE,16
2-2,0.141268225723832,0.066186262474446,TRUE,16
2-3,-0.00464961301962607,0.0164490223275599,TRUE,16
3-3,-0.241354441442339,0.0283645981521729,TRUE,16
(Intercept):1,-1.04428645550584,0.0411090119409231,TRUE,16
(Intercept):2,-1.54394929921767,0.0572375914892213,TRUE,16
Covariate:1,0.468465354432674,0.0617202442466293,TRUE,16
Covariate:2,-0.482815851897269,0.0777437316364745,TRUE,16
1-1,0.0894329575381978,0.0408252477896759,TRUE,16
1-2,-0.00657327921080184,0.0212315512633098,TRUE,16
1-3,0.0110995729809405,0.0137104233126866,TRUE,16
2-2,0.233019376063223,0.0506718282419251,TRUE,16
2-3,0.0101757134731853,0.0155155280580185,TRUE,16
3-3,-0.169663029242953,0.0269791874913848,FALSE,16
(Intercept):1,-1.02785269323732,0.042338144772993,TRUE,16
(Intercept):2,-1.57815098584371,0.0587144309382608,TRUE,16
Covariate:1,0.44205020381029,0.0635955091026576,TRUE,16
Covariate:2,-0.669768235114534,0.0762413334881602,FALSE,16
1-1,0.0956108089361156,0.0411180634741205,TRUE,16
1-2,-0.0375233031985264,0.0229489039789523,TRUE,16
1-3,-0.021520811663651,0.0144408658358723,TRUE,16
2-2,0.146886387844971,0.0592101646313974,TRUE,16
2-3,-0.0026147723337252,0.016513644284265,TRUE,16
3-3,-0.220315507279849,0.0295126105676399,TRUE,16
(Intercept):1,-1.035125252097,0.0423568684745683,TRUE,16
(Intercept):2,-1.68290686721182,0.0579659565250598,TRUE,16
Covariate:1,0.614922618664968,0.0650596548758027,TRUE,16
Covariate:2,-0.52614457558041,0.0778311184739008,TRUE,16
1-1,0.107015111836541,0.0422246056826107,TRUE,16
1-2,0.0129319069988679,0.0209785555778132,TRUE,16
1-3,-0.0154756254382052,0.0139027106945925,TRUE,16
2-2,0.218346177128465,0.0554598406062489,TRUE,16
2-3,0.00396575317236063,0.0155314208086904,TRUE,16
3-3,-0.225661988037174,0.0283004211466306,TRUE,16
(Intercept):1,-1.05507643258832,0.0405462334895244,TRUE,16
(Intercept):2,-1.54340413742426,0.0556255792908302,TRUE,16
Covariate:1,0.434142935696956,0.0646036130406853,TRUE,16
Covariate:2,-0.430798254292232,0.0747511752265483,TRUE,16
1-1,0.109313253756324,0.0398614366641655,TRUE,16
1-2,-0.0155217181953715,0.0207941926764769,TRUE,16
1-3,-0.01217680396266,0.0126771400436103,TRUE,16
2-2,0.209580951253436,0.0520282246695107,TRUE,16
2-3,-0.021882607419897,0.0153570762350257,TRUE,16
3-3,-0.24113180458861,0.0271206429025612,TRUE,16
(Intercept):1,-1.13312308451671,0.0453851016512716,TRUE,16
(Intercept):2,-1.69491594383745,0.0615414101508352,TRUE,16
Covariate:1,0.610556920392559,0.0646271584720946,TRUE,16
Covariate:2,-0.367091399674036,0.0782375291808246,TRUE,16
1-1,0.122617660836137,0.0423383898276638,TRUE,16
1-2,0.011552867619447,0.0231812041916169,TRUE,16
1-3,-0.0011949425742077,0.0150429677872874,TRUE,16
2-2,0.146744582847879,0.0564178835667323,TRUE,16
2-3,0.0144135473203139,0.0175783315990141,TRUE,16
3-3,-0.234979105886818,0.0303388566850912,TRUE,16
(Intercept):1,-1.09368718466828,0.0420700464128573,TRUE,16
(Intercept):2,-1.67450995093829,0.057105563889897,TRUE,16
Covariate:1,0.579875792706615,0.0655356760868474,TRUE,16
Covariate:2,-0.586586379438919,0.0787647118159645,TRUE,16
1-1,0.0765855567691091,0.0396752066374359,TRUE,16
1-2,0.0391960352875061,0.0210156973381157,TRUE,16
1-3,0.000683451804947747,0.01352847582901,TRUE,16
2-2,0.158128304290973,0.0620601882800083,TRUE,16
2-3,-0.00184171094439608,0.0158282954730529,TRUE,16
3-3,-0.196748623261876,0.0279463640821194,TRUE,16
(Intercept):1,-1.05153649966211,0.0422797576775501,TRUE,16
(Intercept):2,-1.59136278694809,0.0541881245423439,TRUE,16
Covariate:1,0.41551301837454,0.0626054670747262,TRUE,16
Covariate:2,-0.565875034832675,0.0772743048819738,TRUE,16
1-1,0.0309446045943746,0.0420386800757413,TRUE,16
1-2,-0.032985578910152,0.0213026505116836,TRUE,16
1-3,-0.0210505453462818,0.013856920342338,TRUE,16
2-2,0.151101693766027,0.0549534282996429,TRUE,16
2-3,-0.00338975847658682,0.0154452721543753,TRUE,16
3-3,-0.216843181542902,0.028155563577794,TRUE,16
(Intercept):1,-1.09199349327473,0.0440737582970721,TRUE,16
(Intercept):2,-1.52199399394073,0.0557194488848872,TRUE,16
Covariate:1,0.517611122085153,0.0682586257062177,TRUE,16
Covariate:2,-0.40021323261126,0.0723009062262941,TRUE,16
1-1,0.107361935544303,0.038841957329415,TRUE,16
1-2,-0.0232432684739371,0.0205552338007107,TRUE,16
1-3,-0.0296176460804721,0.0139814538041386,FALSE,16
2-2,0.0829761840046737,0.0577463295520216,TRUE,16
2-3,-0.0162929758749335,0.0157419277070943,TRUE,16
3-3,-0.278375642674344,0.0295244737982606,TRUE,16
(Intercept):1,-0.97504467879973,0.0420186512381181,FALSE,16
(Intercept):2,-1.62005076192023,0.0576110550715701,TRUE,16
Covariate:1,0.414619499817556,0.0643954031328913,TRUE,16
Covariate:2,-0.536773735468847,0.077242319152674,TRUE,16
1-1,0.0144070751758605,0.0413164055059016,TRUE,16
1-2,0.0103006975335389,0.0200695649715961,TRUE,16
1-3,-0.0328336392637404,0.0140344556905594,FALSE,16
2-2,0.182049995592538,0.0552609261580514,TRUE,16
2-3,-0.00791801753317013,0.0154028272729315,TRUE,16
3-3,-0.255434831033371,0.0295261711998748,TRUE,16
(Intercept):1,-1.08884231967378,0.0441878262689497,TRUE,16
(Intercept):2,-1.72782856464473,0.0604425303409057,TRUE,16
Covariate:1,0.507142965226396,0.0628825617584605,TRUE,16
Covariate:2,-0.474488905811153,0.0755457200600403,TRUE,16
1-1,0.0982386639398923,0.0384346942987035,TRUE,16
1-2,0.0104272899260564,0.0207226093422918,TRUE,16
1-3,-0.0155965191958457,0.0136734770905743,TRUE,16
2-2,0.16262190996971,0.0601949098133099,TRUE,16
2-3,0.0174346352150378,0.0163774064710452,TRUE,16
3-3,-0.234926629393864,0.0288245553564521,TRUE,16
(Intercept):1,-1.15906123175606,0.0443986048513931,TRUE,16
(Intercept):2,-1.71671373604111,0.057087399671846,TRUE,16
Covariate:1,0.486388558411286,0.0674210269858472,TRUE,16
Covariate:2,-0.37755492182289,0.0721805791616805,TRUE,16
1-1,0.13154039013647,0.0412927506558129,TRUE,16
1-2,-0.0107498346903636,0.0210632567513119,TRUE,16
1-3,0.0143164191960257,0.01415113221942,TRUE,16
2-2,0.247710686938989,0.0534461806074797,TRUE,16
2-3,0.037635975961545,0.0157979344147289,FALSE,16
3-3,-0.199491508170594,0.0285003689411276,TRUE,16
(Intercept):1,-1.10105710893862,0.0437925766344947,TRUE,16
(Intercept):2,-1.60155345728183,0.0580092482774639,TRUE,16
Covariate:1,0.498646024002905,0.0653480387411673,TRUE,16
Covariate:2,-0.428264800393937,0.0790772158465501,TRUE,16
1-1,0.0768995865698671,0.0437901725479717,TRUE,16
1-2,-0.00656304279114453,0.0211896249286747,TRUE,16
1-3,-0.002774370430715,0.0138697437505523,TRUE,16
2-2,0.0992191933165901,0.0588463850005016,TRUE,16
2-3,-0.00814182306668814,0.0158326150625826,TRUE,16
3-3,-0.240424596917054,0.0299130014811845,TRUE,16
(Intercept):1,-1.13730466174253,0.0422338883101911,TRUE,16
(Intercept):2,-1.62026220906795,0.0572961839432185,TRUE,16
Covariate:1,0.556540658739544,0.062670061755453,TRUE,16
Covariate:2,-0.422918848112228,0.0787401429939781,TRUE,16
1-1,0.108065826147866,0.0409257988933855,TRUE,16
1-2,-0.0196788681639014,0.021284598792655,TRUE,16
1-3,-0.0341188028246361,0.0143382153426985,FALSE,16
2-2,0.188081620064392,0.0565668466587344,TRUE,16
2-3,-0.0455502692799411,0.0168792512146748,FALSE,16
3-3,-0.298002576094697,0.0292735470072693,FALSE,16
(Intercept):1,-1.12762146775503,0.0442388123590248,TRUE,16
(Intercept):2,-1.69854364469266,0.0588437145801842,TRUE,16
Covariate:1,0.587284802579454,0.0674904289506245,TRUE,16
Covariate:2,-0.474282344205794,0.0779373899389322,TRUE,16
1-1,0.0932911896334581,0.0398818876100945,TRUE,16
1-2,0.0237958934242111,0.0216022500208354,TRUE,16
1-3,0.00617469028879665,0.014245733603706,TRUE,16
2-2,0.208211564071686,0.0526602583097015,TRUE,16
2-3,0.0110990370566454,0.0173312355744768,TRUE,16
3-3,-0.229177177361322,0.0299929866207174,TRUE,16
(Intercept):1,-1.09693551237241,0.043723044515533,TRUE,16
(Intercept):2,-1.56383923525957,0.058060202297065,TRUE,16
Covariate:1,0.495684631855252,0.0600881408773918,TRUE,16
Covariate:2,-0.510833671790575,0.0750128116757531,TRUE,16
1-1,0.0453886331741354,0.0435288142540754,TRUE,16
1-2,0.00433338079634709,0.0201508260938862,TRUE,16
1-3,-0.00452721422322197,0.0137234774168642,TRUE,16
2-2,0.217797840993269,0.0548908500120507,TRUE,16
2-3,0.00230241408678455,0.0158573713445477,TRUE,16
3-3,-0.211271162335719,0.0281471574571049,TRUE,16
(Intercept):1,-1.0201099683171,0.04238518367349,TRUE,16
(Intercept):2,-1.53188464122303,0.0553862699429878,TRUE,16
Covariate:1,0.490987291953332,0.0642650389080206,TRUE,16
Covariate:2,-0.492435906530151,0.0785080717611651,TRUE,16
1-1,0.0342510290638972,0.0419227915212006,TRUE,16
1-2,-0.0353352732733136,0.0218045184788137,TRUE,16
1-3,-8.80442079242264e-07,0.0137024174121007,TRUE,16
2-2,0.18244829398893,0.0584632751522771,TRUE,16
2-3,-0.0197334944193315,0.0161064989502877,TRUE,16
3-3,-0.210957035196896,0.0301625297535173,TRUE,16
(Intercept):1,-1.0815242748957,0.0405699190756308,TRUE,16
(Intercept):2,-1.53910882389103,0.0589834023545992,TRUE,16
Covariate:1,0.416025949886866,0.0620385190585789,TRUE,16
Covariate:2,-0.53115384772418,0.0804203696935732,TRUE,16
1-1,0.106544180699637,0.0398097208916428,TRUE,16
1-2,-0.0417589415025605,0.0231809446190097,TRUE,16
1-3,0.00386337507214076,0.0145163102306899,TRUE,16
2-2,0.123114046912351,0.0661887812582911,TRUE,16
2-3,-0.00627051600329214,0.0163091314991423,TRUE,16
3-3,-0.258431462117626,0.0290409028198153,TRUE,16
(Intercept):1,-1.13955436060664,0.0438812388259977,TRUE,16
(Intercept):2,-1.59437202142513,0.0556196186099138,TRUE,16
Covariate:1,0.507739365963773,0.0668960340169314,TRUE,16
Covariate:2,-0.444597786978632,0.0806328027391646,TRUE,16
1-1,0.115797937297918,0.0388313677470007,TRUE,16
1-2,0.00675724038738167,0.0203294972920886,TRUE,16
1-3,0.00530837797871209,0.0141718856538695,TRUE,16
2-2,0.166844346197355,0.058319005778856,TRUE,16
2-3,-0.0232111624160603,0.0158509799809637,TRUE,16
3-3,-0.270651473523115,0.029066025241007,TRUE,16
(Intercept):1,-1.07363435763418,0.0426139549794238,TRUE,16
(Intercept):2,-1.57432728558634,0.0575681520385391,TRUE,16
Covariate:1,0.473720948092637,0.0631970686835484,TRUE,16
Covariate:2,-0.335232430711147,0.0749292969756902,FALSE,16
1-1,0.0466902179855654,0.0401084666252254,TRUE,16
1-2,-0.00695588514330476,0.0205404685424208,TRUE,16
1-3,-0.0181947044469012,0.0138473018670113,TRUE,16
2-2,0.201762145098177,0.0580232891424945,TRUE,16
2-3,-0.0159238385016345,0.0162034124776457,TRUE,16
3-3,-0.25938790649302,0.0298594776572636,TRUE,16
(Intercept):1,-1.14217626716458,0.0431945434288921,TRUE,16
(Intercept):2,-1.44835435092165,0.0565297562194269,FALSE,16
Covariate:1,0.483797530735811,0.0633492091189134,TRUE,16
Covariate:2,-0.469691465891123,0.0789586630679186,TRUE,16
1-1,0.173463282713079,0.0380484651061769,FALSE,16
1-2,-0.0321118341508514,0.021637600160958,TRUE,16
1-3,-0.00953144909159473,0.0138896392346176,TRUE,16
2-2,0.102544813950447,0.0550827175179424,TRUE,16
2-3,-0.0313960228111563,0.0156227572185561,FALSE,16
3-3,-0.242056564679088,0.0280797055913221,TRUE,16
(Intercept):1,-1.12533242713591,0.043278953423194,TRUE,16
(Intercept):2,-1.59046193834651,0.0560342484311667,TRUE,16
Covariate:1,0.467608357488462,0.0652850864641446,TRUE,16
Covariate:2,-0.486710392881686,0.0725856486626845,TRUE,16
1-1,0.062833243159914,0.0411339038482714,TRUE,16
1-2,0.00642516409321103,0.0219179170533875,TRUE,16
1-3,0.0120702346635637,0.0142041780286977,TRUE,16
2-2,0.206786414798942,0.0544047406398706,TRUE,16
2-3,0.0123124000434452,0.0153739752513087,TRUE,16
3-3,-0.222071475464394,0.0270666774426281,TRUE,16
(Intercept):1,-1.11209772216926,0.0426642125946928,TRUE,16
(Intercept):2,-1.53815227314586,0.0547401119830274,TRUE,16
Covariate:1,0.418922542297435,0.0632125738870836,TRUE,16
Covariate:2,-0.442489357190924,0.075333070376206,TRUE,16
1-1,0.194951842064022,0.037996218209488,FALSE,16
1-2,-0.00254785093910384,0.0189975536252873,TRUE,16
1-3,-0.0206915525565235,0.0137007819762758,TRUE,16
2-2,0.134325227189118,0.0552248755255693,TRUE,16
2-3,-0.0233877883820523,0.0152368506882937,TRUE,16
3-3,-0.237610503578686,0.0271615820832379,TRUE,16
(Intercept):1,-1.1098671758518,0.0440149429060979,TRUE,16
(Intercept):2,-1.58112939830799,0.0542788572913589,TRUE,16
Covariate:1,0.555452917294992,0.0644594253490054,TRUE,16
Covariate:2,-0.458807724327034,0.073620563324987,TRUE,16
1-1,0.151503003117737,0.0406101227301448,TRUE,16
1-2,0.0129111327584675,0.0201892355365593,TRUE,16
1-3,-0.00153507638600051,0.0139903516360906,TRUE,16
2-2,0.168018186766758,0.0595642607510799,TRUE,16
2-3,0.00972567445659695,0.0159407107763664,TRUE,16
3-3,-0.227284860459911,0.028929821151129,TRUE,16
(Intercept):1,-1.04279021662458,0.0423385748347511,TRUE,16
(Intercept):2,-1.50831286303343,0.0578689078169825,TRUE,16
Covariate:1,0.530654274164106,0.0656074787102316,TRUE,16
Covariate:2,-0.434190053258316,0.0754064406929745,TRUE,16
1-1,0.0827828467110535,0.041448218607102,TRUE,16
1-2,-0.0489179606387629,0.0205512686574401,FALSE,16
1-3,-0.0241582930571485,0.0128933128690195,TRUE,16
2-2,0.157974086134782,0.0504981543903231,TRUE,16
2-3,-0.022002081568156,0.0155038368539225,TRUE,16
3-3,-0.233966615905203,0.0287141613210367,TRUE,16
(Intercept):1,-1.0932638667125,0.0440380517848931,TRUE,16
(Intercept):2,-1.59648014734864,0.0561476337154837,TRUE,16
Covariate:1,0.49399988864762,0.062681404504386,TRUE,16
Covariate:2,-0.617651772345182,0.0762780198224723,TRUE,16
1-1,0.0164945488015484,0.0460764445422641,TRUE,16
1-2,-0.013251352460083,0.0213535080595837,TRUE,16
1-3,0.00572686234192085,0.0136304219392429,TRUE,16
2-2,0.181437140697269,0.0509132044413045,TRUE,16
2-3,-0.00250270667718486,0.0162608874453437,TRUE,16
3-3,-0.27400058733621,0.0287526967575642,TRUE,16
(Intercept):1,-1.12335929108196,0.0432713577840148,TRUE,16
(Intercept):2,-1.51427310326363,0.0570993952580012,TRUE,16
Covariate:1,0.448660747526491,0.0645820522353645,TRUE,16
Covariate:2,-0.370758617994285,0.0754337163610997,TRUE,16
1-1,0.124707471661023,0.0387036869206504,TRUE,16
1-2,-0.0316067722976786,0.0204319462483855,TRUE,16
1-3,0.00360260232926029,0.0140990013117117,TRUE,16
2-2,0.160574131829873,0.0557410216324364,TRUE,16
2-3,-0.0315611794439608,0.0164595810967711,TRUE,16
3-3,-0.232524138100456,0.0283488690443193,TRUE,16
(Intercept):1,-1.12334003251678,0.0430007353874937,TRUE,16
(Intercept):2,-1.6594010587733,0.0620847034580382,TRUE,16
Covariate:1,0.422481005147618,0.0648107236281095,TRUE,16
Covariate:2,-0.492148147615988,0.0772244096252782,TRUE,16
1-1,0.113037628381627,0.0404812875638451,TRUE,16
1-2,0.00184363157265323,0.0219456318373242,TRUE,16
1-3,0.0163131790756039,0.014188608132793,TRUE,16
2-2,0.239496604474831,0.056800190224919,TRUE,16
2-3,0.00864475792050008,0.0171203151127637,TRUE,16
3-3,-0.238304707051002,0.0301561922049806,TRUE,16
(Intercept):1,-1.08123746026995,0.043246355214536,TRUE,16
(Intercept):2,-1.51949341564618,0.0573523530704052,TRUE,16
Covariate:1,0.639125841475601,0.062866146673552,FALSE,16
Covariate:2,-0.408721156475461,0.0760496169405579,TRUE,16
1-1,0.14792826144165,0.0369863821196619,TRUE,16
1-2,-0.0137731486319771,0.0207121947833119,TRUE,16
1-3,-0.0036850042235136,0.0135079760898756,TRUE,16
2-2,0.142695282417694,0.0565591111376745,TRUE,16
2-3,-0.0167604355448948,0.0157697501812636,TRUE,16
3-3,-0.231712599625247,0.0300451055806,TRUE,16
(Intercept):1,-1.09239391332207,0.0432355353426832,TRUE,16
(Intercept):2,-1.58769822141118,0.0555998849487531,TRUE,16
Covariate:1,0.46444791811428,0.0644269458219143,TRUE,16
Covariate:2,-0.503977061450884,0.0763032746097958,TRUE,16
1-1,0.0677394433968117,0.0411221702178403,TRUE,16
1-2,-0.0302102931997778,0.0217297460585113,TRUE,16
1-3,-0.0118314492396913,0.0139887703035427,TRUE,16
2-2,0.148333333594391,0.0587017970437264,TRUE,16
2-3,-0.00483006433681609,0.0158127172026775,TRUE,16
3-3,-0.238637839941601,0.0280213831549281,TRUE,16
(Intercept):1,-1.10097704685427,0.0412797287411041,TRUE,16
(Intercept):2,-1.5365185506363,0.0584802706496734,TRUE,16
Covariate:1,0.530075724030164,0.0625796648747592,TRUE,16
Covariate:2,-0.487942435580351,0.072995777846158,TRUE,16
1-1,0.124022758515698,0.0396250092444961,TRUE,16
1-2,-0.00825008199454752,0.0215428188198869,TRUE,16
1-3,-0.00886671363628888,0.0134183845239636,TRUE,16
2-2,0.145167703425891,0.0581315155144218,TRUE,16
2-3,-0.020711166011715,0.0164870451094907,TRUE,16
3-3,-0.204286826748044,0.0300043326717092,TRUE,16
(Intercept):1,-1.05403070760435,0.0422646709112469,TRUE,16
(Intercept):2,-1.6873286883104,0.0594366385003572,TRUE,16
Covariate:1,0.417397331560478,0.0638901260092792,TRUE,16
Covariate:2,-0.614672216679945,0.0766375903455273,TRUE,16
1-1,0.099386239165354,0.039707923127069,TRUE,16
1-2,0.0207407262035487,0.0221790047017387,TRUE,16
1-3,0.00738386036904706,0.0140577785945366,TRUE,16
2-2,0.246580671282097,0.0600165673707381,TRUE,16
2-3,0.0223728574413916,0.0159785747161511,TRUE,16
3-3,-0.216958610747555,0.0299918619052442,TRUE,16
(Intercept):1,-1.08278060406473,0.0401217603260832,TRUE,16
(Intercept):2,-1.61507970821746,0.0580541451091703,TRUE,16
Covariate:1,0.424938795644902,0.0641443153326187,TRUE,16
Covariate:2,-0.431082638850207,0.0742320605955782,TRUE,16
1-1,0.0948488502210898,0.0397288417805748,TRUE,16
1-2,0.00121294820521757,0.0221968229223729,TRUE,16
1-3,0.000243582378241293,0.0136037431222344,TRUE,16
2-2,0.301844465632951,0.0522554092823339,FALSE,16
2-3,-0.00181889734918105,0.0153366161166996,TRUE,16
3-3,-0.182734795804788,0.0281983097041343,TRUE,16
(Intercept):1,-1.05106891592749,0.0415758528053884,TRUE,16
(Intercept):2,-1.67570676479918,0.0603215856704446,TRUE,16
Covariate:1,0.445459431601849,0.0658203460872308,TRUE,16
Covariate:2,-0.593577048044049,0.0800318887182771,TRUE,16
1-1,0.0670837741463901,0.0410124612692753,TRUE,16
1-2,0.0156594323075248,0.0209515407935864,TRUE,16
1-3,-0.0192023127694472,0.0134933983803955,TRUE,16
2-2,0.176992367319445,0.0601290374331717,TRUE,16
2-3,0.00733142022001353,0.0155522941850368,TRUE,16
3-3,-0.236781427272187,0.027713684810195,TRUE,16
(Intercept):1,-1.12250466117134,0.0432197432488087,TRUE,16
(Intercept):2,-1.65867103322147,0.0550059118154089,TRUE,16
Covariate:1,0.421613479033967,0.0630060687234951,TRUE,16
Covariate:2,-0.503083179284252,0.0770282274863474,TRUE,16
1-1,0.144422480354195,0.0387724307265818,TRUE,16
1-2,-0.0109035580025621,0.0208440654985376,TRUE,16
1-3,0.000319959537530228,0.0140072843987332,TRUE,16
2-2,0.191784456628942,0.0621124632565644,TRUE,16
2-3,0.00302844286620387,0.0161778839337942,TRUE,16
3-3,-0.242717911874999,0.0296522861645433,TRUE,16
(Intercept):1,-1.06123738897408,0.0430472954277106,TRUE,16
(Intercept):2,-1.63471877385538,0.0551918923313835,TRUE,16
Covariate:1,0.416984634067555,0.0639295990005489,TRUE,16
Covariate:2,-0.591687513871396,0.0761396889671048,TRUE,16
1-1,0.0684852624201429,0.0410530868877853,TRUE,16
1-2,-0.020355654471911,0.0213395143237113,TRUE,16
1-3,-0.0109652796358775,0.0140584528493344,TRUE,16
2-2,0.151293424896298,0.0589373704000399,TRUE,16
2-3,0.0039244949405145,0.0164848671189526,TRUE,16
3-3,-0.247966666241247,0.0291290732490606,TRUE,16
(Intercept):1,-1.04428611217092,0.0447268112628392,TRUE,16
(Intercept):2,-1.53918705618628,0.0556205682298905,TRUE,16
Covariate:1,0.527658220012768,0.0641498630553175,TRUE,16
Covariate:2,-0.521109053442449,0.0788363427044732,TRUE,16
1-1,0.0633624434758303,0.0424060086952292,TRUE,16
1-2,0.00103977599228267,0.0226069090543216,TRUE,16
1-3,-0.0111086657127645,0.0143191512776908,TRUE,16
2-2,0.197745461265192,0.0515025083506989,TRUE,16
2-3,-0.0151208868631724,0.0163170387138551,TRUE,16
3-3,-0.185137859403108,0.0290982000049673,TRUE,16
(Intercept):1,-1.12480465158814,0.0417001986868194,TRUE,16
(Intercept):2,-1.64404844906852,0.0556817843883306,TRUE,16
Covariate:1,0.466831366417886,0.0614695556172694,TRUE,16
Covariate:2,-0.570874774219321,0.0799982152404695,TRUE,16
1-1,0.117318627848871,0.0424886844973005,TRUE,16
1-2,0.00858886540780765,0.0214007399206071,TRUE,16
1-3,-0.0231190639502225,0.0139275890189982,TRUE,16
2-2,0.175376833437188,0.054315595361133,TRUE,16
2-3,-0.0192961812804252,0.0156974639600806,TRUE,16
3-3,-0.225095506910039,0.0280938749431581,TRUE,16
(Intercept):1,-1.11436985561988,0.0431802958827009,TRUE,16
(Intercept):2,-1.71955135771276,0.0593867839805533,TRUE,16
Covariate:1,0.433184973078753,0.0669837072447804,TRUE,16
Covariate:2,-0.583831200035141,0.0737444634135685,TRUE,16
1-1,0.0106814482383333,0.0459982627170313,TRUE,16
1-2,-0.00636319299884379,0.0222271645146244,TRUE,16
1-3,-0.0044007998484626,0.0130950360361808,TRUE,16
2-2,0.175834878983513,0.0691255692229472,TRUE,16
2-3,0.0130257157987061,0.0165380993907686,TRUE,16
3-3,-0.25206262622224,0.0284933007726126,TRUE,16
(Intercept):1,-1.01931393816652,0.0426150335921959,TRUE,16
(Intercept):2,-1.53317483588581,0.0567830463237036,TRUE,16
Covariate:1,0.48170986411279,0.0657734620478817,TRUE,16
Covariate:2,-0.462465963031154,0.0716048227166917,TRUE,16
1-1,0.0425834061065498,0.0439212103202669,TRUE,16
1-2,-0.0377753062743806,0.0209637991965486,TRUE,16
1-3,-0.0109967267521276,0.0138832356743243,TRUE,16
2-2,0.254536624118587,0.0552995974524168,TRUE,16
2-3,-0.00594438381979436,0.0161820909348751,TRUE,16
3-3,-0.22473792607384,0.0295823663797616,TRUE,16
(Intercept):1,-1.13025746612039,0.0426049384977201,TRUE,16
(Intercept):2,-1.61149486703731,0.0568715910552984,TRUE,16
Covariate:1,0.490646276573725,0.0636673374079944,TRUE,16
Covariate:2,-0.357888985979233,0.0765118246177599,TRUE,16
1-1,0.111296989193925,0.0390027343303074,TRUE,16
1-2,0.0123000617613208,0.0209749868706138,TRUE,16
1-3,-0.0024242407788196,0.013641243128645,TRUE,16
2-2,0.178957408802262,0.0562722796999203,TRUE,16
2-3,-0.0209163806426751,0.0152696476614426,TRUE,16
3-3,-0.256034365874115,0.0275659675641289,TRUE,16
(Intercept):1,-1.07321322485989,0.0445555503718057,TRUE,16
(Intercept):2,-1.67634780804872,0.0600248921226763,TRUE,16
Covariate:1,0.590723607229042,0.0648861353704483,TRUE,16
Covariate:2,-0.570960108660954,0.0800259306907139,TRUE,16
1-1,0.00827319684022869,0.0420104015728178,FALSE,16
1-2,-0.0137462589017597,0.0211290880618532,TRUE,16
1-3,-0.0224745694659445,0.0146603107035351,TRUE,16
2-2,0.152068940901831,0.0616372408086276,TRUE,16
2-3,-0.0160341110186168,0.0157917966198335,TRUE,16
3-3,-0.299203798558043,0.029638379172325,FALSE,16
(Intercept):1,-1.1047752464944,0.0433505145688771,TRUE,16
(Intercept):2,-1.72016506564156,0.0568658395358397,TRUE,16
Covariate:1,0.622000899553482,0.062796508765545,TRUE,16
Covariate:2,-0.422505498805019,0.077045487376808,TRUE,16
1-1,0.107250825267776,0.0407538853387942,TRUE,16
1-2,0.0158290413450494,0.021553626212088,TRUE,16
1-3,-0.0259192206252444,0.0137959829523923,TRUE,16
2-2,0.0282252356750332,0.0744276509979704,FALSE,16
2-3,0.00763494783630336,0.0165941027813852,TRUE,16
3-3,-0.268520433293078,0.0301087107473894,TRUE,16
(Intercept):1,-1.02598731054745,0.0404142342859075,TRUE,16
(Intercept):2,-1.6079593214577,0.0548277821129908,TRUE,16
Covariate:1,0.427900190221024,0.0580468261850535,TRUE,16
Covariate:2,-0.553379318993439,0.0745659390110337,TRUE,16
1-1,0.121566202225445,0.0404830212128128,TRUE,16
1-2,-0.0101306410909662,0.0209877398344972,TRUE,16
1-3,-0.0265769655449328,0.0132700162430085,FALSE,16
2-2,0.162753550047239,0.0579190436206278,TRUE,16
2-3,-0.00234277067420198,0.0166137069861905,TRUE,16
3-3,-0.201481738914295,0.0289418163766986,TRUE,16
(Intercept):1,-1.00714823434119,0.0422159019384335,FALSE,16
(Intercept):2,-1.70347400796993,0.0585801964996192,TRUE,16
Covariate:1,0.44795369659225,0.0658599792817125,TRUE,16
Covariate:2,-0.493519687912686,0.0766016641235074,TRUE,16
1-1,0.115330154049098,0.0379059244116452,TRUE,16
1-2,-0.0150092314054803,0.0220397858954589,TRUE,16
1-3,-0.0207863330380873,0.0136422797613164,TRUE,16
2-2,0.184676477294264,0.0636476368664715,TRUE,16
2-3,0.0207632671926066,0.0153019158281019,TRUE,16
3-3,-0.236052042294674,0.0297150566832817,TRUE,16
(Intercept):1,-1.10591347691095,0.0431708822775742,TRUE,16
(Intercept):2,-1.64744517850262,0.0582066043043622,TRUE,16
Covariate:1,0.436573503503154,0.0655167046849851,TRUE,16
Covariate:2,-0.396429499008938,0.0728625889987589,TRUE,16
1-1,0.0870493576591679,0.0435217501607041,TRUE,16
1-2,0.00844970357094725,0.0199169054665768,TRUE,16
1-3,-0.000585569658625376,0.0135804979769348,TRUE,16
2-2,0.265819343238548,0.0547673205383501,TRUE,16
2-3,0.0019334791293066,0.0157308985563451,TRUE,16
3-3,-0.230057086422228,0.028819113500214,TRUE,16
(Intercept):1,-1.05718093734184,0.042672987950813,TRUE,16
(Intercept):2,-1.655153025606,0.0576658644935572,TRUE,16
Covariate:1,0.446674871949459,0.0609249039149383,TRUE,16
Covariate:2,-0.602302665198762,0.0779703118725344,TRUE,16
1-1,0.103433950211169,0.0421252754146479,TRUE,16
1-2,-0.0118915022340935,0.022269130713795,TRUE,16
1-3,-0.0415049665470272,0.013986073547874,FALSE,16
2-2,0.190322917354698,0.0528678604652233,TRUE,16
2-3,-0.0187388212057773,0.0156813723984701,TRUE,16
3-3,-0.259274904020722,0.0292119962760839,TRUE,16
(Intercept):1,-1.06075563797263,0.043460855201801,TRUE,16
(Intercept):2,-1.63161346378978,0.0587006023492644,TRUE,16
Covariate:1,0.466251613623689,0.0642888290852305,TRUE,16
Covariate:2,-0.552588060459896,0.0748373685504626,TRUE,16
1-1,0.0563056965790426,0.0430724236443556,TRUE,16
1-2,-0.0244361478908075,0.0206411115745381,TRUE,16
1-3,-0.0253427230582097,0.0140927063879598,TRUE,16
2-2,0.237279132839565,0.0526196301594226,TRUE,16
2-3,-0.0218763628435338,0.0160034945301057,TRUE,16
3-3,-0.276457384476358,0.0306762813118366,TRUE,16
(Intercept):1,-1.13157427427789,0.0418308967698946,TRUE,16
(Intercept):2,-1.65727969787298,0.0588849366560783,TRUE,16
Covariate:1,0.402228294822819,0.0621190892538444,TRUE,16
Covariate:2,-0.592565392323048,0.0842910178355849,TRUE,16
1-1,0.12639667833257,0.0402418927757764,TRUE,16
1-2,0.0185110056967789,0.021748892877666,TRUE,16
1-3,-0.00757948718577557,0.0139287520480325,TRUE,16
2-2,0.0753951968475222,0.0627692010514679,TRUE,16
2-3,0.00627801567536356,0.0163594009404314,TRUE,16
3-3,-0.226588834988875,0.0274284982632284,TRUE,16
(Intercept):1,-1.09243716719548,0.0427751116901019,TRUE,16
(Intercept):2,-1.70776479306164,0.0607886794970747,TRUE,16
Covariate:1,0.539757711532671,0.0661084034857294,TRUE,16
Covariate:2,-0.471122237703866,0.0809191620567666,TRUE,16
1-1,0.0523277864320014,0.0433586033863805,TRUE,16
1-2,0.0326721710683785,0.0214448938745169,TRUE,16
1-3,0.0132172212744415,0.0135861251694021,TRUE,16
2-2,0.202836220184656,0.0593046242972084,TRUE,16
2-3,0.0063946205659404,0.0160884855081381,TRUE,16
3-3,-0.21345502274787,0.0280515418046169,TRUE,16
(Intercept):1,-1.10720186020847,0.0442051576434008,TRUE,16
(Intercept):2,-1.58396175650387,0.0564343732681993,TRUE,16
Covariate:1,0.447566977500886,0.0628064120233824,TRUE,16
Covariate:2,-0.539562822536297,0.0752228112249878,TRUE,16
1-1,0.131530699609744,0.037739115178671,TRUE,16
1-2,-0.00545979213675237,0.0209256410264172,TRUE,16
1-3,0.0140973086572137,0.014041440837807,TRUE,16
2-2,0.0996565275354344,0.0622760620955143,TRUE,16
2-3,-0.000414475990525012,0.0164263901991679,TRUE,16
3-3,-0.19756494744828,0.0274144108234245,TRUE,16
(Intercept):1,-1.06560944910115,0.0406787498691175,TRUE,16
(Intercept):2,-1.64003766738686,0.0565146821670014,TRUE,16
Covariate:1,0.476077455905517,0.0607703778379024,TRUE,16
Covariate:2,-0.393442008361996,0.0801070053344674,TRUE,16
1-1,0.118382902114432,0.0414705016640705,TRUE,16
1-2,0.037076195312976,0.0211853826439696,TRUE,16
1-3,-0.0166030104426973,0.0140730807853236,TRUE,16
2-2,0.174996806397932,0.0583902221014904,TRUE,16
2-3,-0.0082712599109242,0.0152107200102124,TRUE,16
3-3,-0.213351325628543,0.0299677380027143,TRUE,16
(Intercept):1,-1.13590183070345,0.0439569201764349,TRUE,16
(Intercept):2,-1.6767390861967,0.0582013113420624,TRUE,16
Covariate:1,0.613534529290306,0.0628289548831983,TRUE,16
Covariate:2,-0.484560471776871,0.0814810044477671,TRUE,16
1-1,0.153769204360304,0.0362822395659903,TRUE,16
1-2,0.0288681379320493,0.0217145033789009,TRUE,16
1-3,-0.00380669683305316,0.0142032775764762,TRUE,16
2-2,0.194283008548432,0.0531790719896167,TRUE,16
2-3,0.00254443705345126,0.0169036356964945,TRUE,16
3-3,-0.238533147439657,0.0294829632486563,TRUE,16
(Intercept):1,-1.08730738562247,0.0442853373601475,TRUE,16
(Intercept):2,-1.64794914084399,0.0570835023501519,TRUE,16
Covariate:1,0.539177960756649,0.0624447391476465,TRUE,16
Covariate:2,-0.484059973313867,0.0773172915418767,TRUE,16
1-1,0.0831614800277007,0.039372208537493,TRUE,16
1-2,-0.014680551529205,0.0207414967142469,TRUE,16
1-3,-0.00628389484206966,0.0139895280717888,TRUE,16
2-2,0.190518553092605,0.0565976960314623,TRUE,16
2-3,-0.00136931718034223,0.015401316405163,TRUE,16
3-3,-0.209051808496735,0.027566201399463,TRUE,16
(Intercept):1,-1.10336674674044,0.0432817764466402,TRUE,16
(Intercept):2,-1.564454511471,0.0558400803753932,TRUE,16
Covariate:1,0.570515886804959,0.065765972581346,TRUE,16
Covariate:2,-0.533411353473039,0.0755435799665503,TRUE,16
1-1,0.106188137267108,0.0414822338786754,TRUE,16
1-2,-0.00931451996396964,0.0213706019865941,TRUE,16
1-3,-0.00190805478558113,0.0135428143108803,TRUE,16
2-2,0.144573277998569,0.0593185927634753,TRUE,16
2-3,-0.0116648179834863,0.0163916720009283,TRUE,16
3-3,-0.214308371020227,0.027017206124644,TRUE,16
(Intercept):1,-1.15645434917731,0.0403523208540468,TRUE,16
(Intercept):2,-1.59748415509591,0.0568318889111501,TRUE,16
Covariate:1,0.520862720378534,0.0627261442717308,TRUE,16
Covariate:2,-0.564664501619498,0.0703160171184349,TRUE,16
1-1,0.148202146304583,0.0399446258514218,TRUE,16
1-2,0.0307821837797649,0.0190778173826608,TRUE,16
1-3,0.00552482088995275,0.0130062259576638,TRUE,16
2-2,0.186475179261748,0.0575798857307403,TRUE,16
2-3,-0.00086632531798778,0.0163656271798485,TRUE,16
3-3,-0.209764166796873,0.028528161031172,TRUE,16
(Intercept):1,-1.00750378808988,0.0400956866596889,FALSE,16
(Intercept):2,-1.61496302420254,0.0570038352645998,TRUE,16
Covariate:1,0.524830828538449,0.0616861296598664,TRUE,16
Covariate:2,-0.441205616250469,0.0757211234159094,TRUE,16
1-1,0.0619057256917682,0.0369118022856289,TRUE,16
1-2,-0.00433385596111983,0.0199584905064871,TRUE,16
1-3,-0.0333812160255303,0.0131031797846487,FALSE,16
2-2,0.21287487068682,0.0490966869867445,TRUE,16
2-3,-0.0033867233880217,0.0153613646944619,TRUE,16
3-3,-0.225066039447847,0.0275784134904236,TRUE,16
(Intercept):1,-1.0866705884214,0.043915949359569,TRUE,16
(Intercept):2,-1.57976999925799,0.0549745184150916,TRUE,16
Covariate:1,0.517733986922485,0.0628284445453954,TRUE,16
Covariate:2,-0.429893174041081,0.0741559788907024,TRUE,16
1-1,0.114285903143155,0.0373506074246551,TRUE,16
1-2,0.00644981271546385,0.0213929172976931,TRUE,16
1-3,-0.0279470212648458,0.013945648776346,FALSE,16
2-2,0.168502875879532,0.052715944680555,TRUE,16
2-3,-0.0143367343961377,0.0156372837724374,TRUE,16
3-3,-0.227229089716331,0.0284207273824213,TRUE,16
(Intercept):1,-0.998662965908182,0.0405939120508693,FALSE,16
(Intercept):2,-1.55983941008147,0.0564870014105165,TRUE,16
Covariate:1,0.574796555945857,0.0618733576051677,TRUE,16
Covariate:2,-0.352943141894096,0.0769265062275867,TRUE,16
1-1,0.107163453803178,0.0385406535879471,TRUE,16
1-2,-0.012800904314803,0.0203718413639542,TRUE,16
1-3,-0.0519255958551831,0.0138165530078852,FALSE,16
2-2,0.0951967865831966,0.0583095012136186,TRUE,16
2-3,-0.0139060982699907,0.0158475489467561,TRUE,16
3-3,-0.243967961796963,0.0289705763502254,TRUE,16
(Intercept):1,-1.09084701010712,0.043321965403175,TRUE,16
(Intercept):2,-1.64889850345746,0.0540762540480754,TRUE,16
Covariate:1,0.566574840906646,0.0649774690117432,TRUE,16
Covariate:2,-0.439126325345656,0.0747003973030577,TRUE,16
1-1,0.0571823476237876,0.0449802060763222,TRUE,16
1-2,-0.00772017299135109,0.0202913847887794,TRUE,16
1-3,-0.00559720591218021,0.0145957078353588,TRUE,16
2-2,0.294280991392988,0.0435856170789766,FALSE,16
2-3,0.0111315248147433,0.015500476108194,TRUE,16
3-3,-0.27518727481572,0.0297046705198919,TRUE,16
(Intercept):1,-1.06136830338133,0.0426730710013974,TRUE,16
(Intercept):2,-1.59078015398235,0.055999461584946,TRUE,16
Covariate:1,0.584324348951405,0.0670898391589139,TRUE,16
Covariate:2,-0.460326437164875,0.0806915261824906,TRUE,16
1-1,0.10497045988577,0.0398763290763398,TRUE,16
1-2,-0.0297482863801372,0.0208250422769986,TRUE,16
1-3,-0.00223268497462076,0.0137790544537337,TRUE,16
2-2,0.172969362206324,0.0623063699020356,TRUE,16
2-3,-0.00152238307916311,0.0156501177842402,TRUE,16
3-3,-0.22770765902762,0.0300363178576351,TRUE,16
(Intercept):1,-1.14911316057725,0.0437627629729218,TRUE,16
(Intercept):2,-1.57503968164127,0.0581615709624749,TRUE,16
Covariate:1,0.503981312481972,0.0692955001951812,TRUE,16
Covariate:2,-0.53721929869298,0.0819623531165852,TRUE,16
1-1,0.138335893477502,0.0418182789733261,TRUE,16
1-2,0.000409347315302052,0.0211203072140635,TRUE,16
1-3,0.00803993263503448,0.0140124538962385,TRUE,16
2-2,0.128514307073233,0.0614751574146543,TRUE,16
2-3,0.000640614400082699,0.0165378078936246,TRUE,16
3-3,-0.22140130061048,0.0279999852501694,TRUE,16
(Intercept):1,-1.09239510392985,0.0431498483701993,TRUE,16
(Intercept):2,-1.67552483561716,0.0578324783250994,TRUE,16
Covariate:1,0.576195413307184,0.0663539081946902,TRUE,16
Covariate:2,-0.483345304948027,0.0750002197966044,TRUE,16
1-1,0.119851449314236,0.0408250145356114,TRUE,16
1-2,-0.00327903849543345,0.0211049222139657,TRUE,16
1-3,0.00254304622103515,0.0138470018280787,TRUE,16
2-2,0.191660376556359,0.057390930015264,TRUE,16
2-3,0.0223302782536488,0.0162677702749027,TRUE,16
3-3,-0.223595559667772,0.0285554487991459,TRUE,16
(Intercept):1,-1.09161475845397,0.0422009692572448,TRUE,16
(Intercept):2,-1.64624155782708,0.0588998809848306,TRUE,16
Covariate:1,0.376741778871773,0.0595283425174485,FALSE,16
Covariate:2,-0.464910318126116,0.0759168992967644,TRUE,16
1-1,0.0996039611838403,0.0401640962648131,TRUE,16
1-2,0.0115124126435743,0.0207997486429402,TRUE,16
1-3,-0.00851701515092848,0.0134565199103125,TRUE,16
2-2,0.249981353344246,0.0526835991015099,TRUE,16
2-3,-0.0100399995180501,0.0161276363051555,TRUE,16
3-3,-0.221333071688688,0.0290649226025608,TRUE,16
(Intercept):1,-1.07488919953061,0.0412345160446723,TRUE,16
(Intercept):2,-1.6160736962044,0.0591041046195353,TRUE,16
Covariate:1,0.546750887004809,0.0612405327601773,TRUE,16
Covariate:2,-0.491203683987912,0.0812170341987358,TRUE,16
1-1,0.111938832481363,0.0391795244623997,TRUE,16
1-2,-0.0173727886663152,0.0224221012883459,TRUE,16
1-3,-0.00322416468583531,0.0129740057113442,TRUE,16
2-2,0.194471717736381,0.0541447010685924,TRUE,16
2-3,0.0130826679545828,0.0153471370633735,TRUE,16
3-3,-0.201212514307741,0.0280312064608959,TRUE,16
(Intercept):1,-1.1383166345332,0.0438688103579775,TRUE,16
(Intercept):2,-1.59857946295311,0.0597248112523515,TRUE,16
Covariate:1,0.519961497453394,0.0637517555713624,TRUE,16
Covariate:2,-0.538421106557841,0.0753071196302831,TRUE,16
1-1,0.0180107517489458,0.0438230361145487,TRUE,16
1-2,-0.00638423966793176,0.0226911403258364,TRUE,16
1-3,-0.00882056067857783,0.0143925531581316,TRUE,16
2-2,0.0674731513786453,0.0648826005435238,TRUE,16
2-3,-0.0304082986162263,0.016386139335171,TRUE,16
3-3,-0.280884449939681,0.0300126391078603,TRUE,16
(Intercept):1,-1.09534062959113,0.0421067311315637,TRUE,16
(Intercept):2,-1.58620793220824,0.0581609790356351,TRUE,16
Covariate:1,0.514918596272925,0.0626743850842905,TRUE,16
Covariate:2,-0.369214154597108,0.0740456673944847,TRUE,16
1-1,0.0702941995669231,0.0398310660485988,TRUE,16
1-2,-0.032739761297368,0.0218112255086265,TRUE,16
1-3,-0.00649887000088885,0.0134028569101947,TRUE,16
2-2,0.23826821903956,0.0558058223885885,TRUE,16
2-3,-0.0197316946499088,0.0163475741929529,TRUE,16
3-3,-0.21953765158376,0.0282890306995138,TRUE,16
(Intercept):1,-1.11828044248466,0.0416363423134523,TRUE,16
(Intercept):2,-1.62525696843406,0.0578675230076943,TRUE,16
Covariate:1,0.535087836835946,0.0637083172126889,TRUE,16
Covariate:2,-0.450625252944599,0.0777541110117794,TRUE,16
1-1,0.101394814844488,0.0391369879657018,TRUE,16
1-2,-0.00576165463931256,0.021299872873161,TRUE,16
1-3,-0.00954605405582953,0.0129309328590718,TRUE,16
2-2,0.153426872762442,0.0698030408053962,TRUE,16
2-3,-0.0168069238942428,0.0161549066196816,TRUE,16
3-3,-0.249407591658883,0.0286658000505644,TRUE,16
(Intercept):1,-1.1465814823422,0.0429428497898659,TRUE,16
(Intercept):2,-1.63049607938831,0.0577997969727184,TRUE,16
Covariate:1,0.527790851542975,0.0628293833455252,TRUE,16
Covariate:2,-0.438144384039417,0.0837715979234861,TRUE,16
1-1,0.132309094637632,0.041186009380066,TRUE,16
1-2,-0.01380221251598,0.0208903734877651,TRUE,16
1-3,0.0117685054048679,0.0147392668794804,TRUE,16
2-2,0.16151023615843,0.0602642866391331,TRUE,16
2-3,0.0103331045266012,0.017309047958788,TRUE,16
3-3,-0.265374188652666,0.0299209182525775,TRUE,16
(Intercept):1,-1.00608875108397,0.0403053090538329,FALSE,16
(Intercept):2,-1.67110532521858,0.0567273842166175,TRUE,16
Covariate:1,0.566985450706089,0.0656727656924389,TRUE,16
Covariate:2,-0.673473559246054,0.0820608392636769,FALSE,16
1-1,0.0320020176863774,0.0415619494472547,TRUE,16
1-2,-0.0184939044847041,0.0218564456568377,TRUE,16
1-3,-0.0130667852078894,0.0131828516757167,TRUE,16
2-2,0.231404037432142,0.0591622499501617,TRUE,16
2-3,0.0017880012552955,0.0157603446121889,TRUE,16
3-3,-0.210206926782245,0.0286025409267318,TRUE,16
(Intercept):1,-1.06644256635528,0.0407125853909987,TRUE,16
(Intercept):2,-1.52703035325847,0.0535659336780437,TRUE,16
Covariate:1,0.59156644569655,0.0609830255038251,TRUE,16
Covariate:2,-0.489275508894435,0.0765259770102609,TRUE,16
1-1,0.0865524728160715,0.0383420978336704,TRUE,16
1-2,-0.00173487660570233,0.0200087657849033,TRUE,16
1-3,-0.0131145437637871,0.0133557967382109,TRUE,16
2-2,0.14087487341352,0.0557806471391109,TRUE,16
2-3,-0.0313473011053952,0.0154751023826517,FALSE,16
3-3,-0.189267457316669,0.027226650742037,TRUE,16
(Intercept):1,-1.00644396053952,0.0429455509141007,FALSE,16
(Intercept):2,-1.61715556954412,0.0559636922510367,TRUE,16
Covariate:1,0.420385614745201,0.0609222883375291,TRUE,16
Covariate:2,-0.434920255297172,0.0719477438655682,TRUE,16
1-1,0.108022443901252,0.0378171822061881,TRUE,16
1-2,-0.0112570012596696,0.0206743419541944,TRUE,16
1-3,-0.0150652634661724,0.0140356704868605,TRUE,16
2-2,0.243976370845197,0.0536128369700699,TRUE,16
2-3,-0.000755807599596095,0.0156098584460999,TRUE,16
3-3,-0.231545815979489,0.0302903531929996,TRUE,16
(Intercept):1,-1.05641701521317,0.0424616206992611,TRUE,16
(Intercept):2,-1.51049260821125,0.0534925818278013,TRUE,16
Covariate:1,0.464239763075919,0.0657441030117111,TRUE,16
Covariate:2,-0.460060100442501,0.0744378721043575,TRUE,16
1-1,0.091558448976372,0.039620579635577,TRUE,16
1-2,-0.00918060374452304,0.0201402450931569,TRUE,16
1-3,-0.0159297878164158,0.0141017026937167,TRUE,16
2-2,0.218183437350706,0.0535815425468293,TRUE,16
2-3,-0.0384924576220969,0.0144594746967945,FALSE,16
3-3,-0.235493353751619,0.0295143579302298,TRUE,16
(Intercept):1,-1.11379751470417,0.0433714406812865,TRUE,16
(Intercept):2,-1.74318887325641,0.0615463535735619,FALSE,16
Covariate:1,0.515316161354137,0.063288923495368,TRUE,16
Covariate:2,-0.509943341057718,0.0785566463768773,TRUE,16
1-1,0.148818318513407,0.0402305910221867,TRUE,16
1-2,0.0165335857001315,0.0222503618679042,TRUE,16
1-3,0.0116824621083632,0.0141079005256391,TRUE,16
2-2,0.154328409025406,0.0624601128812988,TRUE,16
2-3,0.0169969802372919,0.0167098888700678,TRUE,16
3-3,-0.191481163132759,0.0295635290167568,TRUE,16
(Intercept):1,-1.13309947025331,0.0425327107346725,TRUE,16
(Intercept):2,-1.64213048261608,0.05580070323319,TRUE,16
Covariate:1,0.44876057763668,0.0646895631677733,TRUE,16
Covariate:2,-0.575147324154674,0.0773028537508356,TRUE,16
1-1,0.209984944275503,0.0385203721106685,FALSE,16
1-2,0.0334006232117928,0.0213046184856971,TRUE,16
1-3,0.00872955107924819,0.0145117041757182,TRUE,16
2-2,0.119970844862118,0.0630220858154674,TRUE,16
2-3,0.0197321453623739,0.0157455070425143,TRUE,16
3-3,-0.168296663621152,0.0296804768772945,TRUE,16
(Intercept):1,-1.1103426008407,0.0408834861131107,TRUE,16
(Intercept):2,-1.54672366286667,0.0560708340647992,TRUE,16
Covariate:1,0.408567399884613,0.0642135259452002,TRUE,16
Covariate:2,-0.474064199000836,0.073914316463778,TRUE,16
1-1,0.152088787788702,0.0392480141075284,TRUE,16
1-2,-0.0125707397258139,0.0205261708940356,TRUE,16
1-3,-0.00799484945533555,0.0129435282955386,TRUE,16
2-2,0.167664578545095,0.0596257145892848,TRUE,16
2-3,-0.00699632740864646,0.015992750615932,TRUE,16
3-3,-0.217503207337265,0.0286618706959403,TRUE,16
(Intercept):1,-1.05486009808454,0.0416897495830056,TRUE,16
(Intercept):2,-1.59437626621705,0.0575815790548134,TRUE,16
Covariate:1,0.549080991138083,0.0660588833606217,TRUE,16
Covariate:2,-0.432788224893387,0.0750381998950354,TRUE,16
1-1,0.109100483472712,0.0396115320132828,TRUE,16
1-2,-0.0260710305002283,0.0213364201194228,TRUE,16
1-3,-0.0103087428960742,0.0134496952354862,TRUE,16
2-2,0.157125679034504,0.0569392191237845,TRUE,16
2-3,-0.000482055744314537,0.0157227031265782,TRUE,16
3-3,-0.229012663897237,0.0287777919178717,TRUE,16
(Intercept):1,-1.08084892636946,0.0441196009817103,TRUE,16
(Intercept):2,-1.50943669688083,0.0545193902877353,TRUE,16
Covariate:1,0.386765852325665,0.0620007851118901,TRUE,16
Covariate:2,-0.326632965665337,0.0746207389588197,FALSE,16
1-1,0.109998480739909,0.0372475847946521,TRUE,16
1-2,-0.0211574530842922,0.0209689769257694,TRUE,16
1-3,-0.00916523858723118,0.0139808476679215,TRUE,16
2-2,0.0481395566866524,0.0628860742223459,FALSE,16
2-3,-0.00290372425716405,0.0155939817259415,TRUE,16
3-3,-0.24355098445383,0.0291960661313949,TRUE,16
(Intercept):1,-1.05749566098021,0.0430798114127923,TRUE,16
(Intercept):2,-1.68003564939839,0.0594653144042508,TRUE,16
Covariate:1,0.4697571671842,0.0633693536771235,TRUE,16
Covariate:2,-0.578739660903022,0.0769056505528543,TRUE,16
1-1,0.0877077712679364,0.0413499526639876,TRUE,16
1-2,0.0227281855564977,0.021186873390401,TRUE,16
1-3,0.0127016015974659,0.0135821694918949,TRUE,16
2-2,0.216005616356224,0.059097955051703,TRUE,16
2-3,0.0124012585374626,0.0152717011486123,TRUE,16
3-3,-0.17313482898239,0.0278771526631904,TRUE,16
(Intercept):1,-1.07718729805128,0.0429096066714797,TRUE,16
(Intercept):2,-1.57687134369662,0.0539921873088865,TRUE,16
Covariate:1,0.407773993974362,0.0631643122159692,TRUE,16
Covariate:2,-0.4290884571027,0.0756702064043195,TRUE,16
1-1,0.041517771661421,0.0393160682593334,TRUE,16
1-2,-0.0148290763316064,0.0204617023363003,TRUE,16
1-3,-0.0241038168766426,0.014036991606175,TRUE,16
2-2,0.115461955806089,0.0635989016207877,TRUE,16
2-3,-0.0289001280704314,0.0154833681200869,TRUE,16
3-3,-0.274498394271224,0.0303798311448599,TRUE,16
(Intercept):1,-1.16808150861919,0.0439269297133017,TRUE,16
(Intercept):2,-1.56973586633895,0.0555430652734081,TRUE,16
Covariate:1,0.459137117024926,0.0635941527389363,TRUE,16
Covariate:2,-0.481407261073218,0.07692684167005,TRUE,16
1-1,0.0987984237269965,0.0425236449663379,TRUE,16
1-2,0.00910925420749152,0.0203387904633668,TRUE,16
1-3,0.00588084050503141,0.0137274866314499,TRUE,16
2-2,0.23067414813242,0.0577649180031686,TRUE,16
2-3,-0.0402909811651961,0.0157782418190276,FALSE,16
3-3,-0.215070971742269,0.0287871200816013,TRUE,16
(Intercept):1,-1.06987144798553,0.0411890322058665,TRUE,16
(Intercept):2,-1.64307907464426,0.0562570049116472,TRUE,16
Covariate:1,0.383315546085149,0.0617714541727419,TRUE,16
Covariate:2,-0.515464535060532,0.0740560086781523,TRUE,16
1-1,0.130836682531571,0.040495671240171,TRUE,16
1-2,-0.00318367167480295,0.020700318844764,TRUE,16
1-3,-0.0178649522549728,0.0133656969998559,TRUE,16
2-2,0.177474662703069,0.055436635760587,TRUE,16
2-3,-0.00871301932089692,0.0151686920462279,TRUE,16
3-3,-0.247562629510324,0.0284903112127047,TRUE,16
(Intercept):1,-1.06486998850956,0.0424416638382702,TRUE,16
(Intercept):2,-1.52682349328656,0.0533563532169071,TRUE,16
Covariate:1,0.56288497847994,0.0649521849067812,TRUE,16
Covariate:2,-0.470291533960882,0.0738948124390376,TRUE,16
1-1,0.0553945112961272,0.0410175477012431,TRUE,16
1-2,0.0104185445021443,0.0202015406253467,TRUE,16
1-3,-0.0129446430951652,0.0137098151032952,TRUE,16
2-2,0.199120146827859,0.054600466559499,TRUE,16
2-3,-0.0275341202180633,0.0146342238535247,TRUE,16
3-3,-0.198200432987112,0.0290309556441413,TRUE,16
(Intercept):1,-1.11393559722962,0.0435445119205025,TRUE,16
(Intercept):2,-1.66980700360848,0.0580321162690557,TRUE,16
Covariate:1,0.655704505129046,0.0683698639957716,FALSE,16
Covariate:2,-0.496084922833147,0.0763494715716569,TRUE,16
1-1,0.115553629747079,0.0407748766727446,TRUE,16
1-2,0.00651138206861441,0.0214285112571103,TRUE,16
1-3,0.0158970007755435,0.0143683072465129,TRUE,16
2-2,0.183642772861125,0.060969838569988,TRUE,16
2-3,0.00815069448141548,0.016383526573383,TRUE,16
3-3,-0.265735468938821,0.0287060383436521,TRUE,16
(Intercept):1,-1.12214415067081,0.0443236436763426,TRUE,16
(Intercept):2,-1.63396327123493,0.0585590182616172,TRUE,16
Covariate:1,0.539158585233617,0.0631782667092969,TRUE,16
Covariate:2,-0.374645479395126,0.0772053205738055,TRUE,16
1-1,0.111444777204032,0.0409145350970952,TRUE,16
1-2,-0.00111564054318838,0.0218949332454222,TRUE,16
1-3,-0.00801463694400282,0.0147806221960799,TRUE,16
2-2,0.251215452089273,0.054829884766225,TRUE,16
2-3,-0.0182597050693298,0.0162410378668477,TRUE,16
3-3,-0.240497376352988,0.0301223290817866,TRUE,16
(Intercept):1,-1.15775310772513,0.0440879213807721,TRUE,16
(Intercept):2,-1.63316674042643,0.0568004192604523,TRUE,16
Covariate:1,0.502902254835716,0.0638759331038514,TRUE,16
Covariate:2,-0.552171087542487,0.0760037846630011,TRUE,16
1-1,0.106539608483519,0.0400676375447871,TRUE,16
1-2,0.0380746017386927,0.0216999334594044,TRUE,16
1-3,0.0245965489561259,0.0137298681126767,TRUE,16
2-2,0.205020384832469,0.0557002732905487,TRUE,16
2-3,-0.00165434348865105,0.0158897507438281,TRUE,16
3-3,-0.175298888361783,0.0287292015389511,TRUE,16
(Intercept):1,-1.05474354276425,0.0409964980237571,TRUE,16
(Intercept):2,-1.5830320576583,0.0576544983690589,TRUE,16
Covariate:1,0.403882899813782,0.0607897755241198,TRUE,16
Covariate:2,-0.641134133930218,0.0767520163247038,TRUE,16
1-1,0.0461230127740053,0.0388143557926908,TRUE,16
1-2,0.010987547848708,0.0205439586424361,TRUE,16
1-3,-0.0182672687985986,0.0137784347758421,TRUE,16
2-2,0.142652185763571,0.052597761934349,TRUE,16
2-3,-0.0253954390772669,0.0152971800824698,TRUE,16
3-3,-0.203806155718506,0.0277546776962571,TRUE,16
(Intercept):1,-1.07135168602578,0.0426129644830341,TRUE,16
(Intercept):2,-1.66845344312257,0.0583122825696341,TRUE,16
Covariate:1,0.569234277729149,0.0608180493458142,TRUE,16
Covariate:2,-0.508017936721799,0.0783225953800109,TRUE,16
1-1,0.123225997301303,0.0367705597649471,TRUE,16
1-2,0.0148185412278528,0.0214440509161333,TRUE,16
1-3,-0.0173071265912645,0.0135425798345436,TRUE,16
2-2,0.193495681388824,0.0565848464329441,TRUE,16
2-3,0.00699019326412742,0.015853357773152,TRUE,16
3-3,-0.20989775961103,0.0286471552286875,TRUE,16
(Intercept):1,-1.0649336792668,0.0404653418717159,TRUE,16
(Intercept):2,-1.70392652257614,0.0591393161531928,TRUE,16
Covariate:1,0.65545802047297,0.0689141214457772,FALSE,16
Covariate:2,-0.471357155396081,0.0793445594319194,TRUE,16
1-1,0.122403280006949,0.0366287014837853,TRUE,16
1-2,0.0169922904996404,0.0205074231511986,TRUE,16
1-3,-0.0241740133219289,0.0134016964586207,TRUE,16
2-2,0.279272190429434,0.0541928789670411,TRUE,16
2-3,0.0026696276088303,0.0159925343975933,TRUE,16
3-3,-0.233022161862179,0.0293646103263656,TRUE,16
(Intercept):1,-1.08295404579092,0.0405554824203657,TRUE,16
(Intercept):2,-1.54981635316118,0.0579352555633294,TRUE,16
Covariate:1,0.5406412871351,0.0657120380883528,TRUE,16
Covariate:2,-0.514404876112182,0.0836800268471448,TRUE,16
1-1,0.171340969924277,0.0386947218196737,FALSE,16
1-2,-0.0147389043409184,0.0213048429434961,TRUE,16
1-3,0.000444751728204893,0.0137774871684083,TRUE,16
2-2,0.161130412030485,0.0629588133943132,TRUE,16
2-3,-0.0134802936388082,0.0165021395486526,TRUE,16
3-3,-0.217555995744899,0.0312197736408929,TRUE,16
(Intercept):1,-1.06424976866955,0.0450012238403501,TRUE,16
(Intercept):2,-1.64203377379518,0.0559052876813318,TRUE,16
Covariate:1,0.51180003275475,0.0649871559792721,TRUE,16
Covariate:2,-0.49255844206985,0.0824617460684636,TRUE,16
1-1,0.0717547404407622,0.0431347022199898,TRUE,16
1-2,-0.0237176723058921,0.0213991832095947,TRUE,16
1-3,-0.00350766682926827,0.0145827912796897,TRUE,16
2-2,0.185223895515702,0.0538522757695077,TRUE,16
2-3,0.0203754807050813,0.0167951810477709,TRUE,16
3-3,-0.249559950074819,0.0288717466415966,TRUE,16
(Intercept):1,-1.11064064710811,0.0428808940073132,TRUE,16
(Intercept):2,-1.59171608530853,0.0558511570327258,TRUE,16
Covariate:1,0.44791419018897,0.0646059351827839,TRUE,16
Covariate:2,-0.541477786447661,0.0780801930537391,TRUE,16
1-1,0.105239846525785,0.0397653095698407,TRUE,16
1-2,-0.0111685351911062,0.021585755948261,TRUE,16
1-3,0.0191165705821961,0.0133444888728555,TRUE,16
2-2,0.193024760055903,0.0522516397489001,TRUE,16
2-3,2.40502519503151e-05,0.0162466955657619,TRUE,16
3-3,-0.264711752021943,0.0293735853907693,TRUE,16
(Intercept):1,-1.19378326719182,0.0446847700259388,FALSE,16
(Intercept):2,-1.51737535076346,0.0547488524544321,TRUE,16
Covariate:1,0.542926057589132,0.0641927355109597,TRUE,16
Covariate:2,-0.437284559384806,0.0796208955477723,TRUE,16
1-1,0.143060352576869,0.0403087079214585,TRUE,16
1-2,-0.0271864452689781,0.0219350754178514,TRUE,16
1-3,0.0108438856264282,0.013907830097131,TRUE,16
2-2,0.137961080489505,0.0603786601207034,TRUE,16
2-3,-0.0304717570998346,0.0166264254620057,TRUE,16
3-3,-0.227141457624755,0.0278092123873346,TRUE,16
(Intercept):1,-1.05161887574265,0.0430915006288752,TRUE,16
(Intercept):2,-1.60092985195191,0.0581229434950804,TRUE,16
Covariate:1,0.44902509077819,0.0640658256703848,TRUE,16
Covariate:2,-0.555342317854918,0.0782253134490528,TRUE,16
1-1,0.108438809667394,0.039273545624887,TRUE,16
1-2,-0.0267909344100814,0.0214902484593758,TRUE,16
1-3,-0.0199268153069091,0.0138091455037157,TRUE,16
2-2,0.249782326484016,0.0527161720965138,TRUE,16
2-3,-0.0149851178916039,0.0160251978083761,TRUE,16
3-3,-0.241735574385885,0.028965108063693,TRUE,16
(Intercept):1,-1.01927637240478,0.0423374322420017,TRUE,16
(Intercept):2,-1.63051765834748,0.0554375660789462,TRUE,16
Covariate:1,0.536586220019683,0.062747671050197,TRUE,16
Covariate:2,-0.495920692790322,0.0775349214255361,TRUE,16
1-1,0.00520310373150097,0.0422194837100452,FALSE,16
1-2,-0.0379625902898866,0.0204182168311339,TRUE,16
1-3,-0.0260053054366399,0.0138617375852575,TRUE,16
2-2,0.22449050436846,0.0507099318823389,TRUE,16
2-3,-0.0243232684876243,0.0150661285734982,TRUE,16
3-3,-0.257043914549875,0.0280830323999804,TRUE,16
(Intercept):1,-1.08547936810953,0.0444405897532033,TRUE,16
(Intercept):2,-1.61740253069996,0.0558661330385081,TRUE,16
Covariate:1,0.468801700720327,0.0618628719714812,TRUE,16
Covariate:2,-0.456949299654369,0.0744520071545118,TRUE,16
1-1,0.0541064628193094,0.0443802188549985,TRUE,16
1-2,-0.00166046547479022,0.0213181100534704,TRUE,16
1-3,-0.00231090820629111,0.0144490986183435,TRUE,16
2-2,0.155258708662306,0.0557455187002082,TRUE,16
2-3,0.01285224192769,0.0156237602422124,TRUE,16
3-3,-0.215568918481847,0.0285607942133744,TRUE,16
(Intercept):1,-1.05963977478763,0.0415791302871548,TRUE,16
(Intercept):2,-1.56547607269809,0.0559140368900918,TRUE,16
Covariate:1,0.39424514373723,0.0637184427978383,TRUE,16
Covariate:2,-0.491233287260546,0.0744380554219092,TRUE,16
1-1,0.0752110562327046,0.0380287314391064,TRUE,16
1-2,-0.0118887102257646,0.0212755594208028,TRUE,16
1-3,-0.0108269484772018,0.0136369129043736,TRUE,16
2-2,0.270705939554889,0.0497208390957421,TRUE,16
2-3,-0.0119463194909162,0.0157623932477379,TRUE,16
3-3,-0.237485565734436,0.0291270244974816,TRUE,16
(Intercept):1,-1.1401584513436,0.0424853435693073,TRUE,16
(Intercept):2,-1.63304730228848,0.0574509923608757,TRUE,16
Covariate:1,0.471025578697758,0.066379938565593,TRUE,16
Covariate:2,-0.539618537037293,0.0793093065273211,TRUE,16
1-1,0.0913635904890591,0.03919574955836,TRUE,16
1-2,-0.0107743041069776,0.0213824241824353,TRUE,16
1-3,-0.0143606186604829,0.0133856256309792,TRUE,16
2-2,0.148259496858351,0.0562423322871774,TRUE,16
2-3,-0.0285781865481229,0.0158707749360773,TRUE,16
3-3,-0.264118802474389,0.0281792651756906,TRUE,16
(Intercept):1,-1.14364754541967,0.0457115553859764,TRUE,16
(Intercept):2,-1.59069460088921,0.0577244966081646,TRUE,16
Covariate:1,0.427312926057781,0.0632922431374702,TRUE,16
Covariate:2,-0.510075943531655,0.0718966733765108,TRUE,16
1-1,0.0797414096080027,0.0443889953274608,TRUE,16
1-2,-0.0106350060773032,0.02144732452985,TRUE,16
1-3,0.0104947765889569,0.0142218862885212,TRUE,16
2-2,0.189238113088042,0.0582231723721703,TRUE,16
2-3,0.00133514170520334,0.0152605859544657,TRUE,16
3-3,-0.269848585377219,0.0296443339203446,TRUE,16
(Intercept):1,-1.17544753313047,0.0418783004366743,TRUE,16
(Intercept):2,-1.56883705294118,0.0572002085687774,TRUE,16
Covariate:1,0.361593058960243,0.0626029817543375,FALSE,16
Covariate:2,-0.534261720751634,0.0736568080532989,TRUE,16
1-1,0.13375632769469,0.0387338269536937,TRUE,16
1-2,0.0196818464205891,0.0202896180984072,TRUE,16
1-3,0.0216739275357524,0.0143555297094713,TRUE,16
2-2,0.124907809478543,0.0592018657353459,TRUE,16
2-3,-0.0142066709184679,0.0155776661288512,TRUE,16
3-3,-0.219510049039263,0.028418469156926,TRUE,16
(Intercept):1,-1.09622960103453,0.0414122504049187,TRUE,16
(Intercept):2,-1.62925235728342,0.0594657363394491,TRUE,16
Covariate:1,0.590172464035718,0.0634436175038325,TRUE,16
Covariate:2,-0.559219732204643,0.0760742226199433,TRUE,16
1-1,0.0998039348076229,0.0386441245223848,TRUE,16
1-2,0.00365156045048522,0.0215873891974822,TRUE,16
1-3,0.00116568492311804,0.0137488573977546,TRUE,16
2-2,0.1920692611266,0.0547250429454958,TRUE,16
2-3,0.00939604487800332,0.0165633575326844,TRUE,16
3-3,-0.189695513036471,0.0295510301973653,TRUE,16
(Intercept):1,-1.06519893044216,0.0422366120576081,TRUE,16
(Intercept):2,-1.62659242663225,0.0574530753795504,TRUE,16
Covariate:1,0.446727025498201,0.0635173289078372,TRUE,16
Covariate:2,-0.425251050995879,0.0779852660251483,TRUE,16
1-1,0.102404698830043,0.0407361246150022,TRUE,16
1-2,-0.0111786999364226,0.0218041761806133,TRUE,16
1-3,-0.00387644853792028,0.0141488061601613,TRUE,16
2-2,0.182409948276841,0.0596620022294446,TRUE,16
2-3,-0.00620584633986482,0.0157772053126387,TRUE,16
3-3,-0.234661071543052,0.0293588283176242,TRUE,16
(Intercept):1,-1.09003695098342,0.0428316761134937,TRUE,16
(Intercept):2,-1.61159779527683,0.0589894404958433,TRUE,16
Covariate:1,0.598610235654606,0.064011841852552,TRUE,16
Covariate:2,-0.615605949671834,0.0734962318590838,TRUE,16
1-1,0.0901450993835241,0.0416054424995377,TRUE,16
1-2,-0.0178285778599484,0.0224506667066172,TRUE,16
1-3,-0.0134712526031307,0.0145273376483197,TRUE,16
2-2,0.215811681228894,0.0544358894408027,TRUE,16
2-3,-0.00554520169643924,0.0164622275075556,TRUE,16
3-3,-0.25325455016808,0.0304563899223772,TRUE,16
(Intercept):1,-1.16193436311408,0.0418989082792126,TRUE,16
(Intercept):2,-1.54408021159165,0.0556148611949164,TRUE,16
Covariate:1,0.512207579617383,0.0649648551282867,TRUE,16
Covariate:2,-0.352234382509446,0.0785850409860634,TRUE,16
1-1,0.152403592302152,0.0381512606434029,TRUE,16
1-2,-0.0289955445318941,0.0211682251718014,TRUE,16
1-3,0.00947403080690335,0.0136518923678436,TRUE,16
2-2,0.208914715636559,0.0549096616586769,TRUE,16
2-3,-0.00831914755226422,0.0171931209351116,TRUE,16
3-3,-0.271930562031694,0.0289383140227174,TRUE,16
(Intercept):1,-1.12465021195877,0.043485640082719,TRUE,16
(Intercept):2,-1.60021771848596,0.0581873309335944,TRUE,16
Covariate:1,0.43304319628474,0.0661166160191076,TRUE,16
Covariate:2,-0.599246966079214,0.0771093187929694,TRUE,16
1-1,0.11254858020645,0.0371802060909934,TRUE,16
1-2,0.0183355765376883,0.0215096667778943,TRUE,16
1-3,0.014186274257401,0.0137056771429225,TRUE,16
2-2,0.2251184668517,0.0542152292230348,TRUE,16
2-3,-0.0101045538762525,0.0160215497675835,TRUE,16
3-3,-0.233779478854562,0.0292255410740064,TRUE,16
(Intercept):1,-1.12298945692069,0.0433948112976431,TRUE,16
(Intercept):2,-1.70173856136212,0.0573234781723656,TRUE,16
Covariate:1,0.508441143782191,0.0626755175960525,TRUE,16
Covariate:2,-0.553872217187257,0.0785624017485788,TRUE,16
1-1,0.134532478671228,0.0403361965684731,TRUE,16
1-2,-0.00455852339368006,0.0216213670201842,TRUE,16
1-3,-0.00127908990722715,0.0144414846685991,TRUE,16
2-2,0.285487967738178,0.0528918283910443,TRUE,16
2-3,0.027201570263729,0.016262762537593,TRUE,16
3-3,-0.234199002267806,0.0302384545948861,TRUE,16
(Intercept):1,-1.04957559488832,0.0425574140991174,TRUE,16
(Intercept):2,-1.62232826094725,0.0568065150014208,TRUE,16
Covariate:1,0.470557438335041,0.0664380307554345,TRUE,16
Covariate:2,-0.506144932075448,0.0799958047585762,TRUE,16
1-1,0.0533248196803343,0.0448801003464539,TRUE,16
1-2,-0.0132934461440437,0.0201400164994323,TRUE,16
1-3,-0.0182149843864407,0.012881625065033,TRUE,16
2-2,0.146051369906262,0.0562117566789601,TRUE,16
2-3,-0.00477774189280129,0.0152402369421641,TRUE,16
3-3,-0.246473971474497,0.0269179622657253,TRUE,16
(Intercept):1,-1.12097345376665,0.043826631233877,TRUE,16
(Intercept):2,-1.58442282319024,0.056847425635652,TRUE,16
Covariate:1,0.463345834756579,0.0633538510386897,TRUE,16
Covariate:2,-0.429701678452135,0.0795258643858272,TRUE,16
1-1,0.0987167660375282,0.0399167031614966,TRUE,16
1-2,-0.0276678359532879,0.0204073980124877,TRUE,16
1-3,-0.00442402917658398,0.0144439002313602,TRUE,16
2-2,0.089845640504808,0.0620868317827171,TRUE,16
2-3,-0.00117514639208727,0.0166141803148841,TRUE,16
3-3,-0.277190975859758,0.0293188274537603,TRUE,16
(Intercept):1,-0.971722206275308,0.0392413587485859,FALSE,16
(Intercept):2,-1.5540325586598,0.0568097130186747,TRUE,16
Covariate:1,0.308654601278527,0.0629879793817989,FALSE,16
Covariate:2,-0.531293508967667,0.0763202967731303,TRUE,16
1-1,0.138397130453034,0.034054887724291,TRUE,16
1-2,-0.0642899554871201,0.0211785865539814,FALSE,16
1-3,-0.028754527446478,0.0129037180310231,FALSE,16
2-2,0.161062826061517,0.06028896703429,TRUE,16
2-3,-0.0140943346748871,0.0155015406239963,TRUE,16
3-3,-0.190795068972842,0.0275302179457214,TRUE,16
(Intercept):1,-1.12474473081481,0.0451174096020157,TRUE,16
(Intercept):2,-1.59610204823994,0.05528582190857,TRUE,16
Covariate:1,0.549899610246635,0.0662986517371563,TRUE,16
Covariate:2,-0.385097185044076,0.073646465871312,TRUE,16
1-1,0.0480392210991893,0.0458733939525482,TRUE,16
1-2,-0.0138334885745335,0.0223396955771041,TRUE,16
1-3,0.00334009003829567,0.014378891773956,TRUE,16
2-2,0.243837674629139,0.0528167994360034,TRUE,16
2-3,-0.00305314759371316,0.0155382764349395,TRUE,16
3-3,-0.232717178077612,0.028909559817984,TRUE,16
(Intercept):1,-1.05019263261477,0.0413314850989783,TRUE,16
(Intercept):2,-1.57237288318401,0.0583151746816695,TRUE,16
Covariate:1,0.485306858198832,0.0633195772018661,TRUE,16
Covariate:2,-0.471069073043764,0.0790435127826885,TRUE,16
1-1,0.0757553595872958,0.0408834048071124,TRUE,16
1-2,-0.0268732491806987,0.0207262616760691,TRUE,16
1-3,0.00664444743463164,0.0133478682554372,TRUE,16
2-2,0.229839200385734,0.0531583546466408,TRUE,16
2-3,-0.00131046090985112,0.0164257609889078,TRUE,16
3-3,-0.22562151516775,0.0284630623829581,TRUE,16
(Intercept):1,-1.04218656900048,0.0413549636515786,TRUE,16
(Intercept):2,-1.54525221779793,0.0566602419924274,TRUE,16
Covariate:1,0.601508430971795,0.0674805240664402,TRUE,16
Covariate:2,-0.46950864487572,0.0759693938364419,TRUE,16
1-1,0.0496905363375301,0.0401232372985401,TRUE,16
1-2,-0.00243685076487881,0.0197537814471703,TRUE,16
1-3,-0.00372681631695227,0.0135214598648507,TRUE,16
2-2,0.157075611046254,0.0566344706566574,TRUE,16
2-3,-0.0233537168453849,0.0157614898988904,TRUE,16
3-3,-0.250818851493024,0.0294493645499209,TRUE,16
(Intercept):1,-1.06828654217504,0.044616827422043,TRUE,16
(Intercept):2,-1.61392079419563,0.0578819619097979,TRUE,16
Covariate:1,0.44269772907344,0.0663528899330329,TRUE,16
Covariate:2,-0.515155277158645,0.0746466986610211,TRUE,16
1-1,0.127509949249827,0.0395442575224323,TRUE,16
1-2,0.00424572533092408,0.0219625627300696,TRUE,16
1-3,-0.0182285924517503,0.0136961136985029,TRUE,16
2-2,0.28814496454034,0.0512035797144337,FALSE,16
2-3,-0.00517625462680923,0.0156164827481541,TRUE,16
3-3,-0.167354395486475,0.0296342700378992,TRUE,16
(Intercept):1,-1.11233599514469,0.0433374395211928,TRUE,16
(Intercept):2,-1.6119125052728,0.0550544360725902,TRUE,16
Covariate:1,0.486336206460718,0.0662504649831161,TRUE,16
Covariate:2,-0.387817553127043,0.073300640304502,TRUE,16
1-1,0.0953795539948346,0.0420723630414262,TRUE,16
1-2,-0.0181830844731128,0.0208759961980051,TRUE,16
1-3,-0.0128851195704769,0.0143059588064383,TRUE,16
2-2,0.241215669972617,0.0547715993346151,TRUE,16
2-3,-0.00454479449612827,0.0154926320408624,TRUE,16
3-3,-0.232582727835778,0.029284325536609,TRUE,16
(Intercept):1,-1.09696580176091,0.0445109962787341,TRUE,16
(Intercept):2,-1.54865882914086,0.0579376006339221,TRUE,16
Covariate:1,0.437558081500142,0.0685721967656654,TRUE,16
Covariate:2,-0.487796340648434,0.0768986153233974,TRUE,16
1-1,0.00937261930886842,0.0453972737967625,TRUE,16
1-2,-0.0199774250186198,0.0204552714237333,TRUE,16
1-3,0.000344690248162888,0.0145642650693891,TRUE,16
2-2,0.194536408892567,0.0564034326340923,TRUE,16
2-3,-0.0126471132291645,0.0163703647215108,TRUE,16
3-3,-0.268948751563766,0.0277851527355325,TRUE,16
(Intercept):1,-1.05143419385651,0.0427574445893067,TRUE,16
(Intercept):2,-1.63581751975934,0.0590273029465463,TRUE,16
Covariate:1,0.562179972670814,0.0663675027398518,TRUE,16
Covariate:2,-0.446821126933143,0.0779484296387804,TRUE,16
1-1,0.0640664708837237,0.0419401342115608,TRUE,16
1-2,-0.00255809498326672,0.0205100723501914,TRUE,16
1-3,0.00786645916989625,0.0135440714206559,TRUE,16
2-2,0.171532808875843,0.0574798543222904,TRUE,16
2-3,0.0119425779149292,0.0161320638726414,TRUE,16
3-3,-0.181182249551186,0.0278424627934332,TRUE,16
(Intercept):1,-1.04499986520654,0.0418183605607528,TRUE,16
(Intercept):2,-1.61026344112609,0.0582678062420924,TRUE,16
Covariate:1,0.483347480347046,0.0623761115940285,TRUE,16
Covariate:2,-0.366395316115241,0.0716410002535128,TRUE,16
1-1,0.0992508465827291,0.0430248115352578,TRUE,16
1-2,-0.0175938258827406,0.0213889739128134,TRUE,16
1-3,-0.0176621371692561,0.0139530819878812,TRUE,16
2-2,0.275640963588308,0.0485793614807277,TRUE,16
2-3,0.00755574385929368,0.0153976159693439,TRUE,16
3-3,-0.210657267041788,0.0292807353665697,TRUE,16
(Intercept):1,-1.10190077387703,0.0444667628224148,TRUE,16
(Intercept):2,-1.57484186576685,0.0574561978740231,TRUE,16
Covariate:1,0.600331365879301,0.0647864294052277,TRUE,16
Covariate:2,-0.571885120062319,0.0770762749611828,TRUE,16
1-1,0.0984006302800122,0.0375705422104482,TRUE,16
1-2,-0.00559197971479933,0.0214892847942681,TRUE,16
1-3,-0.00960860021469857,0.0132067726393906,TRUE,16
2-2,0.202338777611945,0.0514969595003646,TRUE,16
2-3,-0.0255529746883655,0.0163986405757956,TRUE,16
3-3,-0.228532761553706,0.0284753294504653,TRUE,16
(Intercept):1,-1.04410413786826,0.0432311799411693,TRUE,16
(Intercept):2,-1.56147212459976,0.060322002209549,TRUE,16
Covariate:1,0.451897492144782,0.0621396007516686,TRUE,16
Covariate:2,-0.563303035618204,0.0773318139105898,TRUE,16
1-1,0.0578028784786104,0.0404340919944418,TRUE,16
1-2,0.00705947920079964,0.021003625976544,TRUE,16
1-3,0.00359732813780621,0.0135098342548314,TRUE,16
2-2,0.1335992380125,0.0657721096663781,TRUE,16
2-3,-0.00917558457588017,0.0165065103251141,TRUE,16
3-3,-0.205398134603312,0.0291504348159314,TRUE,16
(Intercept):1,-1.06101878373184,0.0442112663343778,TRUE,16
(Intercept):2,-1.54150394216332,0.0574944811819716,TRUE,16
Covariate:1,0.529058421751762,0.0644426903231883,TRUE,16
Covariate:2,-0.514821637485787,0.0779764055849072,TRUE,16
1-1,0.120866903444197,0.0364867921482241,TRUE,16
1-2,-0.0479566519418478,0.020293723890576,FALSE,16
1-3,-0.0208927328760767,0.0132004961972709,TRUE,16
2-2,0.19611354606692,0.0492155937597352,TRUE,16
2-3,-0.0143594229920137,0.0159645978797102,TRUE,16
3-3,-0.248727651456875,0.0291266124152898,TRUE,16
(Intercept):1,-1.1116438140121,0.0453090588299886,TRUE,16
(Intercept):2,-1.6426721961864,0.0575483506707617,TRUE,16
Covariate:1,0.52594650998853,0.062705773117037,TRUE,16
Covariate:2,-0.538307347214035,0.077313158990826,TRUE,16
1-1,0.123198835136769,0.04015053316397,TRUE,16
1-2,0.0128822080334581,0.0215878614195257,TRUE,16
1-3,-0.0261132084696124,0.0136078528963856,TRUE,16
2-2,0.181099994013618,0.0608847658508056,TRUE,16
2-3,-0.0265618463557426,0.016206504714879,TRUE,16
3-3,-0.218634387066108,0.0293294998482999,TRUE,16
(Intercept):1,-1.05192577322842,0.0426767047208857,TRUE,16
(Intercept):2,-1.529890187557,0.0568900040013733,TRUE,16
Covariate:1,0.578532782657521,0.0658545713406885,TRUE,16
Covariate:2,-0.451174758684012,0.075706700697241,TRUE,16
1-1,0.0428873842465975,0.0382435920227518,TRUE,16
1-2,-0.0453195123540461,0.021459548293655,FALSE,16
1-3,-0.0128480643530982,0.0141350406660204,TRUE,16
2-2,0.190459718301483,0.0576616745420573,TRUE,16
2-3,-0.0321501666836502,0.0161220358496778,FALSE,16
3-3,-0.232883180258591,0.0280944138748203,TRUE,16
(Intercept):1,-1.13981970101139,0.0427109337856869,TRUE,16
(Intercept):2,-1.66119497132446,0.057953599789351,TRUE,16
Covariate:1,0.517261402974043,0.0634230536994647,TRUE,16
Covariate:2,-0.442193882718092,0.0753416274438856,TRUE,16
1-1,0.106961576870769,0.0406354990592294,TRUE,16
1-2,0.015450676647714,0.0203717281481348,TRUE,16
1-3,-0.0195945826297772,0.0140150577988693,TRUE,16
2-2,0.242341006085863,0.0494521081578224,TRUE,16
2-3,-0.00750188632143871,0.0153747669538049,TRUE,16
3-3,-0.271082503258032,0.0276411211191576,TRUE,16
(Intercept):1,-1.02735574941901,0.0424933746484361,TRUE,16
(Intercept):2,-1.62234737993137,0.0592327031661508,TRUE,16
Covariate:1,0.468101349037351,0.066023333794882,TRUE,16
Covariate:2,-0.489568788949859,0.0748890623544839,TRUE,16
1-1,0.0851725270670892,0.0369581074953747,TRUE,16
1-2,-0.014711726164226,0.0215743447417535,TRUE,16
1-3,-0.0175363633162671,0.0139683217525315,TRUE,16
2-2,0.181148730893836,0.0658875509314928,TRUE,16
2-3,0.00478709728169959,0.0170537566139419,TRUE,16
3-3,-0.20040550041235,0.0284331143302933,TRUE,16
(Intercept):1,-1.07088459900386,0.0447666983702338,TRUE,16
(Intercept):2,-1.53712627601712,0.0564529150028217,TRUE,16
Covariate:1,0.489851004180201,0.0630410307134903,TRUE,16
Covariate:2,-0.341989769788832,0.0787414541150597,FALSE,16
1-1,0.130289206221381,0.04036827599408,TRUE,16
1-2,-0.0278087835197486,0.0219082869072855,TRUE,16
1-3,-0.0028380854332212,0.0140136239217537,TRUE,16
2-2,0.117303760323255,0.0637609602363319,TRUE,16
2-3,-0.00100051058230649,0.0159047841745348,TRUE,16
3-3,-0.196581193666989,0.0287221514818423,TRUE,16
(Intercept):1,-1.1477869153872,0.0440412491112197,TRUE,16
(Intercept):2,-1.67328831875222,0.0545808044903663,TRUE,16
Covariate:1,0.533800823441934,0.0675681829835582,TRUE,16
Covariate:2,-0.522712038723736,0.0757778337353604,TRUE,16
1-1,0.160802983242503,0.0392912782426119,TRUE,16
1-2,0.0239356963083235,0.0208937925118324,TRUE,16
1-3,-0.0360604453837387,0.0132843657888509,FALSE,16
2-2,0.198388931982491,0.0529749210725941,TRUE,16
2-3,-0.0185144453056253,0.0154188250012613,TRUE,16
3-3,-0.272002066558109,0.0283250271105364,TRUE,16
(Intercept):1,-1.12776643355177,0.0414806020784116,TRUE,16
(Intercept):2,-1.60291223847974,0.0572328332386473,TRUE,16
Covariate:1,0.460826187906175,0.0585602538846066,TRUE,16
Covariate:2,-0.622313398815543,0.0733081145606855,TRUE,16
1-1,0.136455889573016,0.0412824580132073,TRUE,16
1-2,0.0281638014833627,0.0212078181874467,TRUE,16
1-3,-0.0269825719334312,0.0141596869065479,TRUE,16
2-2,0.212104054080445,0.0522449438763729,TRUE,16
2-3,-0.0434856656572074,0.0160605208870212,FALSE,16
3-3,-0.229874293692994,0.0298293833337574,TRUE,16
(Intercept):1,-1.12678207127623,0.0452672882987858,TRUE,16
(Intercept):2,-1.64474441113511,0.0580462146958202,TRUE,16
Covariate:1,0.545187883653868,0.0637932056011997,TRUE,16
Covariate:2,-0.51958175006261,0.0681073573234517,TRUE,16
1-1,0.0509226778137,0.038636685739839,TRUE,16
1-2,-0.00810111160489818,0.0204346416565709,TRUE,16
1-3,0.0113594763820654,0.0142725053951015,TRUE,16
2-2,0.20137016216668,0.0626166578897028,TRUE,16
2-3,-0.000457963795896486,0.0159507349807863,TRUE,16
3-3,-0.246524106659221,0.0279513356793073,TRUE,16
(Intercept):1,-1.16706577893578,0.0452303411011155,TRUE,16
(Intercept):2,-1.5753259742947,0.0542200192018254,TRUE,16
Covariate:1,0.482525395414241,0.0625739168429687,TRUE,16
Covariate:2,-0.419830130639917,0.0724976361290529,TRUE,16
1-1,0.078591021795565,0.0421336964111417,TRUE,16
1-2,-0.0258616791275586,0.0212130895200959,TRUE,16
1-3,-0.000789727259973763,0.0138417145574956,TRUE,16
2-2,0.257456723914858,0.048008389025631,TRUE,16
2-3,-0.0265791537625495,0.0156525436334173,TRUE,16
3-3,-0.261519678646063,0.0308047661871919,TRUE,16
(Intercept):1,-1.08151433159859,0.0424015951750674,TRUE,16
(Intercept):2,-1.57228894942384,0.0548694259554176,TRUE,16
Covariate:1,0.613254835591777,0.0656367694938783,TRUE,16
Covariate:2,-0.507780467629162,0.0753507308737576,TRUE,16
1-1,0.0027300449835512,0.0420864559969047,FALSE,16
1-2,-0.0363417024917461,0.0206195422485106,TRUE,16
1-3,-0.0277071773158628,0.01377848062128,FALSE,16
2-2,0.00979996664726536,0.0624803051315118,FALSE,16
2-3,-0.0182077104654688,0.0161266922426485,TRUE,16
3-3,-0.310563441311399,0.0280524779845943,FALSE,16
(Intercept):1,-1.0084377705862,0.0408412993511034,FALSE,16
(Intercept):2,-1.64711937200469,0.0598149242408387,TRUE,16
Covariate:1,0.552522230682638,0.0641808229888732,TRUE,16
Covariate:2,-0.586594384422215,0.0768953979333307,TRUE,16
1-1,0.0122982935732242,0.0391308045921753,FALSE,16
1-2,0.0166279080388625,0.0211241132325713,TRUE,16
1-3,-0.0191107447216198,0.013272661745146,TRUE,16
2-2,0.176564199491875,0.0621822023704637,TRUE,16
2-3,-0.0276146809945008,0.0166264786550229,TRUE,16
3-3,-0.219038428456101,0.0284277550831481,TRUE,16
(Intercept):1,-1.02724111720593,0.041517330066739,TRUE,16
(Intercept):2,-1.62017353739461,0.0569510224896007,TRUE,16
Covariate:1,0.439525246538085,0.063991720371255,TRUE,16
Covariate:2,-0.529510346733236,0.0773187224208911,TRUE,16
1-1,0.0178206457847082,0.0416573122033073,TRUE,16
1-2,-0.0259877923392727,0.0217859695574428,TRUE,16
1-3,-0.047118695702122,0.0137669547091928,FALSE,16
2-2,0.178590056874558,0.0538506234169306,TRUE,16
2-3,-0.0204474269824564,0.0147934620188728,TRUE,16
3-3,-0.230610112128105,0.0285975980906148,TRUE,16
(Intercept):1,-1.06998919639557,0.0417176113180469,TRUE,16
(Intercept):2,-1.56197451117455,0.0540432634256592,TRUE,16
Covariate:1,0.56032520578519,0.0587184405614387,TRUE,16
Covariate:2,-0.459981444822326,0.0764739883205691,TRUE,16
1-1,0.055492549308514,0.0423956031153037,TRUE,16
1-2,-0.0292332316493701,0.0207667877447591,TRUE,16
1-3,-0.0184384470710459,0.0140793716878058,TRUE,16
2-2,0.140872492207841,0.0557100470206001,TRUE,16
2-3,-0.0185117267656699,0.0151395895086278,TRUE,16
3-3,-0.249256681172438,0.0283461615271327,TRUE,16
(Intercept):1,-1.06991083438655,0.0423957579492206,TRUE,16
(Intercept):2,-1.55076436342572,0.0550176679623827,TRUE,16
Covariate:1,0.554166576262956,0.0654603381413277,TRUE,16
Covariate:2,-0.360062412065923,0.0770866438271966,TRUE,16
1-1,0.108209080658436,0.0427655313556048,TRUE,16
1-2,-0.0205102896683858,0.021048135422494,TRUE,16
1-3,-0.0304184756414276,0.0138176605540159,FALSE,16
2-2,0.0906636805712641,0.0679977409618622,TRUE,16
2-3,-0.0216247473048682,0.0159043816942784,TRUE,16
3-3,-0.263145010673129,0.028633034483766,TRUE,16
(Intercept):1,-1.08127683384144,0.0443255295243607,TRUE,16
(Intercept):2,-1.53350115773679,0.0548653691513415,TRUE,16
Covariate:1,0.436092620862473,0.0639633845236846,TRUE,16
Covariate:2,-0.544521543111617,0.0762538031512209,TRUE,16
1-1,0.0789047495623762,0.0409985022278215,TRUE,16
1-2,-0.0222350484440758,0.021145685803312,TRUE,16
1-3,-0.0112134348643214,0.0134748821732793,TRUE,16
2-2,0.207990840989793,0.0506554268070154,TRUE,16
2-3,-0.0111660887573247,0.015356148661896,TRUE,16
3-3,-0.215697073538958,0.0296005345244767,TRUE,16
(Intercept):1,-1.06120229933969,0.0430887764123579,TRUE,16
(Intercept):2,-1.59910191305555,0.0590938754278735,TRUE,16
Covariate:1,0.538637188659884,0.0655524533568726,TRUE,16
Covariate:2,-0.603167530092763,0.0860787272669244,TRUE,16
1-1,0.0159071480896394,0.0418187453827845,TRUE,16
1-2,-0.00478039763346635,0.022010560404201,TRUE,16
1-3,-0.00947279181619617,0.0143238440359844,TRUE,16
2-2,0.214052017177717,0.0576087784720248,TRUE,16
2-3,-0.0248398581148408,0.0170645284589277,TRUE,16
3-3,-0.228947153125807,0.0292577512325107,TRUE,16
(Intercept):1,-1.0883928137077,0.0411827863526747,TRUE,16
(Intercept):2,-1.44917010447434,0.0512746214638424,FALSE,16
Covariate:1,0.44262136637801,0.0629716355763182,TRUE,16
Covariate:2,-0.542916096247892,0.0765012085763195,TRUE,16
1-1,0.115148483172394,0.0407527629992473,TRUE,16
1-2,-0.0537583949363925,0.020507800550006,FALSE,16
1-3,-0.0277305495718461,0.0138061659648132,FALSE,16
2-2,0.156857159761762,0.0519658376461067,TRUE,16
2-3,-0.0524968792200596,0.0149728663899225,FALSE,16
3-3,-0.285119876980545,0.030172588757876,FALSE,16
(Intercept):1,-1.04192015493203,0.0405723482156219,TRUE,16
(Intercept):2,-1.5632382482277,0.0574826895313746,TRUE,16
Covariate:1,0.626160804615124,0.0629413710185819,FALSE,16
Covariate:2,-0.347466157518637,0.0725913413278665,FALSE,16
1-1,0.121170266467155,0.0389142290069386,TRUE,16
1-2,0.00238007642114103,0.0202197134551346,TRUE,16
1-3,-0.00744162372028224,0.0136547225094216,TRUE,16
2-2,0.230867433500696,0.0524112276295048,TRUE,16
2-3,3.36863320606715e-05,0.0155737418252247,TRUE,16
3-3,-0.186664309315611,0.0292708651406652,TRUE,16
(Intercept):1,-1.09855165326029,0.0445363754876594,TRUE,16
(Intercept):2,-1.66029594585439,0.0555204948344747,TRUE,16
Covariate:1,0.52002371358216,0.0649344474491152,TRUE,16
Covariate:2,-0.629461938888808,0.0810080419227347,TRUE,16
1-1,0.0817236471692554,0.0445892816408368,TRUE,16
1-2,0.00304642782444187,0.020510230283868,TRUE,16
1-3,-0.00422398189406837,0.0138651117607972,TRUE,16
2-2,0.1090417992675,0.0550464952478103,TRUE,16
2-3,0.0161031856951336,0.0152692007234543,TRUE,16
3-3,-0.245489506728003,0.0280134479235028,TRUE,16
(Intercept):1,-1.11510932526506,0.0440138074248673,TRUE,16
(Intercept):2,-1.61631590288599,0.0594762890509316,TRUE,16
Covariate:1,0.5583730710367,0.0659145334696641,TRUE,16
Covariate:2,-0.630302088392276,0.0795983780487292,TRUE,16
1-1,0.068306001400862,0.0411518917803786,TRUE,16
1-2,0.00250604457048159,0.0220469851650259,TRUE,16
1-3,-0.015047990747396,0.013628918481856,TRUE,16
2-2,0.126990417818704,0.0573908538112269,TRUE,16
2-3,-0.0244780302321795,0.0164086064291645,TRUE,16
3-3,-0.237591100168805,0.0290058281768494,TRUE,16
(Intercept):1,-1.11393251031796,0.0419722714413654,TRUE,16
(Intercept):2,-1.57963026506368,0.0590221893632978,TRUE,16
Covariate:1,0.438948255373431,0.0662201864341249,TRUE,16
Covariate:2,-0.648483083402212,0.0740036094793414,FALSE,16
1-1,0.152532645931576,0.0395756320827769,TRUE,16
1-2,0.00732836421386029,0.0209977565644111,TRUE,16
1-3,-0.00338327294779956,0.0138647332528612,TRUE,16
2-2,0.201698708958382,0.0506981712419694,TRUE,16
2-3,-0.0134683062344516,0.0165390119229809,TRUE,16
3-3,-0.233479437133098,0.0297588169770339,TRUE,16
(Intercept):1,-1.09186305709995,0.0437803752877174,TRUE,16
(Intercept):2,-1.50645793922941,0.0557080291684801,TRUE,16
Covariate:1,0.469470089962683,0.0619984797767618,TRUE,16
Covariate:2,-0.503223989533809,0.076635770484683,TRUE,16
1-1,0.0753091171804652,0.0398842029094034,TRUE,16
1-2,-0.0410388731026001,0.0217295832101876,TRUE,16
1-3,-0.00767344643914787,0.0141090378774608,TRUE,16
2-2,0.145888742824264,0.0563497738158377,TRUE,16
2-3,-0.0368738696643545,0.0161472136071351,FALSE,16
3-3,-0.261091247660315,0.0303498347390634,TRUE,16
(Intercept):1,-1.08497908161054,0.0428024773424093,TRUE,16
(Intercept):2,-1.53121672222773,0.0552718925677223,TRUE,16
Covariate:1,0.526988217671368,0.0622109590680114,TRUE,16
Covariate:2,-0.522607318970747,0.0744719812145426,TRUE,16
1-1,0.0677710291235659,0.0399593821676571,TRUE,16
1-2,-0.00452996516288332,0.0200118790106095,TRUE,16
1-3,-0.0146284145400207,0.0133664134222794,TRUE,16
2-2,0.150672069846352,0.0558335447751601,TRUE,16
2-3,-0.0460074362261943,0.0157200070338158,FALSE,16
3-3,-0.243248985973611,0.0274426244108988,TRUE,16
(Intercept):1,-1.16147017654229,0.0441103592311796,TRUE,16
(Intercept):2,-1.71257517656903,0.0565465406484637,TRUE,16
Covariate:1,0.533759056804395,0.0657731980657094,TRUE,16
Covariate:2,-0.622970640383954,0.0775617004532449,TRUE,16
1-1,0.117465849612015,0.0380703562309959,TRUE,16
1-2,0.0310423683933227,0.0223738831846308,TRUE,16
1-3,0.0144471248176955,0.0133441310788916,TRUE,16
2-2,0.19071937312603,0.0585655230318456,TRUE,16
2-3,0.0203112915611695,0.0157171567336046,TRUE,16
3-3,-0.252132734117103,0.029648861679841,TRUE,16
(Intercept):1,-1.06358577508851,0.041740861882573,TRUE,16
(Intercept):2,-1.65516241488658,0.057944293536892,TRUE,16
Covariate:1,0.465148328452582,0.0629229816040992,TRUE,16
Covariate:2,-0.537873748977361,0.0759305413202352,TRUE,16
1-1,0.142743567343461,0.0393594143367127,TRUE,16
1-2,-0.00860460720996039,0.0208573512342172,TRUE,16
1-3,0.00156144198811558,0.0133474842011908,TRUE,16
2-2,0.269010362557492,0.0565104435773358,TRUE,16
2-3,0.00479846062574118,0.0160571917830165,TRUE,16
3-3,-0.192204032164588,0.028317646501026,TRUE,16
(Intercept):1,-1.15012393005236,0.0438872090203927,TRUE,16
(Intercept):2,-1.53970219355995,0.0562582594692636,TRUE,16
Covariate:1,0.479039342211687,0.065579978792007,TRUE,16
Covariate:2,-0.40943456970123,0.076727875872007,TRUE,16
1-1,0.135739133929665,0.0408558271039409,TRUE,16
1-2,-0.0288944710711642,0.0218475168660768,TRUE,16
1-3,0.0197358525632697,0.0145139880071501,TRUE,16
2-2,0.170415884634537,0.0629467769301531,TRUE,16
2-3,0.00134640557476955,0.0161899193655133,TRUE,16
3-3,-0.200804521446011,0.0275202461735071,TRUE,16
(Intercept):1,-1.11869942876187,0.0430700241052692,TRUE,16
(Intercept):2,-1.59895796673607,0.0597060415218075,TRUE,16
Covariate:1,0.511381680052582,0.065806137615419,TRUE,16
Covariate:2,-0.528851834619536,0.0736249411792227,TRUE,16
1-1,0.0716018835177741,0.0432302547894224,TRUE,16
1-2,0.0208960697822703,0.0210344632462369,TRUE,16
1-3,-0.00335769979837961,0.0134255162741789,TRUE,16
2-2,0.189196800772072,0.0525684760341887,TRUE,16
2-3,-0.0143213949857233,0.0164934269139338,TRUE,16
3-3,-0.207559981730991,0.027742961374902,TRUE,16
(Intercept):1,-1.11785427463781,0.0431048210583239,TRUE,16
(Intercept):2,-1.56753774676522,0.054319959292235,TRUE,16
Covariate:1,0.483168949563311,0.0645810623204771,TRUE,16
Covariate:2,-0.502390752967307,0.0764714962243449,TRUE,16
1-1,0.154045612420417,0.0406658934628325,TRUE,16
1-2,-0.0231856014825015,0.021293498458632,TRUE,16
1-3,-0.0136621507792757,0.0139146101957508,TRUE,16
2-2,0.164498098705746,0.0601495698689855,TRUE,16
2-3,-0.0141136282307196,0.0153623398055054,TRUE,16
3-3,-0.203320461298721,0.0281258381062993,TRUE,16
(Intercept):1,-1.07700843434757,0.0426357614244453,TRUE,16
(Intercept):2,-1.67190064306344,0.0608056834689718,TRUE,16
Covariate:1,0.446485521179974,0.0646351663530023,TRUE,16
Covariate:2,-0.451127310974975,0.0789281150838319,TRUE,16
1-1,0.0611552272650685,0.0377304928542262,TRUE,16
1-2,0.000153989140851184,0.0218851556749833,TRUE,16
1-3,-0.0254693919319261,0.0138980229380367,TRUE,16
2-2,0.114017201652661,0.0615664294897578,TRUE,16
2-3,-0.0139467615704741,0.0160206963652625,TRUE,16
3-3,-0.266846596779337,0.0296851239834026,TRUE,16
(Intercept):1,-1.0951182625122,0.0431466715241373,TRUE,16
(Intercept):2,-1.69893566533048,0.05961922904981,TRUE,16
Covariate:1,0.430044933625728,0.0625047175695834,TRUE,16
Covariate:2,-0.527281043291069,0.0777682532685405,TRUE,16
1-1,0.143490023963082,0.0387282342157472,TRUE,16
1-2,0.00322009325675584,0.0213624701608012,TRUE,16
1-3,-0.00526903725608999,0.0135439251175535,TRUE,16
2-2,0.189894813630306,0.0526768961161621,TRUE,16
2-3,0.00588813635957312,0.0159593426864799,TRUE,16
3-3,-0.231162626048355,0.0283611039377769,TRUE,16
(Intercept):1,-1.05647385667514,0.0407597416762197,TRUE,16
(Intercept):2,-1.60187451020649,0.0541916126158533,TRUE,16
Covariate:1,0.474567107739459,0.0648557679247963,TRUE,16
Covariate:2,-0.35701335545347,0.0729472333651012,FALSE,16
1-1,0.134047850108434,0.0395028118213548,TRUE,16
1-2,-0.0126488205102095,0.0217520490212035,TRUE,16
1-3,-0.0171347393882474,0.0138528320410334,TRUE,16
2-2,0.22622905055078,0.05332154337037,TRUE,16
2-3,-0.0193874134635813,0.0157930481738788,TRUE,16
3-3,-0.233466434611838,0.0291634512692492,TRUE,16
(Intercept):1,-1.06177365257408,0.0414249001932917,TRUE,16
(Intercept):2,-1.59654961702133,0.0577202073915991,TRUE,16
Covariate:1,0.570458420535014,0.0653679158714484,TRUE,16
Covariate:2,-0.513341691017349,0.0750868179333425,TRUE,16
1-1,0.0168929515555507,0.0431868485388697,TRUE,16
1-2,0.00159554087140715,0.0221046212780393,TRUE,16
1-3,0.00565936065953698,0.0142071640349173,TRUE,16
2-2,0.105252509010993,0.0637822202402783,TRUE,16
2-3,-3.38682195571075e-05,0.0162965642033455,TRUE,16
3-3,-0.223352005297919,0.028880501696348,TRUE,16
(Intercept):1,-1.084790998654,0.0428685790033485,TRUE,16
(Intercept):2,-1.62399280211762,0.0553232408113912,TRUE,16
Covariate:1,0.519396637229304,0.0632815994088856,TRUE,16
Covariate:2,-0.537164879192995,0.0772044965891394,TRUE,16
1-1,0.101512941931309,0.0406184877615054,TRUE,16
1-2,-0.00604622839437514,0.0200019251923964,TRUE,16
1-3,0.00565444815704306,0.014333234699997,TRUE,16
2-2,0.21725345840102,0.048345417850476,TRUE,16
2-3,0.0167678704852424,0.0152549699568932,TRUE,16
3-3,-0.211198503895456,0.0286722921958615,TRUE,16
(Intercept):1,-1.10692950223729,0.0423540724243527,TRUE,16
(Intercept):2,-1.58882072943694,0.0556067074053898,TRUE,16
Covariate:1,0.474533258585671,0.0633129286532398,TRUE,16
Covariate:2,-0.5478789382604,0.076363196189529,TRUE,16
1-1,0.0909392535363424,0.0396451986010549,TRUE,16
1-2,-0.000334197000864946,0.0202274304368075,TRUE,16
1-3,-0.00520606269830549,0.0142793050079239,TRUE,16
2-2,0.141174919504531,0.0607529704502629,TRUE,16
2-3,0.00530121273377482,0.015956133320209,TRUE,16
3-3,-0.209547853694067,0.0282102862325491,TRUE,16
(Intercept):1,-1.08587467805329,0.0417434364354551,TRUE,16
(Intercept):2,-1.54858080478541,0.0553033154705065,TRUE,16
Covariate:1,0.594032968518562,0.0679987831751203,TRUE,16
Covariate:2,-0.501841424381488,0.0778965507812211,TRUE,16
1-1,0.179095473114087,0.0374218325585007,FALSE,16
1-2,-0.0137892411980805,0.021435358554193,TRUE,16
1-3,0.0028318393407103,0.0134830099522953,TRUE,16
2-2,0.26439819847267,0.0544453708585718,TRUE,16
2-3,-0.0198551844959979,0.0161038253600972,TRUE,16
3-3,-0.207238496118401,0.0306897903769058,TRUE,16
(Intercept):1,-1.06753458127529,0.0424328267175688,TRUE,16
(Intercept):2,-1.5379258528537,0.0571229526044149,TRUE,16
Covariate:1,0.451482424594604,0.0649593607790746,TRUE,16
Covariate:2,-0.572725825974987,0.079272401949323,TRUE,16
1-1,0.0671907466055754,0.0380324578815529,TRUE,16
1-2,-0.0141689668708925,0.0221134285392401,TRUE,16
1-3,-0.0166870420681489,0.0133746860988058,TRUE,16
2-2,0.130008846489009,0.0540803259869208,TRUE,16
2-3,-0.040336272429509,0.0156626312346264,FALSE,16
3-3,-0.284848214036705,0.0285239833950005,FALSE,16
(Intercept):1,-1.05491888785415,0.0419604005847385,TRUE,16
(Intercept):2,-1.5056791731501,0.0550254306112964,TRUE,16
Covariate:1,0.444756297583949,0.0638983461061486,TRUE,16
Covariate:2,-0.329559139139483,0.0764698397109846,FALSE,16
1-1,0.0806523914681812,0.0388860644529429,TRUE,16
1-2,-0.028312638173405,0.0201531075845485,TRUE,16
1-3,-0.00141326838403805,0.0141542930245245,TRUE,16
2-2,0.0786965750773295,0.066965497736642,TRUE,16
2-3,-0.00347795168620114,0.0162847478106984,TRUE,16
3-3,-0.197740920831714,0.0287580292758745,TRUE,16
(Intercept):1,-1.07417585972452,0.0439090371392902,TRUE,16
(Intercept):2,-1.57234045166942,0.0558570065182094,TRUE,16
Covariate:1,0.652729022653046,0.065754306288061,FALSE,16
Covariate:2,-0.483669614111509,0.0754534549826413,TRUE,16
1-1,0.015572378829097,0.0421543663826269,TRUE,16
1-2,-0.00152986642834556,0.0210643129947115,TRUE,16
1-3,-0.0429456079836584,0.0143632634063759,FALSE,16
2-2,0.163310060375733,0.053610714360628,TRUE,16
2-3,-0.0459076831340964,0.0163965869632344,FALSE,16
3-3,-0.256388155966884,0.0293706999754507,TRUE,16
(Intercept):1,-1.0793286213648,0.0437092027613505,TRUE,16
(Intercept):2,-1.62743958850889,0.0597754878273045,TRUE,16
Covariate:1,0.535573628638158,0.0677162611308159,TRUE,16
Covariate:2,-0.580026406157739,0.077280500936063,TRUE,16
1-1,0.0444072123203794,0.0444153764035322,TRUE,16
1-2,-0.0309453031144879,0.0220343250960787,TRUE,16
1-3,-0.0234799002391077,0.0143246828429883,TRUE,16
2-2,0.215612052639105,0.0568961576874267,TRUE,16
2-3,-0.00928055916892374,0.0160369339308533,TRUE,16
3-3,-0.234630525231015,0.0283739622070004,TRUE,16
(Intercept):1,-1.02644111507025,0.0411908832879973,TRUE,16
(Intercept):2,-1.58447276334693,0.0588515880771888,TRUE,16
Covariate:1,0.577354745032181,0.0643933070676732,TRUE,16
Covariate:2,-0.382817461864812,0.0786527834843179,TRUE,16
1-1,-0.0539583302892325,0.0470856325289787,FALSE,16
1-2,-0.037982662097091,0.0200196515670355,TRUE,16
1-3,-0.0102172979763667,0.0135624468140393,TRUE,16
2-2,0.195105679912433,0.0559677453236408,TRUE,16
2-3,-0.0131274704555502,0.0162391128240421,TRUE,16
3-3,-0.284598152447668,0.0288219200912052,FALSE,16
(Intercept):1,-1.07915348024734,0.0422353920740236,TRUE,16
(Intercept):2,-1.54099688777142,0.0560812581181961,TRUE,16
Covariate:1,0.59404604611209,0.0636420145199562,TRUE,16
Covariate:2,-0.450515646313794,0.0751606886719479,TRUE,16
1-1,0.098082821984915,0.0429464965758815,TRUE,16
1-2,-0.0190041789052022,0.0205544508668555,TRUE,16
1-3,-0.00573419191211542,0.013639579920321,TRUE,16
2-2,0.254708872869995,0.0532717878647584,TRUE,16
2-3,-0.0170406923886591,0.0157274322428261,TRUE,16
3-3,-0.198015825960108,0.028090432085846,TRUE,16
(Intercept):1,-1.12569910306506,0.0435854895383022,TRUE,16
(Intercept):2,-1.6803337580367,0.0584009161771506,TRUE,16
Covariate:1,0.539567472294832,0.0648744126185082,TRUE,16
Covariate:2,-0.361341315980911,0.0772079414031191,TRUE,16
1-1,0.120684927261371,0.0409999898699317,TRUE,16
1-2,-0.0124694748688337,0.022476394256776,TRUE,16
1-3,-0.00320537809533428,0.0144230712487088,TRUE,16
2-2,0.189258289443509,0.0580292615121778,TRUE,16
2-3,0.00566580749950719,0.0163854183019447,TRUE,16
3-3,-0.294714991071073,0.0293565015035281,FALSE,16
(Intercept):1,-1.00359192546437,0.0402565890780621,FALSE,16
(Intercept):2,-1.65219957668271,0.0559267296408339,TRUE,16
Covariate:1,0.490941927993525,0.0608217284903714,TRUE,16
Covariate:2,-0.61178057391701,0.0726775041875215,TRUE,16
1-1,0.0222364851601732,0.0406200411732769,TRUE,16
1-2,-0.0192394690868459,0.0207113424796528,TRUE,16
1-3,-0.00786923622089627,0.0134370653344869,TRUE,16
2-2,0.223228323704326,0.0487231357533911,TRUE,16
2-3,0.00251290841733833,0.0154619936272126,TRUE,16
3-3,-0.240124087019676,0.0278285251025556,TRUE,16
(Intercept):1,-0.987907713637488,0.0413012368157832,FALSE,16
(Intercept):2,-1.57191771623257,0.0587173101899353,TRUE,16
Covariate:1,0.574052845637363,0.0625586258790608,TRUE,16
Covariate:2,-0.434457287282871,0.0802825056587573,TRUE,16
1-1,0.0805120136969089,0.0414233524970314,TRUE,16
1-2,-0.0130194186028376,0.021623413758793,TRUE,16
1-3,-0.0152738693475193,0.0132403338174275,TRUE,16
2-2,0.106138026000667,0.0563736794143058,TRUE,16
2-3,0.012260157083446,0.015979211744388,TRUE,16
3-3,-0.215426032810746,0.0294355928927983,TRUE,16
(Intercept):1,-1.04492683411096,0.043269996858223,TRUE,16
(Intercept):2,-1.50376195980107,0.0562329980373101,TRUE,16
Covariate:1,0.499334442397641,0.0652980869293451,TRUE,16
Covariate:2,-0.472302645689248,0.0760790057411327,TRUE,16
1-1,0.072326034748092,0.0422346260199793,TRUE,16
1-2,-0.00612674721536905,0.0211672231896772,TRUE,16
1-3,-0.0177075552137472,0.0138304183453084,TRUE,16
2-2,0.194526338466063,0.0545627937294413,TRUE,16
2-3,-0.0331802861815684,0.015167820889942,FALSE,16
3-3,-0.22494911796794,0.030468470172356,TRUE,16
(Intercept):1,-1.09450200069149,0.042509466046295,TRUE,16
(Intercept):2,-1.62085142318501,0.0562575821150986,TRUE,16
Covariate:1,0.464121432030931,0.0613944012577732,TRUE,16
Covariate:2,-0.602151451599586,0.0767140796533204,TRUE,16
1-1,0.135821047545217,0.0387430599107007,TRUE,16
1-2,0.00402608498337671,0.0204872935326125,TRUE,16
1-3,0.012952484130911,0.0136543623645602,TRUE,16
2-2,0.256535980523921,0.0527680380315166,TRUE,16
2-3,0.00690303190194614,0.0153852484546212,TRUE,16
3-3,-0.222157381158802,0.0283876651857805,TRUE,16
(Intercept):1,-1.12696437220058,0.0440516508536838,TRUE,16
(Intercept):2,-1.60336706251283,0.0575697266331354,TRUE,16
Covariate:1,0.522886805175008,0.0657405146666575,TRUE,16
Covariate:2,-0.454027438686773,0.0765176145396027,TRUE,16
1-1,0.0917486749027544,0.0430846043426107,TRUE,16
1-2,0.00779176217389776,0.0217219295488746,TRUE,16
1-3,0.00358647153245174,0.0136007994871268,TRUE,16
2-2,0.193158103417172,0.0557246345269701,TRUE,16
2-3,-0.00831970240774384,0.017020120193582,TRUE,16
3-3,-0.199390276572002,0.0292531424927786,TRUE,16
(Intercept):1,-1.18338957958518,0.0438678411905604,TRUE,16
(Intercept):2,-1.62877311497304,0.0562475530474641,TRUE,16
Covariate:1,0.573337607076583,0.0641827328335519,TRUE,16
Covariate:2,-0.482684267473317,0.0791013845766083,TRUE,16
1-1,0.10767079040406,0.0399134189742715,TRUE,16
1-2,0.0165779264616029,0.020356806773986,TRUE,16
1-3,0.00417596434700909,0.0139841936338491,TRUE,16
2-2,0.134299713940841,0.0578093860784809,TRUE,16
2-3,-0.00407912845977522,0.0164957643539254,TRUE,16
3-3,-0.288115643483305,0.0308119751786356,FALSE,16
(Intercept):1,-1.16994572550075,0.0449860929975182,TRUE,16
(Intercept):2,-1.57593914111534,0.0571609324003542,TRUE,16
Covariate:1,0.512942704662582,0.063131179763642,TRUE,16
Covariate:2,-0.576218977672667,0.0751293508027228,TRUE,16
1-1,0.0869528493022517,0.0448781510595592,TRUE,16
1-2,0.0212719045876943,0.020669315556347,TRUE,16
1-3,-0.00239273527656217,0.0146928624712054,TRUE,16
2-2,0.12899361120854,0.0593834710354346,TRUE,16
2-3,-0.02469812730073,0.0156822849172574,TRUE,16
3-3,-0.281159754488535,0.02996378901795,TRUE,16
(Intercept):1,-1.09478748860603,0.0415420758126624,TRUE,16
(Intercept):2,-1.59244353238805,0.0577523801813847,TRUE,16
Covariate:1,0.48251650604635,0.0635546185776255,TRUE,16
Covariate:2,-0.527077253520342,0.0787412441535866,TRUE,16
1-1,0.103810218176293,0.0414022104081993,TRUE,16
1-2,0.0082138798105987,0.0215848748463006,TRUE,16
1-3,0.0103170610942381,0.0136186528736189,TRUE,16
2-2,0.196419107071254,0.0610540679713167,TRUE,16
2-3,5.23153802381368e-05,0.0157155161506754,TRUE,16
3-3,-0.15697838947674,0.027092629247968,FALSE,16
(Intercept):1,-1.12253161823218,0.0435064727522234,TRUE,16
(Intercept):2,-1.61287733990701,0.0573239678435615,TRUE,16
Covariate:1,0.495027935422549,0.0624785672860819,TRUE,16
Covariate:2,-0.497708054637668,0.0733317983520136,TRUE,16
1-1,0.116341325868819,0.0416363375722033,TRUE,16
1-2,-0.025090194540226,0.0216931807904263,TRUE,16
1-3,0.0167174997556583,0.0141073695387659,TRUE,16
2-2,0.223246861778023,0.057273675036491,TRUE,16
2-3,0.0079890315050814,0.0158316200239035,TRUE,16
3-3,-0.221818341936992,0.0283331638993715,TRUE,16
(Intercept):1,-1.05980438222884,0.0411761836219143,TRUE,16
(Intercept):2,-1.63412037245497,0.0590626294722434,TRUE,16
Covariate:1,0.38191380476131,0.0622992690137688,TRUE,16
Covariate:2,-0.434918585809237,0.0787852156428659,TRUE,16
1-1,0.0965220090696495,0.0409296944994568,TRUE,16
1-2,-0.0149676461155332,0.0210967441000673,TRUE,16
1-3,-0.0137878790310468,0.0135423769222102,TRUE,16
2-2,0.0661386557504736,0.0598504785601556,TRUE,16
2-3,-0.00365243980130346,0.0161042330958916,TRUE,16
3-3,-0.244417094966637,0.0293297502094126,TRUE,16
(Intercept):1,-1.04534728499935,0.0436670184196684,TRUE,16
(Intercept):2,-1.57870457298844,0.0582075877021183,TRUE,16
Covariate:1,0.437319535640188,0.0671456421578154,TRUE,16
Covariate:2,-0.605841032527892,0.0780032557883313,TRUE,16
1-1,0.0415186493439561,0.0398947729990348,TRUE,16
1-2,0.00437872406633166,0.021815271821411,TRUE,16
1-3,-0.0125906386105338,0.0144816088884533,TRUE,16
2-2,0.194096231330038,0.0614736055946998,TRUE,16
2-3,-0.0162049693310772,0.0162859975197908,TRUE,16
3-3,-0.218729336654545,0.0282295180495964,TRUE,16
(Intercept):1,-1.17486439813225,0.0446587224964126,TRUE,16
(Intercept):2,-1.51707175240906,0.0565078712591672,TRUE,16
Covariate:1,0.377810433681901,0.0656553636509633,TRUE,16
Covariate:2,-0.590428953759013,0.0737927891988204,TRUE,16
1-1,0.114135555154739,0.0392510222004332,TRUE,16
1-2,-0.0303483081344442,0.0229095562600853,TRUE,16
1-3,0.0146339537473179,0.0150088577751845,TRUE,16
2-2,0.117813780468768,0.0564828888051097,TRUE,16
2-3,-0.0120211284647439,0.0162190080588482,TRUE,16
3-3,-0.269154164685272,0.0297378655360435,TRUE,16
(Intercept):1,-1.11109921300971,0.0428904594257447,TRUE,16
(Intercept):2,-1.63880530978021,0.0589928592390015,TRUE,16
Covariate:1,0.542505569054815,0.0613161528195915,TRUE,16
Covariate:2,-0.441859757829821,0.0793301993124992,TRUE,16
1-1,0.0912624748941898,0.0388677121249425,TRUE,16
1-2,0.0109993637575716,0.0218106221180967,TRUE,16
1-3,-0.00840998837024496,0.0143444838355392,TRUE,16
2-2,0.194110754665838,0.061893975463992,TRUE,16
2-3,-0.0192245907480229,0.0165406638756119,TRUE,16
3-3,-0.280775605634824,0.0302223987018288,TRUE,16
(Intercept):1,-1.05239510374843,0.0417091789057828,TRUE,16
(Intercept):2,-1.55996370238005,0.0550889184426809,TRUE,16
Covariate:1,0.522524243853679,0.0646612673944026,TRUE,16
Covariate:2,-0.365200134150809,0.0790217484746625,TRUE,16
1-1,0.0988350366912986,0.0408320982267441,TRUE,16
1-2,-0.0300045413700372,0.0214980529847967,TRUE,16
1-3,-0.00584782554480244,0.0140064913693262,TRUE,16
2-2,0.0974638432696293,0.0635318025290634,TRUE,16
2-3,-0.00673824207256842,0.0163378626891492,TRUE,16
3-3,-0.237072449678759,0.0279368776582496,TRUE,16
(Intercept):1,-1.03713961305245,0.041439115310967,TRUE,16
(Intercept):2,-1.60371991986853,0.0559076904692469,TRUE,16
Covariate:1,0.509488316197622,0.0639210710978845,TRUE,16
Covariate:2,-0.468556044781515,0.0782607706615343,TRUE,16
1-1,0.0679030909951513,0.0403875801435615,TRUE,16
1-2,-0.0125769820249221,0.0200819699678514,TRUE,16
1-3,-0.0291155922425127,0.0134993093755919,FALSE,16
2-2,0.228015684451187,0.0565439613071925,TRUE,16
2-3,-0.0123821824718719,0.0160941467357757,TRUE,16
3-3,-0.221573892374217,0.027585026687278,TRUE,16
(Intercept):1,-1.04695744538069,0.0423305867766265,TRUE,16
(Intercept):2,-1.50325044084719,0.0550257503368594,TRUE,16
Covariate:1,0.464943182228682,0.0667477994443632,TRUE,16
Covariate:2,-0.446762813982974,0.0733279797398092,TRUE,16
1-1,0.0609575643450596,0.0414220369266097,TRUE,16
1-2,-0.0304301795467668,0.0205349886039299,TRUE,16
1-3,-0.0170541849891557,0.0135594751051245,TRUE,16
2-2,0.0805187651246703,0.0628871399659248,TRUE,16
2-3,-0.0295188379129894,0.0160587513687145,TRUE,16
3-3,-0.239391504661178,0.0291306104872183,TRUE,16
(Intercept):1,-1.0813183792324,0.0424257611952632,TRUE,16
(Intercept):2,-1.58305678540269,0.0570761016399863,TRUE,16
Covariate:1,0.525460668264947,0.0644943445568466,TRUE,16
Covariate:2,-0.473897479598603,0.0775091238739694,TRUE,16
1-1,0.0739113564900023,0.0413174173670157,TRUE,16
1-2,0.00305712659005855,0.0215649426046437,TRUE,16
1-3,-0.0241940676403458,0.0143064868444069,TRUE,16
2-2,0.139208940016926,0.0555402282145693,TRUE,16
2-3,-0.029454655870632,0.0164325353566548,TRUE,16
3-3,-0.266119938015101,0.0299786063747554,TRUE,16
(Intercept):1,-1.08912176700111,0.0423063159926604,TRUE,16
(Intercept):2,-1.5320785285329,0.0556744299611829,TRUE,16
Covariate:1,0.555566682535223,0.0656492430145627,TRUE,16
Covariate:2,-0.414467082187152,0.0755447459313153,TRUE,16
1-1,0.047545692457827,0.0409753521667196,TRUE,16
1-2,-0.0256612705298072,0.0210825623087864,TRUE,16
1-3,-0.0143946820236829,0.0134055024100397,TRUE,16
2-2,0.164730083341073,0.0558091183575741,TRUE,16
2-3,-0.0238040828810894,0.0160652981103455,TRUE,16
3-3,-0.263209471651457,0.0281916596083892,TRUE,16
(Intercept):1,-1.00384213280051,0.0398578231605221,FALSE,16
(Intercept):2,-1.5018421299922,0.0577799241067821,TRUE,16
Covariate:1,0.500474974327914,0.0624000346220665,TRUE,16
Covariate:2,-0.490627052906334,0.0731996040306869,TRUE,16
1-1,0.0835667088210955,0.0399910672918022,TRUE,16
1-2,-0.0144964357521493,0.020514103252137,TRUE,16
1-3,-0.0164460911294313,0.0136702492813194,TRUE,16
2-2,0.0761558235064499,0.0614120544782012,TRUE,16
2-3,0.000921504453453691,0.0166045338529839,TRUE,16
3-3,-0.19956645921163,0.0283696503723812,TRUE,16
(Intercept):1,-1.07604684590676,0.0427074877413758,TRUE,16
(Intercept):2,-1.66376195171244,0.0608978676569964,TRUE,16
Covariate:1,0.453145332290823,0.063176301851848,TRUE,16
Covariate:2,-0.510007970774827,0.0792524026033631,TRUE,16
1-1,0.0744622556492744,0.0412185862508351,TRUE,16
1-2,0.0296906156403824,0.0222443622212286,TRUE,16
1-3,-0.0164612295725082,0.0138566250680409,TRUE,16
2-2,0.155798183881807,0.0538434355156834,TRUE,16
2-3,0.00544509366372322,0.0168775720503523,TRUE,16
3-3,-0.240224665916694,0.0280283633692572,TRUE,16
(Intercept):1,-1.10138846388163,0.0428221623793151,TRUE,16
(Intercept):2,-1.60335436978729,0.0574591946361887,TRUE,16
Covariate:1,0.621301237397033,0.0683666348774825,TRUE,16
Covariate:2,-0.45297355345539,0.079951978797044,TRUE,16
1-1,0.102409892958243,0.0414478769293555,TRUE,16
1-2,-0.00767468725559495,0.0216477825722416,TRUE,16
1-3,-0.00686998867119623,0.0140852051203572,TRUE,16
2-2,0.0747849011056732,0.0663855093566523,TRUE,16
2-3,0.00721920813485528,0.0162453503289378,TRUE,16
3-3,-0.210242557703324,0.0283438418758739,TRUE,16
(Intercept):1,-1.12301074817227,0.0440361434919338,TRUE,16
(Intercept):2,-1.66559487873302,0.0609000574148563,TRUE,16
Covariate:1,0.531313619868028,0.0648242863794323,TRUE,16
Covariate:2,-0.579507747822938,0.0762576890517343,TRUE,16
1-1,0.115083472460443,0.0393830622944759,TRUE,16
1-2,0.000462433844149424,0.0222831196409457,TRUE,16
1-3,0.0127796612152927,0.014256407891156,TRUE,16
2-2,0.230673320391425,0.0536934872372743,TRUE,16
2-3,0.0186948455571767,0.0165028541696744,TRUE,16
3-3,-0.22600767299224,0.0287840679177459,TRUE,16
(Intercept):1,-1.07772342874738,0.0445525458747107,TRUE,16
(Intercept):2,-1.6507313702838,0.0568268047331598,TRUE,16
Covariate:1,0.60908879319613,0.063524056976319,TRUE,16
Covariate:2,-0.434335119062641,0.0798054757218213,TRUE,16
1-1,0.114456898030764,0.0373031355487468,TRUE,16
1-2,-0.00368342394772451,0.0218647018217811,TRUE,16
1-3,-0.0212770009903019,0.0144347256171073,TRUE,16
2-2,0.162110631881233,0.0573074626207852,TRUE,16
2-3,-0.00356758377603558,0.0151513887019706,TRUE,16
3-3,-0.238263135338949,0.02853682484855,TRUE,16
(Intercept):1,-1.15115954240974,0.042987397618631,TRUE,16
(Intercept):2,-1.65865289521839,0.0535577161254767,TRUE,16
Covariate:1,0.473201216975377,0.0626585515793105,TRUE,16
Covariate:2,-0.427792255587915,0.0758282887249842,TRUE,16
1-1,0.193467935062637,0.0396800640336787,FALSE,16
1-2,0.000173331452724377,0.0203343904422482,TRUE,16
1-3,-0.000626831960780434,0.0146233670605791,TRUE,16
2-2,0.263045263082246,0.0623044058557442,TRUE,16
2-3,0.00724234321080479,0.015761176820109,TRUE,16
3-3,-0.198401780716518,0.0285429354814379,TRUE,16
(Intercept):1,-1.00536576864216,0.0443223924351525,FALSE,16
(Intercept):2,-1.58864885957563,0.0565178937669166,TRUE,16
Covariate:1,0.405256128667473,0.0617955851074207,TRUE,16
Covariate:2,-0.4510048463196,0.0739798975041723,TRUE,16
1-1,-0.00232403560896748,0.0413335339803769,FALSE,16
1-2,-0.0554535420996256,0.023065494516738,FALSE,16
1-3,-0.0280982689328337,0.0143637195583386,TRUE,16
2-2,0.183463339249838,0.0568482139283451,TRUE,16
2-3,-0.000783800225785942,0.0159809677759526,TRUE,16
3-3,-0.230426064939139,0.0277934134847296,TRUE,16
(Intercept):1,-1.13945046909645,0.0437080856755365,TRUE,16
(Intercept):2,-1.63169716995683,0.0564954499389227,TRUE,16
Covariate:1,0.488924764185689,0.0629254502956216,TRUE,16
Covariate:2,-0.590302380211727,0.0769606324520624,TRUE,16
1-1,0.122952456715692,0.0399499526145476,TRUE,16
1-2,-0.00969671937684129,0.0211454688425641,TRUE,16
1-3,-0.0375554963225202,0.0129586777065635,FALSE,16
2-2,0.0854642969675187,0.0668413190073698,TRUE,16
2-3,-0.0255251219371766,0.0158162795721301,TRUE,16
3-3,-0.229743453585582,0.028584488046406,TRUE,16
(Intercept):1,-1.18601200396718,0.0458229468582632,TRUE,16
(Intercept):2,-1.66620718003885,0.0573014040119983,TRUE,16
Covariate:1,0.552197265523038,0.0659538975688539,TRUE,16
Covariate:2,-0.568969271538554,0.0800223393758266,TRUE,16
1-1,0.0862599591123027,0.0423225520742418,TRUE,16
1-2,0.0243034709450936,0.0223814415259594,TRUE,16
1-3,-0.0117548412897766,0.0151296951241465,TRUE,16
2-2,0.230609315179693,0.0554865306776939,TRUE,16
2-3,-0.0223975106554166,0.0162029914094805,TRUE,16
3-3,-0.26059767801937,0.0304007773288915,TRUE,16
(Intercept):1,-1.09255263748847,0.0440836473899462,TRUE,16
(Intercept):2,-1.61142727016346,0.0566728991748986,TRUE,16
Covariate:1,0.472669681138364,0.0637891155053463,TRUE,16
Covariate:2,-0.574919351132945,0.0753012461583647,TRUE,16
1-1,0.117237872680154,0.0416187721856558,TRUE,16
1-2,0.00499790294425088,0.0219413076845925,TRUE,16
1-3,-0.00166199836873248,0.0136679084958153,TRUE,16
2-2,0.133005228734081,0.06237579365837,TRUE,16
2-3,0.00205863470661646,0.0153840482353612,TRUE,16
3-3,-0.226569630019664,0.0268103656508179,TRUE,16
(Intercept):1,-1.11625071213039,0.0433914851661683,TRUE,16
(Intercept):2,-1.57908093501241,0.0566677047881834,TRUE,16
Covariate:1,0.585518945199816,0.0617199597291643,TRUE,16
Covariate:2,-0.453762932608542,0.0760438342077252,TRUE,16
1-1,0.15250184117379,0.0398572860268064,TRUE,16
1-2,0.0371709770174946,0.0204019633878567,TRUE,16
1-3,-0.00441017746591322,0.0139184211369574,TRUE,16
2-2,0.153071217412536,0.0497841043046261,TRUE,16
2-3,0.0112371173646535,0.0160498413210177,TRUE,16
3-3,-0.203090325555356,0.0287624914509383,TRUE,16
(Intercept):1,-1.103031890641,0.0422341647189136,TRUE,16
(Intercept):2,-1.60565223599647,0.0587170709045441,TRUE,16
Covariate:1,0.423097429807307,0.0654544455251827,TRUE,16
Covariate:2,-0.592934432904108,0.0770410107045606,TRUE,16
1-1,0.0809929229034768,0.0450885249483346,TRUE,16
1-2,0.0349309544701645,0.0213640043535964,TRUE,16
1-3,0.00518544023467368,0.0138863077526744,TRUE,16
2-2,0.116484477990063,0.0538300041931939,TRUE,16
2-3,0.0108543904302172,0.0154658564523994,TRUE,16
3-3,-0.21063385913273,0.0282826816819517,TRUE,16
(Intercept):1,-1.06427544409976,0.042804822194411,TRUE,16
(Intercept):2,-1.68697084553905,0.0578802841169992,TRUE,16
Covariate:1,0.419395191008473,0.0613308583999022,TRUE,16
Covariate:2,-0.599085199159819,0.0759157007234615,TRUE,16
1-1,0.134516302016378,0.0371800651203898,TRUE,16
1-2,0.0299725036764331,0.0214081873520512,TRUE,16
1-3,-0.0196123844936939,0.0138946764413284,TRUE,16
2-2,0.191336090010093,0.0579373778022335,TRUE,16
2-3,0.00708464018463923,0.0152582448229743,TRUE,16
3-3,-0.213436431648091,0.0283918384715006,TRUE,16
(Intercept):1,-1.16290697727088,0.0461737052471637,TRUE,16
(Intercept):2,-1.64269437221084,0.0576572077686327,TRUE,16
Covariate:1,0.496583591716214,0.0647666434149907,TRUE,16
Covariate:2,-0.523731239340679,0.0779367909149353,TRUE,16
1-1,0.0986564060555336,0.0408770449837734,TRUE,16
1-2,0.0398332025581619,0.0218007497039681,TRUE,16
1-3,-0.00100332402975751,0.0136530330276812,TRUE,16
2-2,0.164124649313821,0.062113489637289,TRUE,16
2-3,-0.0129770811818122,0.0166888402782497,TRUE,16
3-3,-0.249312013940502,0.0291574509498753,TRUE,16
(Intercept):1,-1.12377720054507,0.0410514607726629,TRUE,16
(Intercept):2,-1.67030724477668,0.055862020485799,TRUE,16
Covariate:1,0.577017127704586,0.0647263419071538,TRUE,16
Covariate:2,-0.425369582636351,0.0769498075497137,TRUE,16
1-1,0.0571893448359384,0.0406862977218473,TRUE,16
1-2,0.011796685227445,0.0202347598784709,TRUE,16
1-3,-0.00826300841601504,0.0135432065464868,TRUE,16
2-2,0.137411556130356,0.0637610594586932,TRUE,16
2-3,0.00017201058609712,0.0153483016724811,TRUE,16
3-3,-0.264965717526281,0.0283642004575649,TRUE,16
(Intercept):1,-1.18186119449017,0.0436476598842957,TRUE,16
(Intercept):2,-1.72835670369328,0.0588400227351901,FALSE,16
Covariate:1,0.557010396220758,0.0597918655897067,TRUE,16
Covariate:2,-0.421861810852713,0.0732018167604024,TRUE,16
1-1,0.151224467946274,0.0393705713972563,TRUE,16
1-2,0.0220584157039485,0.0211750202119527,TRUE,16
1-3,0.0172141608032529,0.0143096796991606,TRUE,16
2-2,0.365286945696381,0.0505501024322374,FALSE,16
2-3,0.0295136668264863,0.0151592874330619,TRUE,16
3-3,-0.195543191293134,0.028146363383744,TRUE,16
(Intercept):1,-1.07093439107022,0.0414511573921957,TRUE,16
(Intercept):2,-1.69145159548952,0.0599494848666085,TRUE,16
Covariate:1,0.465667788289173,0.0643488784992615,TRUE,16
Covariate:2,-0.466931534665202,0.0768421438091848,TRUE,16
1-1,0.113407563083635,0.0387309866754216,TRUE,16
1-2,0.0111002948795134,0.020169518126327,TRUE,16
1-3,-0.0132868937197455,0.0132901682862045,TRUE,16
2-2,0.117647917312662,0.0623143953634614,TRUE,16
2-3,-0.00143643581584294,0.0159995056860066,TRUE,16
3-3,-0.235680828648441,0.0281238657855668,TRUE,16
(Intercept):1,-1.09234352894175,0.043711230569409,TRUE,16
(Intercept):2,-1.56662809766415,0.0547787277200234,TRUE,16
Covariate:1,0.518911007864053,0.0652753318950752,TRUE,16
Covariate:2,-0.405366585762266,0.0781866555008319,TRUE,16
1-1,0.0568234922237881,0.0423208029224802,TRUE,16
1-2,0.00277989587733832,0.0200541261571585,TRUE,16
1-3,-0.0138754480833815,0.0139739422308355,TRUE,16
2-2,0.268793079968493,0.0488421393428926,TRUE,16
2-3,-0.0215147869018377,0.0154632487383046,TRUE,16
3-3,-0.235003382908785,0.0291315982878619,TRUE,16
(Intercept):1,-1.10877585539798,0.0448853257535495,TRUE,16
(Intercept):2,-1.58573200838792,0.0568854477095394,TRUE,16
Covariate:1,0.573828791927573,0.0620058909406053,TRUE,16
Covariate:2,-0.367297697348742,0.0764011435045739,TRUE,16
1-1,0.0449291997771491,0.0420214941629658,TRUE,16
1-2,0.00181155629853319,0.019640643416078,TRUE,16
1-3,-0.00980185629660467,0.0138457156372645,TRUE,16
2-2,0.0820226784516887,0.0718511856826228,TRUE,16
2-3,0.00409982214082884,0.01590226172322,TRUE,16
3-3,-0.219477105943043,0.0284968638256081,TRUE,16
(Intercept):1,-1.14341900948671,0.0429126500693634,TRUE,16
(Intercept):2,-1.6270130777372,0.0580933843375915,TRUE,16
Covariate:1,0.359236484816583,0.0621519665211261,FALSE,16
Covariate:2,-0.570686943038555,0.0761105636208071,TRUE,16
1-1,0.130544256148055,0.0374782429823409,TRUE,16
1-2,-0.00778036410598859,0.0204473066361661,TRUE,16
1-3,-0.00703318103932166,0.0134129201902029,TRUE,16
2-2,0.155402969314449,0.0589524102420125,TRUE,16
2-3,-0.0171580670149357,0.0157592802629855,TRUE,16
3-3,-0.248528578774309,0.02786448276374,TRUE,16
(Intercept):1,-1.06520409348259,0.0391090150352651,TRUE,16
(Intercept):2,-1.56885470375068,0.0597394135783124,TRUE,16
Covariate:1,0.576996624761202,0.0630762953777799,TRUE,16
Covariate:2,-0.449977075500386,0.0790887701360588,TRUE,16
1-1,0.0958285658680338,0.0375890590073523,TRUE,16
1-2,-0.00119297587724625,0.0214163057445275,TRUE,16
1-3,-0.00648075238720552,0.0135407382623417,TRUE,16
2-2,0.177283946516523,0.0583571638348453,TRUE,16
2-3,-0.023282627486845,0.0166112425278536,TRUE,16
3-3,-0.217764125419871,0.0292977716132167,TRUE,16
(Intercept):1,-1.10190840666134,0.0413015888008759,TRUE,16
(Intercept):2,-1.65531785700384,0.0564155908352648,TRUE,16
Covariate:1,0.480143898245838,0.0634108034973414,TRUE,16
Covariate:2,-0.49642769011142,0.0778522660405337,TRUE,16
1-1,0.0370792642327436,0.0417187046884899,TRUE,16
1-2,-0.0281676518183878,0.0221967949188347,TRUE,16
1-3,-0.0196997411812805,0.0139996465684497,TRUE,16
2-2,0.234860038701022,0.0560095324593037,TRUE,16
2-3,0.00281653468806054,0.0152700180581584,TRUE,16
3-3,-0.268808259410056,0.0293552177180474,TRUE,16
(Intercept):1,-1.04554452808237,0.0413708471378831,TRUE,16
(Intercept):2,-1.61185420428662,0.0563992040555576,TRUE,16
Covariate:1,0.515411940592239,0.0677091506056122,TRUE,16
Covariate:2,-0.560574611985528,0.0752884024522899,TRUE,16
1-1,0.0637916309924652,0.0426818943529648,TRUE,16
1-2,-0.00458286883226421,0.0217241634372191,TRUE,16
1-3,-0.0336947858958964,0.0132081877875662,FALSE,16
2-2,0.136809989375183,0.0630631553839672,TRUE,16
2-3,-0.0231200992152596,0.015997877554059,TRUE,16
3-3,-0.235737284116445,0.0286369373873575,TRUE,16
(Intercept):1,-1.10954344005126,0.0426200924626419,TRUE,16
(Intercept):2,-1.58488654167607,0.060753212290694,TRUE,16
Covariate:1,0.380876759287892,0.0621968344870888,TRUE,16
Covariate:2,-0.38715336043053,0.07922662682528,TRUE,16
1-1,0.166384408247961,0.038608923614603,TRUE,16
1-2,-0.0326113714744664,0.0224242944449829,TRUE,16
1-3,-0.00901113669202956,0.0132423493981212,TRUE,16
2-2,0.0647543355519415,0.0621886933437385,TRUE,16
2-3,-0.020453758515317,0.0169444727299335,TRUE,16
3-3,-0.25513525093947,0.0291976504684435,TRUE,16
(Intercept):1,-1.14871504775302,0.0438893708530434,TRUE,16
(Intercept):2,-1.63920338003387,0.0582570393513408,TRUE,16
Covariate:1,0.425823211162822,0.0647342556940986,TRUE,16
Covariate:2,-0.550300655958744,0.0787607752574529,TRUE,16
1-1,0.100224096053804,0.0395212637651588,TRUE,16
1-2,0.0277888465009893,0.0209188720218134,TRUE,16
1-3,-0.0113904151197144,0.013746101386691,TRUE,16
2-2,0.122445088057687,0.061714239926618,TRUE,16
2-3,-0.00993077675850008,0.0163063532473593,TRUE,16
3-3,-0.245542123842027,0.0299319216105689,TRUE,16
(Intercept):1,-1.09903344974712,0.0452540045624523,TRUE,16
(Intercept):2,-1.5675967703246,0.0590963877560115,TRUE,16
Covariate:1,0.436030816835797,0.0679561510906946,TRUE,16
Covariate:2,-0.562606903835484,0.0796085167186339,TRUE,16
1-1,0.0797785883473615,0.0413511202454092,TRUE,16
1-2,-0.0109769655900419,0.0225367425381762,TRUE,16
1-3,-0.0135152295295154,0.0148651595677964,TRUE,16
2-2,0.196909407670313,0.0549183165371824,TRUE,16
2-3,-0.0125700589715779,0.0160871464164275,TRUE,16
3-3,-0.243074777218247,0.031202236562097,TRUE,16
(Intercept):1,-1.10413569683267,0.0412008274172144,TRUE,16
(Intercept):2,-1.55583483226055,0.0587760537342653,TRUE,16
Covariate:1,0.486796017884443,0.0640649603203095,TRUE,16
Covariate:2,-0.676288726392472,0.0804521139339954,FALSE,16
1-1,0.144733398996161,0.0404215556049811,TRUE,16
1-2,-0.0090170960986688,0.0219353256064616,TRUE,16
1-3,0.0171539282928144,0.0143864340909114,TRUE,16
2-2,0.131945481978295,0.0629327985829343,TRUE,16
2-3,-0.000885570140120172,0.0161433683593429,TRUE,16
3-3,-0.243079963599819,0.02866705632702,TRUE,16
(Intercept):1,-1.05383128417521,0.042933666036741,TRUE,16
(Intercept):2,-1.62924863273288,0.0586108996768854,TRUE,16
Covariate:1,0.589640481012424,0.064383817140383,TRUE,16
Covariate:2,-0.47015303475582,0.0792768862910767,TRUE,16
1-1,0.10373066806265,0.040333332153019,TRUE,16
1-2,-0.0442544547371024,0.0211618009186745,FALSE,16
1-3,-0.0174561393437862,0.013489457976735,TRUE,16
2-2,0.227699159715464,0.051843465163865,TRUE,16
2-3,-0.00612086526033627,0.0162306235689667,TRUE,16
3-3,-0.233742202885503,0.0273777930710641,TRUE,16
(Intercept):1,-1.04444599106299,0.0418725592147688,TRUE,16
(Intercept):2,-1.54529006844197,0.058351581788066,TRUE,16
Covariate:1,0.440230724682255,0.0626486855207993,TRUE,16
Covariate:2,-0.55967102374867,0.0754085107980735,TRUE,16
1-1,-0.00144773093978173,0.043696267155096,FALSE,16
1-2,-0.00340019365249545,0.0219667830480228,TRUE,16
1-3,0.00786476142053073,0.0135720766392534,TRUE,16
2-2,0.116413086742591,0.0570712336046196,TRUE,16
2-3,-0.00655377638853877,0.0155972791182627,TRUE,16
3-3,-0.182827927333908,0.0286163180929682,TRUE,16
(Intercept):1,-1.05302989615313,0.0413952878346434,TRUE,16
(Intercept):2,-1.5379890753274,0.0541169403239495,TRUE,16
Covariate:1,0.548041222952753,0.0631473501710133,TRUE,16
Covariate:2,-0.551443906628961,0.0730789531720755,TRUE,16
1-1,0.0632786764385531,0.0403125508704852,TRUE,16
1-2,0.00770795658339444,0.0200722118901514,TRUE,16
1-3,0.00639657708397367,0.013657978117355,TRUE,16
2-2,0.200424088636408,0.0578065107290165,TRUE,16
2-3,-0.0188530279663114,0.0149253518238777,TRUE,16
3-3,-0.223878503395101,0.0293951740041902,TRUE,16
(Intercept):1,-1.14509930918094,0.0436440038961523,TRUE,16
(Intercept):2,-1.57295158199649,0.0550406015382365,TRUE,16
Covariate:1,0.496385703822081,0.0604290716341194,TRUE,16
Covariate:2,-0.664649606551621,0.0738400327638286,FALSE,16
1-1,0.0924682598416337,0.0428776385473942,TRUE,16
1-2,0.0105347970070406,0.0212109041891383,TRUE,16
1-3,-0.00587394560111859,0.0135863745539076,TRUE,16
2-2,0.120866180340211,0.054406099872187,TRUE,16
2-3,-0.0162113792438023,0.0153215888242894,TRUE,16
3-3,-0.255384456133294,0.0290774585135447,TRUE,16
(Intercept):1,-1.11284687920334,0.0437480744341597,TRUE,16
(Intercept):2,-1.69533935508674,0.0630547811144561,TRUE,16
Covariate:1,0.584788702647495,0.0682869680856479,TRUE,16
Covariate:2,-0.524384757444124,0.0838719821233382,TRUE,16
1-1,0.056150129539776,0.0418726840716291,TRUE,16
1-2,-0.0124993825691599,0.0229234695535196,TRUE,16
1-3,-0.0069403030985093,0.0143447867798754,TRUE,16
2-2,0.0844516697188748,0.0640110716589139,TRUE,16
2-3,0.0234020236194647,0.0164151747860829,TRUE,16
3-3,-0.248617603084118,0.0288686888658643,TRUE,16
(Intercept):1,-1.11136655951423,0.0419224693803143,TRUE,16
(Intercept):2,-1.45966262322805,0.051919865680764,FALSE,16
Covariate:1,0.423332007684746,0.0634956630077027,TRUE,16
Covariate:2,-0.444807481325532,0.074981631802559,TRUE,16
1-1,0.0969853795710638,0.0395384676466333,TRUE,16
1-2,-0.0792091085372782,0.0212226044601296,FALSE,16
1-3,-0.0160495496475615,0.0134081187304076,TRUE,16
2-2,0.0936065707382993,0.0552040657357258,TRUE,16
2-3,-0.0351544650863023,0.0152403629804542,FALSE,16
3-3,-0.27439307806581,0.0276996755857932,TRUE,16
(Intercept):1,-1.10534510156438,0.0426997919966463,TRUE,16
(Intercept):2,-1.66464955624922,0.0571360328144198,TRUE,16
Covariate:1,0.686618027148137,0.0661499402949851,FALSE,16
Covariate:2,-0.484452314969919,0.0742254917736872,TRUE,16
1-1,0.0754180778767557,0.0409718458870774,TRUE,16
1-2,-0.011628459991634,0.0201900244869504,TRUE,16
1-3,-0.0133621900228827,0.0133354668110116,TRUE,16
2-2,0.205435240156353,0.0593534305444714,TRUE,16
2-3,-0.00894661957380811,0.015562859925968,TRUE,16
3-3,-0.209034632706813,0.0278282009661731,TRUE,16
(Intercept):1,-1.10657042815468,0.0419548459337978,TRUE,16
(Intercept):2,-1.59823866814895,0.0562806764741047,TRUE,16
Covariate:1,0.487333049313175,0.063911016699729,TRUE,16
Covariate:2,-0.511890658113857,0.0705629008825905,TRUE,16
1-1,0.148191390585299,0.0421543089047306,TRUE,16
1-2,-0.0285914178930162,0.0217493599028756,TRUE,16
1-3,-0.0190826248667531,0.0135670045893548,TRUE,16
2-2,0.180259453360791,0.0586279995642347,TRUE,16
2-3,-0.020611268669497,0.0154272763830364,TRUE,16
3-3,-0.223642779301288,0.0301227487138984,TRUE,16
(Intercept):1,-1.14899064477646,0.0442514492892098,TRUE,16
(Intercept):2,-1.58272634985124,0.0572240056179853,TRUE,16
Covariate:1,0.544167448587152,0.0652430393293628,TRUE,16
Covariate:2,-0.513575962007829,0.0751523322077102,TRUE,16
1-1,0.0191820400003248,0.0397327447972336,TRUE,16
1-2,0.00768516807057301,0.0208966906187473,TRUE,16
1-3,-0.0200919793532049,0.0147806851727461,TRUE,16
2-2,0.121743215134176,0.0538514098806644,TRUE,16
2-3,-0.00966687132732346,0.0169590531536941,TRUE,16
3-3,-0.241081759575404,0.029482791672162,TRUE,16
(Intercept):1,-1.10719525711892,0.0432363064921863,TRUE,16
(Intercept):2,-1.49414001496942,0.0536494773449959,FALSE,16
Covariate:1,0.539217412591013,0.0642508979935809,TRUE,16
Covariate:2,-0.461107864905343,0.0712287382613404,TRUE,16
1-1,0.0626068709061539,0.0414790320704249,TRUE,16
1-2,-0.0148479823111147,0.0204533208339331,TRUE,16
1-3,-0.0104424107545552,0.0134929522351018,TRUE,16
2-2,0.213832161608235,0.056395816182103,TRUE,16
2-3,-0.0495588227217738,0.0145013655646517,FALSE,16
3-3,-0.253972722452191,0.0296023585251802,TRUE,16
(Intercept):1,-1.09357965468789,0.0432836778806392,TRUE,16
(Intercept):2,-1.57023232224945,0.0578719431033987,TRUE,16
Covariate:1,0.576193034899402,0.0608369588780208,TRUE,16
Covariate:2,-0.370838582133793,0.0764174564754651,TRUE,16
1-1,0.12295277257094,0.0404770316586016,TRUE,16
1-2,-0.00884903444181625,0.0216299358084457,TRUE,16
1-3,-0.0144121630825088,0.0143674048090493,TRUE,16
2-2,0.160928522806904,0.0548626211123357,TRUE,16
2-3,-0.0335466645950433,0.0166015392183863,FALSE,16
3-3,-0.235920384406659,0.0281841689882941,TRUE,16
(Intercept):1,-1.04363970945951,0.0434262997988158,TRUE,16
(Intercept):2,-1.55790786114992,0.0566378712832613,TRUE,16
Covariate:1,0.386308575536833,0.063473815602953,TRUE,16
Covariate:2,-0.543325129765989,0.0723855484881827,TRUE,16
1-1,0.0890072547976538,0.0386161006917356,TRUE,16
1-2,-0.0141989366054844,0.0214633842547408,TRUE,16
1-3,0.00530578870081729,0.0138061958967864,TRUE,16
2-2,0.174856470372658,0.0558120872282356,TRUE,16
2-3,0.0109463404574275,0.0159832451145302,TRUE,16
3-3,-0.217539082919844,0.0266218183892145,TRUE,16
(Intercept):1,-1.10237273165975,0.0426375745302533,TRUE,16
(Intercept):2,-1.60798071963469,0.0593920209868352,TRUE,16
Covariate:1,0.57635419936544,0.0650209147090529,TRUE,16
Covariate:2,-0.53093820197762,0.0790696857503334,TRUE,16
1-1,0.115081050042437,0.0402117798575678,TRUE,16
1-2,0.00674009902801465,0.022380296882542,TRUE,16
1-3,-0.0105015588866447,0.0134684902794805,TRUE,16
2-2,0.161134704557119,0.0604288761569302,TRUE,16
2-3,-0.00374399242260108,0.0152705369519043,TRUE,16
3-3,-0.185626620007524,0.0278883653041045,TRUE,16
(Intercept):1,-1.08920287955444,0.0430995504142349,TRUE,16
(Intercept):2,-1.6922489204458,0.0585105924090594,TRUE,16
Covariate:1,0.564541930993651,0.0650137770480874,TRUE,16
Covariate:2,-0.562454047892463,0.0779845193211447,TRUE,16
1-1,0.116785626955258,0.0408216182622274,TRUE,16
1-2,0.0337155887583199,0.0214460238980547,TRUE,16
1-3,-0.0130568187757706,0.013932728342779,TRUE,16
2-2,0.270319292859778,0.0557572819306012,TRUE,16
2-3,0.00620475367425885,0.0156224870145292,TRUE,16
3-3,-0.206763851673638,0.0290733476276686,TRUE,16
(Intercept):1,-1.10243604018518,0.0434358113077294,TRUE,16
(Intercept):2,-1.6250359481028,0.0608579550205036,TRUE,16
Covariate:1,0.476694987267986,0.0628073595393959,TRUE,16
Covariate:2,-0.491173639817265,0.0808015407219249,TRUE,16
1-1,0.130763523078939,0.0399295819241525,TRUE,16
1-2,0.0153022264979405,0.0211241540015873,TRUE,16
1-3,0.00217671406722274,0.0143021266973655,TRUE,16
2-2,0.139141711517184,0.0669000642819993,TRUE,16
2-3,0.0188453803817586,0.016152759015452,TRUE,16
3-3,-0.224054006404809,0.0299183894905358,TRUE,16
(Intercept):1,-1.13992008017939,0.0414345143406377,TRUE,16
(Intercept):2,-1.62374114666383,0.0560763646651653,TRUE,16
Covariate:1,0.405983887799405,0.0573900173866871,TRUE,16
Covariate:2,-0.457084697900978,0.0751684041750981,TRUE,16
1-1,0.172244677297041,0.0404165640950773,TRUE,16
1-2,-0.0036866025709142,0.0214060828782392,TRUE,16
1-3,0.00424112752811155,0.0134640362173301,TRUE,16
2-2,0.179987428231503,0.0576906419084712,TRUE,16
2-3,0.000963697565759577,0.0152651000857787,TRUE,16
3-3,-0.233108609716976,0.0303604050899078,TRUE,16
(Intercept):1,-1.10873325294835,0.043320478711783,TRUE,16
(Intercept):2,-1.69135017822168,0.0580247067975242,TRUE,16
Covariate:1,0.559472057538162,0.0641488423837314,TRUE,16
Covariate:2,-0.543693670307794,0.0792788608867648,TRUE,16
1-1,0.035631549702847,0.0413236516361806,TRUE,16
1-2,0.0129063418018987,0.021201228127257,TRUE,16
1-3,-0.00413852469845207,0.0142278340255087,TRUE,16
2-2,0.247590983280178,0.0626628477574245,TRUE,16
2-3,-0.0195840619652825,0.0157333602639379,TRUE,16
3-3,-0.2343686951907,0.0271145358753221,TRUE,16
(Intercept):1,-1.11942907007876,0.0440948408970379,TRUE,16
(Intercept):2,-1.5913070682828,0.0563051256982176,TRUE,16
Covariate:1,0.466494030261271,0.0605914109044843,TRUE,16
Covariate:2,-0.451441154888135,0.0803815222652213,TRUE,16
1-1,0.157426703344788,0.0442711741267233,TRUE,16
1-2,0.0184128023639811,0.0211246571584856,TRUE,16
1-3,0.015362831411796,0.0136221582254383,TRUE,16
2-2,0.10018716228929,0.0628554094138347,TRUE,16
2-3,0.00595026763532693,0.0162813421653612,TRUE,16
3-3,-0.200817050142583,0.0299623741869484,TRUE,16
(Intercept):1,-1.14871282455846,0.0399400411678579,TRUE,16
(Intercept):2,-1.58456361535003,0.0566177798862058,TRUE,16
Covariate:1,0.561595248989442,0.0619119373681869,TRUE,16
Covariate:2,-0.573264492807107,0.0746744411681539,TRUE,16
1-1,0.0536974262900984,0.0422269526903647,TRUE,16
1-2,0.0129599387595622,0.0199923756968692,TRUE,16
1-3,-0.0155388795047892,0.0136875688651816,TRUE,16
2-2,0.0905001739645038,0.0542287925190223,TRUE,16
2-3,-0.0388856819147326,0.0160177803105743,FALSE,16
3-3,-0.298835368565589,0.0290429859544373,FALSE,16
(Intercept):1,-1.03905153714172,0.040969275177534,TRUE,16
(Intercept):2,-1.55600659978437,0.0553522452411239,TRUE,16
Covariate:1,0.575706394389966,0.0653493903309653,TRUE,16
Covariate:2,-0.577564949885962,0.0742309036917101,TRUE,16
1-1,0.131754394719719,0.038953643924865,TRUE,16
1-2,0.00203884912418157,0.0200393376484507,TRUE,16
1-3,-0.0217568770962949,0.0133286893361102,TRUE,16
2-2,0.11760756799648,0.0568356942737282,TRUE,16
2-3,-0.00555705947004513,0.0160628639412931,TRUE,16
3-3,-0.232092609772654,0.0285943203308326,TRUE,16
(Intercept):1,-1.06045150922359,0.0419432276428109,TRUE,16
(Intercept):2,-1.66210326996893,0.0577208822978839,TRUE,16
Covariate:1,0.621899922595903,0.0651616280046819,TRUE,16
Covariate:2,-0.549269307290577,0.0781823398045787,TRUE,16
1-1,0.0164190528746933,0.0390504140190775,FALSE,16
1-2,-0.00533015870800694,0.0206954870911107,TRUE,16
1-3,-0.0230722894684718,0.0141952920825249,TRUE,16
2-2,0.213786969973317,0.055278996107716,TRUE,16
2-3,-0.00780356977648412,0.015778243084436,TRUE,16
3-3,-0.274677372801627,0.0293901177330852,TRUE,16
(Intercept):1,-1.09647946096302,0.0445188620434988,TRUE,16
(Intercept):2,-1.61408313633159,0.0579231625657997,TRUE,16
Covariate:1,0.65266310270323,0.065092144010175,FALSE,16
Covariate:2,-0.406751128818203,0.0769809499878577,TRUE,16
1-1,0.0869129724006855,0.0407053056215671,TRUE,16
1-2,-0.00488775604425812,0.0211564344160821,TRUE,16
1-3,0.0063014846817887,0.014353534113181,TRUE,16
2-2,0.20907253964895,0.0569704839397419,TRUE,16
2-3,0.00484971544247478,0.0159952034387028,TRUE,16
3-3,-0.249933178289416,0.0286600351230447,TRUE,16
(Intercept):1,-1.09860075864071,0.0457145650012095,TRUE,16
(Intercept):2,-1.65755138507262,0.0580579999745684,TRUE,16
Covariate:1,0.459125314624409,0.0635763934562993,TRUE,16
Covariate:2,-0.549069678669451,0.0803591082643309,TRUE,16
1-1,0.135096501354547,0.0365450232538258,TRUE,16
1-2,-0.0179555582328852,0.0211766739676137,TRUE,16
1-3,-0.00229266946447562,0.0142325759615906,TRUE,16
2-2,0.122391493753127,0.0566177889585176,TRUE,16
2-3,0.0181239123696453,0.0161096956667668,TRUE,16
3-3,-0.253435451036202,0.0284118199896415,TRUE,16
(Intercept):1,-1.0367415710233,0.0430862304349253,TRUE,16
(Intercept):2,-1.59678947901785,0.0544025001094666,TRUE,16
Covariate:1,0.468629341110847,0.0642807644411304,TRUE,16
Covariate:2,-0.481782051028758,0.0724005213686221,TRUE,16
1-1,0.0516229547504916,0.0427785181488752,TRUE,16
1-2,0.00710656211953399,0.0203782105704882,TRUE,16
1-3,-0.0135768412090129,0.0141520541451794,TRUE,16
2-2,0.177372883061867,0.0566545619414299,TRUE,16
2-3,0.00165497740016763,0.0155410096098947,TRUE,16
3-3,-0.190894998119014,0.0293663723095345,TRUE,16
(Intercept):1,-1.06894305988346,0.0425564185548007,TRUE,16
(Intercept):2,-1.66507118846852,0.0568866212884253,TRUE,16
Covariate:1,0.448608734124574,0.0612176455655277,TRUE,16
Covariate:2,-0.518488276861611,0.0766068517828077,TRUE,16
1-1,0.0793985345753523,0.0400913973858542,TRUE,16
1-2,-0.023678928337353,0.0212267311688383,TRUE,16
1-3,-0.0257532521310388,0.0131634754582452,TRUE,16
2-2,0.20939844431716,0.0531290959018965,TRUE,16
2-3,-0.00987781420700362,0.0156737771529165,TRUE,16
3-3,-0.243953994199545,0.027568153824119,TRUE,16
(Intercept):1,-1.10698775126004,0.0443813420960401,TRUE,16
(Intercept):2,-1.60734441152063,0.0573878555600792,TRUE,16
Covariate:1,0.611027970054264,0.067813582218972,TRUE,16
Covariate:2,-0.443329229189796,0.0769140928549656,TRUE,16
1-1,0.103777048187316,0.0389789100232396,TRUE,16
1-2,0.0281562701103085,0.0210840058685477,TRUE,16
1-3,-0.00615909679812462,0.0141466689597369,TRUE,16
2-2,0.189654105801132,0.0554670477024931,TRUE,16
2-3,-0.00619493694238495,0.0168300543850479,TRUE,16
3-3,-0.244217384898901,0.0303876901765552,TRUE,16
(Intercept):1,-1.07072610004276,0.0421806448715765,TRUE,16
(Intercept):2,-1.56907963680987,0.0572082233548764,TRUE,16
Covariate:1,0.571607134957159,0.0608125812640123,TRUE,16
Covariate:2,-0.476133618165683,0.0769115411821506,TRUE,16
1-1,0.104324814960432,0.0415779508229526,TRUE,16
1-2,0.0047033633536461,0.0221334475929319,TRUE,16
1-3,0.00904021712205322,0.0141123305845973,TRUE,16
2-2,0.120933820502382,0.0606823382928803,TRUE,16
2-3,-0.0170822229093521,0.0162241882361777,TRUE,16
3-3,-0.1646950598793,0.0278250503667009,FALSE,16
(Intercept):1,-1.02869357562572,0.0411501352878676,TRUE,16
(Intercept):2,-1.53668733811593,0.0548455641148493,TRUE,16
Covariate:1,0.505073528312901,0.0628073761922423,TRUE,16
Covariate:2,-0.483246161412672,0.0742553510706036,TRUE,16
1-1,0.0471127393172875,0.0392082959197465,TRUE,16
1-2,-0.0223279644578374,0.0209951839134777,TRUE,16
1-3,-0.0183833685095153,0.0141297091067046,TRUE,16
2-2,0.0577273382961746,0.0651724976164086,TRUE,16
2-3,-0.016345063477034,0.0155328010220242,TRUE,16
3-3,-0.274226049603906,0.0295650327315915,TRUE,16
(Intercept):1,-1.08388216298596,0.043473888315837,TRUE,16
(Intercept):2,-1.67803957457909,0.054829528918481,TRUE,16
Covariate:1,0.548782884411393,0.0639803550503217,TRUE,16
Covariate:2,-0.542172907286303,0.0758198796095452,TRUE,16
1-1,0.110600695689912,0.0420078907823711,TRUE,16
1-2,-0.00636896998270957,0.0205500775964503,TRUE,16
1-3,-0.00138378032738636,0.0143288296840758,TRUE,16
2-2,0.2593929495115,0.0549055299215866,TRUE,16
2-3,0.0196773013122263,0.0153945571338732,TRUE,16
3-3,-0.269119888815588,0.030230700845879,TRUE,16
(Intercept):1,-1.16497700921868,0.0448649649184651,TRUE,16
(Intercept):2,-1.61589936898967,0.0572236948335472,TRUE,16
Covariate:1,0.527046182466874,0.0634784942342426,TRUE,16
Covariate:2,-0.514818338090993,0.0747051231859793,TRUE,16
1-1,0.0933794290384423,0.0415790849381146,TRUE,16
1-2,0.00198012181651831,0.0214079276304516,TRUE,16
1-3,-0.00758916448954498,0.0136496450676434,TRUE,16
2-2,0.117112614000648,0.0650032050696965,TRUE,16
2-3,-0.0254861587389391,0.0154270734836131,TRUE,16
3-3,-0.246984297391102,0.0295108493847004,TRUE,16
(Intercept):1,-1.06391368686348,0.040442776852284,TRUE,16
(Intercept):2,-1.59533553144973,0.0572198597785285,TRUE,16
Covariate:1,0.534404295868906,0.0684047547949304,TRUE,16
Covariate:2,-0.457165568946499,0.0737882020108516,TRUE,16
1-1,0.0735700854980497,0.0411895254016925,TRUE,16
1-2,-0.00650643678941258,0.0214193619163572,TRUE,16
1-3,0.00519275293906666,0.0144475505255687,TRUE,16
2-2,0.221254657273436,0.0541367150028207,TRUE,16
2-3,0.0103407473508675,0.0172116430907992,TRUE,16
3-3,-0.259105840093742,0.0298265770236211,TRUE,16
(Intercept):1,-1.13696580544234,0.0427699586437424,TRUE,16
(Intercept):2,-1.60772130950649,0.05599798186323,TRUE,16
Covariate:1,0.566146591399632,0.0632881346131481,TRUE,16
Covariate:2,-0.411633592633977,0.0768392001854302,TRUE,16
1-1,0.129361167300676,0.0393846207544036,TRUE,16
1-2,0.0150479372195612,0.0195943767758465,TRUE,16
1-3,-0.00317778634613523,0.0138294197587769,TRUE,16
2-2,0.140411623198731,0.0635014638791746,TRUE,16
2-3,0.00215631808765561,0.0151426085147223,TRUE,16
3-3,-0.248964954224467,0.0296319455170851,TRUE,16
(Intercept):1,-1.09532594960889,0.0433082950986404,TRUE,16
(Intercept):2,-1.65934471704857,0.0601080698787037,TRUE,16
Covariate:1,0.449283144959568,0.0598553420897995,TRUE,16
Covariate:2,-0.487244550584843,0.0736560933520597,TRUE,16
1-1,0.0713857546982802,0.0417228771477087,TRUE,16
1-2,0.017604935368556,0.0214209742850351,TRUE,16
1-3,-0.0124737986811016,0.0141696326426378,TRUE,16
2-2,0.232486104189296,0.05581263898105,TRUE,16
2-3,-0.00799609866610826,0.0168266290405878,TRUE,16
3-3,-0.21682434874661,0.0281543537052243,TRUE,16
(Intercept):1,-1.05305977380329,0.0428556048937479,TRUE,16
(Intercept):2,-1.56354350597501,0.0537034926526543,TRUE,16
Covariate:1,0.343099154153829,0.0636359494550196,FALSE,16
Covariate:2,-0.570894080131152,0.0766752913491976,TRUE,16
1-1,0.197921607335124,0.0396898136916041,FALSE,16
1-2,-0.0272976062106376,0.0208941839501437,TRUE,16
1-3,-0.00819974415739146,0.0137577502454903,TRUE,16
2-2,0.143069507837909,0.0566571395294633,TRUE,16
2-3,0.0135223041694049,0.0150381943064493,TRUE,16
3-3,-0.18085324277496,0.0287669713956584,TRUE,16
(Intercept):1,-1.094194370548,0.0432703892304631,TRUE,16
(Intercept):2,-1.57864280746192,0.0540399124889367,TRUE,16
Covariate:1,0.513261198594133,0.0664212088693597,TRUE,16
Covariate:2,-0.378942956126413,0.0787961308398683,TRUE,16
1-1,0.00111432614616248,0.0429195433334502,FALSE,16
1-2,-0.0155902136522208,0.0226365449057589,TRUE,16
1-3,-0.0232665657919327,0.0137847724685636,TRUE,16
2-2,0.135494912667786,0.0587794071398952,TRUE,16
2-3,-0.033626438511628,0.0156431172152698,FALSE,16
3-3,-0.267676926932949,0.0302626123319266,TRUE,16
(Intercept):1,-1.12043146174864,0.0416516729589994,TRUE,16
(Intercept):2,-1.61236478407327,0.0564332419209989,TRUE,16
Covariate:1,0.600112321897741,0.068454415762376,TRUE,16
Covariate:2,-0.436312030610325,0.0776578513587803,TRUE,16
1-1,0.158308699056665,0.0378062105027982,TRUE,16
1-2,0.0293237423194815,0.0194910984786151,TRUE,16
1-3,0.00753720813542167,0.0138515975791345,TRUE,16
2-2,0.121854883654039,0.0574991412890161,TRUE,16
2-3,0.0229626058451556,0.0160021961266521,TRUE,16
3-3,-0.21365677257052,0.027255630732119,TRUE,16
(Intercept):1,-1.07097075207559,0.0441795887357154,TRUE,16
(Intercept):2,-1.54568811898643,0.0534771768962538,TRUE,16
Covariate:1,0.543613316539129,0.0678338984398904,TRUE,16
Covariate:2,-0.439732314068808,0.0768572555618476,TRUE,16
1-1,0.104346381765498,0.0413401187199155,TRUE,16
1-2,-0.0154399643783072,0.021436635917487,TRUE,16
1-3,-0.0018421885642473,0.0137047522343561,TRUE,16
2-2,0.164156790189129,0.0600149933495493,TRUE,16
2-3,0.00818977630594945,0.0156308808784143,TRUE,16
3-3,-0.231912127183971,0.0292753166801975,TRUE,16
(Intercept):1,-1.14505579239184,0.0427560840581252,TRUE,16
(Intercept):2,-1.54233045396231,0.0585002672018742,TRUE,16
Covariate:1,0.523526153873664,0.063093777711404,TRUE,16
Covariate:2,-0.430251402157758,0.079757475437787,TRUE,16
1-1,0.15202577560794,0.0394037021337269,TRUE,16
1-2,0.00491817552493118,0.0199401397560929,TRUE,16
1-3,0.0170432745041535,0.0133154380230914,TRUE,16
2-2,0.0823679940173221,0.0575294483340804,TRUE,16
2-3,0.00569942297837569,0.0162723751899343,TRUE,16
3-3,-0.191648298513757,0.0260755788130823,TRUE,16
(Intercept):1,-1.08887791753496,0.0432255337034637,TRUE,16
(Intercept):2,-1.61807206705284,0.0587383183641503,TRUE,16
Covariate:1,0.529502352591063,0.0628339154829146,TRUE,16
Covariate:2,-0.329671785983456,0.0752076095017749,FALSE,16
1-1,0.0786007325397746,0.0431044718035534,TRUE,16
1-2,-0.00307871411057744,0.0219578330068604,TRUE,16
1-3,-0.00819839543697381,0.0139305677595729,TRUE,16
2-2,0.193661038937345,0.0585016964426854,TRUE,16
2-3,-0.00556531914400149,0.0159022045217076,TRUE,16
3-3,-0.236922701931197,0.0290202280218907,TRUE,16
(Intercept):1,-1.08960118953277,0.0425711893771979,TRUE,16
(Intercept):2,-1.68960844639951,0.0577568587508418,TRUE,16
Covariate:1,0.469858596321771,0.0629514748212019,TRUE,16
Covariate:2,-0.597226392587,0.0797076923994493,TRUE,16
1-1,0.076387684726213,0.0402933033193676,TRUE,16
1-2,0.012718044014332,0.0220889769795895,TRUE,16
1-3,-0.0128830363263595,0.0135009127914369,TRUE,16
2-2,0.157231373585899,0.0558450822061199,TRUE,16
2-3,-0.00111405177265886,0.0152390592237161,TRUE,16
3-3,-0.237246630859117,0.0280445706601287,TRUE,16
(Intercept):1,-1.05434353095076,0.0423682188693387,TRUE,16
(Intercept):2,-1.49435747248107,0.0554893728299553,FALSE,16
Covariate:1,0.464556162660287,0.0635877011414931,TRUE,16
Covariate:2,-0.623868326767025,0.0770087836076642,TRUE,16
1-1,0.0799118067588323,0.0451480711494801,TRUE,16
1-2,-0.0106376641009956,0.0204955741429188,TRUE,16
1-3,-0.00521652742359873,0.0136005255009238,TRUE,16
2-2,0.194135231684582,0.055796217300514,TRUE,16
2-3,-0.0278190247047912,0.0159816850268824,TRUE,16
3-3,-0.218050345047405,0.0289322214858965,TRUE,16
(Intercept):1,-1.12801949206511,0.0451223299164032,TRUE,16
(Intercept):2,-1.60664048656347,0.0558046426004177,TRUE,16
Covariate:1,0.575908326877973,0.0664039328608247,TRUE,16
Covariate:2,-0.424047164853931,0.0781863463805154,TRUE,16
1-1,0.0332921674516576,0.0463487366643534,TRUE,16
1-2,0.00354464075142383,0.02169209004636,TRUE,16
1-3,-0.00407456072793823,0.0141336904657694,TRUE,16
2-2,0.121144399475506,0.0583941560732656,TRUE,16
2-3,-0.00395484871719231,0.016175465413282,TRUE,16
3-3,-0.245988897652495,0.0288402459499269,TRUE,16
(Intercept):1,-1.14268923968308,0.043673460374533,TRUE,16
(Intercept):2,-1.6127168801578,0.0590264013426436,TRUE,16
Covariate:1,0.495585953058434,0.0624483661732982,TRUE,16
Covariate:2,-0.461409180162434,0.0775385499998632,TRUE,16
1-1,0.135589175079758,0.0405758537128148,TRUE,16
1-2,0.0145946807436221,0.0211983349052026,TRUE,16
1-3,-0.00214342013688517,0.0140641688585574,TRUE,16
2-2,0.133607357808234,0.0584282928120018,TRUE,16
2-3,-0.0040565191913266,0.0157933812382062,TRUE,16
3-3,-0.22279283074721,0.0290956982398847,TRUE,16
(Intercept):1,-1.05331526344118,0.0415667841680511,TRUE,16
(Intercept):2,-1.54005399570643,0.0555014011808163,TRUE,16
Covariate:1,0.466039518950169,0.0597966544148987,TRUE,16
Covariate:2,-0.505302179301797,0.0740754589569756,TRUE,16
1-1,0.0872938211850284,0.0388816537459309,TRUE,16
1-2,-0.0145201526035645,0.0197107061644677,TRUE,16
1-3,-0.0176861859677995,0.0137966805653115,TRUE,16
2-2,0.160865720845418,0.0559342692391365,TRUE,16
2-3,-0.0196578955006854,0.0164053402041275,TRUE,16
3-3,-0.235669904261898,0.0291249382722384,TRUE,16
(Intercept):1,-1.0022460361345,0.0411634947706083,FALSE,16
(Intercept):2,-1.52351954099075,0.0604527362543372,TRUE,16
Covariate:1,0.39998657779876,0.0618968418954216,TRUE,16
Covariate:2,-0.571539472340488,0.0767426199923663,TRUE,16
1-1,0.0742190245831129,0.040796078071311,TRUE,16
1-2,-0.0163456990811247,0.0222034879550161,TRUE,16
1-3,-0.00574827213670103,0.0133179138663375,TRUE,16
2-2,0.0440223960034968,0.0645134146888448,FALSE,16
2-3,-0.00148077786464667,0.0160779347727635,TRUE,16
3-3,-0.188553536966273,0.0264556458845985,TRUE,16
(Intercept):1,-1.07088077914316,0.0424081768687628,TRUE,16
(Intercept):2,-1.5236827563565,0.0549009712725758,TRUE,16
Covariate:1,0.510815248613391,0.0638717199152934,TRUE,16
Covariate:2,-0.277713541185099,0.0743616798465814,FALSE,16
1-1,0.00929008893488549,0.0421184491651141,FALSE,16
1-2,-0.0065843039681846,0.0205622892729253,TRUE,16
1-3,-0.0255085876956421,0.0144631913304193,TRUE,16
2-2,0.146931072539186,0.053814339975905,TRUE,16
2-3,-0.0324590746943778,0.0151203776161897,FALSE,16
3-3,-0.254783449916135,0.0283854689180069,TRUE,16
(Intercept):1,-1.03730387428384,0.0450781325752881,TRUE,16
(Intercept):2,-1.58935747040757,0.0586916729923647,TRUE,16
Covariate:1,0.475120923545019,0.0682347663616108,TRUE,16
Covariate:2,-0.488603753358009,0.0786612335937376,TRUE,16
1-1,0.0442889715709109,0.0399369028175249,TRUE,16
1-2,-0.0426240628726264,0.0211128466395101,FALSE,16
1-3,-0.0279038993539708,0.0150301656797982,TRUE,16
2-2,0.204615466640876,0.0564149615674776,TRUE,16
2-3,-0.01757701784663,0.0162852425456028,TRUE,16
3-3,-0.271477808716833,0.0304684521222155,TRUE,16
(Intercept):1,-1.13977686097114,0.0444098620128515,TRUE,16
(Intercept):2,-1.62220247252714,0.0574176669002988,TRUE,16
Covariate:1,0.608835888433016,0.0629914741223253,TRUE,16
Covariate:2,-0.484619660279205,0.0754882892436787,TRUE,16
1-1,0.10099138595633,0.0425365099211965,TRUE,16
1-2,0.033976500982829,0.0211609464120524,TRUE,16
1-3,0.032580042908978,0.0137389464539126,FALSE,16
2-2,0.200115942020626,0.0584404744951733,TRUE,16
2-3,0.0196815205891468,0.0165663681869968,TRUE,16
3-3,-0.192676735352379,0.0296906775654173,TRUE,16
(Intercept):1,-1.04860807101019,0.0432150687883845,TRUE,16
(Intercept):2,-1.69085089946539,0.0575501588464183,TRUE,16
Covariate:1,0.497275927989272,0.0652343935108518,TRUE,16
Covariate:2,-0.585076913700132,0.0767023257161874,TRUE,16
1-1,0.0617420845084073,0.0405646376399218,TRUE,16
1-2,0.0126049230908943,0.021539191659283,TRUE,16
1-3,-0.0149652355034473,0.0134280721163273,TRUE,16
2-2,0.166515388727943,0.0607644092876789,TRUE,16
2-3,0.00924661136072277,0.016086568869318,TRUE,16
3-3,-0.201165847350736,0.0288016031648862,TRUE,16
(Intercept):1,-1.07724536961285,0.0425476950361762,TRUE,16
(Intercept):2,-1.61448132972828,0.0558693451526213,TRUE,16
Covariate:1,0.354754612673264,0.0623677933309552,FALSE,16
Covariate:2,-0.428290862879013,0.078659802880062,TRUE,16
1-1,0.0885875659329916,0.0399178447275958,TRUE,16
1-2,-0.0237676584546061,0.0200427740425597,TRUE,16
1-3,-0.0141019651480871,0.0143001000115239,TRUE,16
2-2,0.273485057747511,0.0530238842662537,TRUE,16
2-3,-0.0298319420565184,0.0156814554136276,TRUE,16
3-3,-0.243925013476517,0.0299301906336579,TRUE,16
(Intercept):1,-1.13948652469929,0.0441879020132515,TRUE,16
(Intercept):2,-1.54884836468793,0.0574769281014896,TRUE,16
Covariate:1,0.519590927417629,0.0629891814555579,TRUE,16
Covariate:2,-0.447398304656346,0.073142029994054,TRUE,16
1-1,0.150511954343898,0.036388605591101,TRUE,16
1-2,-0.0059992886704089,0.0221798372979952,TRUE,16
1-3,0.00743513351575446,0.0136162317502479,TRUE,16
2-2,0.119523313000231,0.062416410692035,TRUE,16
2-3,-0.00850908829666282,0.0167495403146779,TRUE,16
3-3,-0.225494771849453,0.0297370482071291,TRUE,16
(Intercept):1,-1.02592780174051,0.0406872654117224,TRUE,16
(Intercept):2,-1.56501885526262,0.0549894637532623,TRUE,16
Covariate:1,0.522895102807323,0.0655488638859061,TRUE,16
Covariate:2,-0.581161150323169,0.0755613755342119,TRUE,16
1-1,0.0505707745148084,0.0407568082651411,TRUE,16
1-2,-0.0376663676389137,0.0208888701552253,TRUE,16
1-3,-0.016443105010155,0.0137320321620713,TRUE,16
2-2,0.166248586492646,0.0592694799438245,TRUE,16
2-3,-0.0137698297887362,0.0159160708073478,TRUE,16
3-3,-0.223065553053425,0.0288247855527241,TRUE,16
(Intercept):1,-1.08682102287266,0.0404775768403982,TRUE,16
(Intercept):2,-1.65183933409297,0.0542431426995027,TRUE,16
Covariate:1,0.435764630598338,0.0636960953968906,TRUE,16
Covariate:2,-0.528434847516955,0.0757003127323052,TRUE,16
1-1,0.071311446722244,0.0413156927486162,TRUE,16
1-2,0.00371947391326154,0.0208174665500406,TRUE,16
1-3,-0.0202915636893365,0.0138447684053733,TRUE,16
2-2,0.20502896077228,0.053402025723058,TRUE,16
2-3,-0.0096245536188118,0.0152363771280814,TRUE,16
3-3,-0.274605608648382,0.0298356344472632,TRUE,16
(Intercept):1,-1.03311694907213,0.0421668609872801,TRUE,16
(Intercept):2,-1.62867421344064,0.0539275116562085,TRUE,16
Covariate:1,0.507086841891503,0.0629213102549409,TRUE,16
Covariate:2,-0.541264703769583,0.0771796022310926,TRUE,16
1-1,0.0726625872613573,0.0391108732277943,TRUE,16
1-2,-0.0156890474888255,0.0209316171167271,TRUE,16
1-3,-0.0317506030070086,0.0137065582968484,FALSE,16
2-2,0.160434495136207,0.056240042080337,TRUE,16
2-3,-0.0112787811785536,0.0158730083402172,TRUE,16
3-3,-0.247756608671836,0.0291874085968072,TRUE,16
(Intercept):1,-1.06181351139554,0.0425982199276856,TRUE,16
(Intercept):2,-1.51354388188809,0.0539144094891936,TRUE,16
Covariate:1,0.711755350425164,0.0660935060807842,FALSE,16
Covariate:2,-0.394016467605301,0.0808567689242715,TRUE,16
1-1,0.0272378332059869,0.0419958521859608,TRUE,16
1-2,-0.0294037710773942,0.0216671688659652,TRUE,16
1-3,-0.00197526169370291,0.0137749418513701,TRUE,16
2-2,0.0662756030540968,0.0627696913935122,TRUE,16
2-3,-0.0233394056563606,0.0157407325753333,TRUE,16
3-3,-0.234962520770781,0.0295817485101223,TRUE,16
(Intercept):1,-1.15451817009958,0.0439393248628985,TRUE,16
(Intercept):2,-1.52300694176537,0.0551087085929077,TRUE,16
Covariate:1,0.607913352021346,0.0633801691563552,TRUE,16
Covariate:2,-0.542224937567269,0.0711517426142714,TRUE,16
1-1,0.121570782518711,0.0369414960655216,TRUE,16
1-2,0.000503766529058489,0.0198818808922527,TRUE,16
1-3,-0.00591274107492855,0.0131383872305921,TRUE,16
2-2,0.132242485945075,0.0548083047175935,TRUE,16
2-3,-0.0333418473869763,0.0149676639079042,FALSE,16
3-3,-0.243804356047428,0.028367835622367,TRUE,16
(Intercept):1,-1.16027547707156,0.0435835968266063,TRUE,16
(Intercept):2,-1.63890801914036,0.0572038269442608,TRUE,16
Covariate:1,0.474687796206483,0.0636883768303177,TRUE,16
Covariate:2,-0.569915345674307,0.0792445831448625,TRUE,16
1-1,0.0711252916919094,0.0430781197492093,TRUE,16
1-2,0.0219607750093678,0.0214833890226831,TRUE,16
1-3,0.00983286436467939,0.0138739173262305,TRUE,16
2-2,0.148590536206837,0.057691771116353,TRUE,16
2-3,-0.00246225974587624,0.016809884702327,TRUE,16
3-3,-0.22661303965057,0.02842144447287,TRUE,16
(Intercept):1,-1.16528815762094,0.0427861461212144,TRUE,16
(Intercept):2,-1.63573115649513,0.0569895103308005,TRUE,16
Covariate:1,0.474641699948595,0.0667767053487909,TRUE,16
Covariate:2,-0.480262833739064,0.0782521447304647,TRUE,16
1-1,0.0325512114405776,0.0442761078868438,TRUE,16
1-2,-0.00808851231584079,0.0230794109049121,TRUE,16
1-3,-0.00642364552772318,0.0136131930763963,TRUE,16
2-2,0.180394193975157,0.0525549013288376,TRUE,16
2-3,-0.00766983149555299,0.0162594575101215,TRUE,16
3-3,-0.265396972483646,0.0274689966199685,TRUE,16
(Intercept):1,-1.11358571984648,0.0437383599926638,TRUE,16
(Intercept):2,-1.67750096197655,0.0565826529172842,TRUE,16
Covariate:1,0.513830971646622,0.0616956914062699,TRUE,16
Covariate:2,-0.560256471463588,0.0769945198785795,TRUE,16
1-1,0.129917894158903,0.0422787930471595,TRUE,16
1-2,-0.00880072790258123,0.0217347295683723,TRUE,16
1-3,-0.0130950649329188,0.0139732686145697,TRUE,16
2-2,0.246826882720747,0.0517952708727813,TRUE,16
2-3,0.00468550171404079,0.0160112018994085,TRUE,16
3-3,-0.263613448289323,0.0300617284218837,TRUE,16
(Intercept):1,-1.10782962266614,0.0449428151754466,TRUE,16
(Intercept):2,-1.54365583072681,0.0564032961412969,TRUE,16
Covariate:1,0.512038284082832,0.063162902583713,TRUE,16
Covariate:2,-0.592234896656966,0.073035109762186,TRUE,16
1-1,0.0494969854443478,0.0444534482522732,TRUE,16
1-2,-0.0216850871399526,0.0217683822853451,TRUE,16
1-3,-0.00344951656185688,0.0137888405824759,TRUE,16
2-2,0.177296131342826,0.0504619171311318,TRUE,16
2-3,-0.0154205803282807,0.0158090677284847,TRUE,16
3-3,-0.247939207530387,0.0293899805080966,TRUE,16
(Intercept):1,-1.01821153394467,0.0429833219014881,TRUE,16
(Intercept):2,-1.61811949691774,0.0579484503135119,TRUE,16
Covariate:1,0.461798228698586,0.0630557147558774,TRUE,16
Covariate:2,-0.521323976736531,0.0780275553492032,TRUE,16
1-1,-0.0358516143232343,0.0423852595893526,FALSE,16
1-2,-0.00602108604669169,0.0216056674638904,TRUE,16
1-3,-0.0182366294923463,0.0138997858198703,TRUE,16
2-2,0.0744726606184181,0.0621537424781939,TRUE,16
2-3,-0.0119241117077211,0.0154526057760273,TRUE,16
3-3,-0.29292963083574,0.0283192137327746,FALSE,16
(Intercept):1,-1.11936513420442,0.0445281514087082,TRUE,16
(Intercept):2,-1.6521826359139,0.0603318150715857,TRUE,16
Covariate:1,0.48208314468125,0.0656310263672029,TRUE,16
Covariate:2,-0.613935886618921,0.0757309338990218,TRUE,16
1-1,0.0582735392588216,0.0427946139007602,TRUE,16
1-2,0.0397258873386798,0.0223162138481162,TRUE,16
1-3,-0.00596270127449818,0.0137138885119504,TRUE,16
2-2,0.0718612199046599,0.0674342477825594,TRUE,16
2-3,0.0022016906138781,0.0164567107817873,TRUE,16
3-3,-0.200782361009483,0.0276757501756381,TRUE,16
(Intercept):1,-1.07135612453428,0.0438167847613242,TRUE,16
(Intercept):2,-1.55670283794911,0.0557820391974466,TRUE,16
Covariate:1,0.511425597270078,0.0628159304787284,TRUE,16
Covariate:2,-0.548289858134272,0.075441876253142,TRUE,16
1-1,0.168302359722058,0.0411110065920862,TRUE,16
1-2,-0.0391971533636625,0.0215609283180023,TRUE,16
1-3,-0.00379247136189598,0.0135807122358539,TRUE,16
2-2,0.189434371977825,0.055402673627005,TRUE,16
2-3,0.00160037294626218,0.0159895549299843,TRUE,16
3-3,-0.231957079248855,0.0282375832150164,TRUE,16
(Intercept):1,-1.11693593370468,0.0433588803214024,TRUE,16
(Intercept):2,-1.58172511516541,0.0541895239631102,TRUE,16
Covariate:1,0.497694382837324,0.0630542895024119,TRUE,16
Covariate:2,-0.544886531013811,0.0749711741395208,TRUE,16
1-1,0.114877021816544,0.0391126451026479,TRUE,16
1-2,0.00631310046054412,0.0202234269560798,TRUE,16
1-3,0.0101317477207199,0.014103852246374,TRUE,16
2-2,0.273323754828177,0.055966424935108,TRUE,16
2-3,-0.0264557064616362,0.0158016222755647,TRUE,16
3-3,-0.226081981309794,0.0293072399679379,TRUE,16
(Intercept):1,-1.08147505583427,0.0437148213501471,TRUE,16
(Intercept):2,-1.612311060869,0.0548141547932387,TRUE,16
Covariate:1,0.381408846157727,0.0670273025989868,TRUE,16
Covariate:2,-0.659796271886404,0.0813749125014759,FALSE,16
1-1,0.15317312070854,0.042366545292576,TRUE,16
1-2,-0.0281401760189937,0.0210879485794163,TRUE,16
1-3,-0.011595493123354,0.0133083233836499,TRUE,16
2-2,0.208496631239406,0.0507439715857058,TRUE,16
2-3,0.0131104816643333,0.0152936024659898,TRUE,16
3-3,-0.179083734551481,0.0283416078189524,TRUE,16
(Intercept):1,-1.09995629919225,0.0424326645726072,TRUE,16
(Intercept):2,-1.63787203069273,0.0557711310991842,TRUE,16
Covariate:1,0.601760489094263,0.0607296101584699,TRUE,16
Covariate:2,-0.451430234062148,0.0759917455804913,TRUE,16
1-1,0.0860405875192275,0.0400621537288466,TRUE,16
1-2,-0.00748708894848935,0.0202811314187987,TRUE,16
1-3,-0.0223601960474561,0.0140713644562242,TRUE,16
2-2,0.159635064240646,0.0541955170350819,TRUE,16
2-3,-0.0135738738213378,0.015420798364202,TRUE,16
3-3,-0.241761399085338,0.0288110533857351,TRUE,16
(Intercept):1,-1.1576716636745,0.0434655163555117,TRUE,16
(Intercept):2,-1.57897664258507,0.058984888534995,TRUE,16
Covariate:1,0.647305820325412,0.066375772454353,FALSE,16
Covariate:2,-0.432477403662458,0.0750792063926971,TRUE,16
1-1,0.0827442943646258,0.0379162367185122,TRUE,16
1-2,-0.0234276692542191,0.0207188957425126,TRUE,16
1-3,-0.00625880081880606,0.0139735171606112,TRUE,16
2-2,0.146820213992833,0.0569861306835471,TRUE,16
2-3,-0.026041339011583,0.016438223763334,TRUE,16
3-3,-0.275393870653804,0.0282849834594664,TRUE,16
(Intercept):1,-1.11408741290238,0.0424874920447635,TRUE,16
(Intercept):2,-1.57591450092661,0.0572813890821849,TRUE,16
Covariate:1,0.534116178039007,0.0618991290796331,TRUE,16
Covariate:2,-0.608994128114912,0.0753043897858051,TRUE,16
1-1,-0.0165754962392784,0.0441245820959391,FALSE,16
1-2,0.00068078482140457,0.0216311744955063,TRUE,16
1-3,0.0100276626069863,0.0137864009427965,TRUE,16
2-2,0.121096658297675,0.0562564725922048,TRUE,16
2-3,-0.00193360169313568,0.0149670344682456,TRUE,16
3-3,-0.237249037100278,0.0294542732233063,TRUE,16
(Intercept):1,-1.04254254378577,0.0406426481881084,TRUE,16
(Intercept):2,-1.53950744793539,0.0569555616394765,TRUE,16
Covariate:1,0.523808721493853,0.0627125739484346,TRUE,16
Covariate:2,-0.464009409173194,0.0755242109266581,TRUE,16
1-1,0.0644533315301976,0.0435358944931715,TRUE,16
1-2,-0.0207599214604474,0.0214269727362501,TRUE,16
1-3,-0.00674033424583126,0.0135417870158969,TRUE,16
2-2,0.120711570146771,0.0600304340391271,TRUE,16
2-3,-0.00832847208884891,0.0156033980494934,TRUE,16
3-3,-0.227088292357172,0.028292126082839,TRUE,16
(Intercept):1,-1.10266965676644,0.0448517509059304,TRUE,16
(Intercept):2,-1.49904729557576,0.0550799330025589,FALSE,16
Covariate:1,0.521992328887082,0.0673504307775397,TRUE,16
Covariate:2,-0.393666435192874,0.0763317124706164,TRUE,16
1-1,0.0919182013476654,0.0407205052460549,TRUE,16
1-2,-0.0156471795832519,0.0215337696538794,TRUE,16
1-3,0.0231906667844271,0.0138852078323634,TRUE,16
2-2,0.174027819585473,0.0566810278614702,TRUE,16
2-3,0.00179790251215385,0.0153368089591247,TRUE,16
3-3,-0.189458373097722,0.0280860670130219,TRUE,16
(Intercept):1,-1.04438016200651,0.0405261861291234,TRUE,16
(Intercept):2,-1.65828334085187,0.0589343598804597,TRUE,16
Covariate:1,0.425053801018005,0.0585180823182979,TRUE,16
Covariate:2,-0.486290793362555,0.0801850322700384,TRUE,16
1-1,0.129201349623222,0.0346071345977493,TRUE,16
1-2,-0.0119420679815126,0.0215420477434924,TRUE,16
1-3,-0.00727969024559296,0.0132135006166696,TRUE,16
2-2,0.222052525667972,0.0560308491787902,TRUE,16
2-3,0.00405474653505352,0.0163262303608047,TRUE,16
3-3,-0.249100563556078,0.0286018184875123,TRUE,16
(Intercept):1,-1.08778775850324,0.0431345345222902,TRUE,16
(Intercept):2,-1.60942516285492,0.0572554170154645,TRUE,16
Covariate:1,0.584360588207741,0.0675132871539735,TRUE,16
Covariate:2,-0.571607515973593,0.076752315274577,TRUE,16
1-1,0.0498713712930531,0.0420463000265182,TRUE,16
1-2,-0.0554549151841632,0.0214015219240544,FALSE,16
1-3,-0.0150494217877681,0.0135357404204473,TRUE,16
2-2,0.162052284255153,0.0579544384355759,TRUE,16
2-3,-0.0210861033605263,0.016137284217793,TRUE,16
3-3,-0.281284345993792,0.0292630904748239,FALSE,16
(Intercept):1,-1.11546289682065,0.0446099063451056,TRUE,16
(Intercept):2,-1.59980171230371,0.0560499443325104,TRUE,16
Covariate:1,0.576258039836456,0.0693831932453301,TRUE,16
Covariate:2,-0.49354919040773,0.0810201164273447,TRUE,16
1-1,0.0533107683477167,0.044411493996886,TRUE,16
1-2,-0.00905603641184558,0.0216542566487957,TRUE,16
1-3,0.00442019604955267,0.0142398406532526,TRUE,16
2-2,0.155699248156165,0.0550603937784769,TRUE,16
2-3,0.00927786010305733,0.0152086712520474,TRUE,16
3-3,-0.201581321228285,0.0283240066553816,TRUE,16
(Intercept):1,-1.04747331470394,0.0436860941078353,TRUE,16
(Intercept):2,-1.56528440431209,0.0550180264526154,TRUE,16
Covariate:1,0.381804459640318,0.0621923018744476,TRUE,16
Covariate:2,-0.463816067233617,0.0789046760641716,TRUE,16
1-1,0.0574185469201317,0.037704549502469,TRUE,16
1-2,-0.0528054704363171,0.0204424190775439,FALSE,16
1-3,-0.0277356392432714,0.0137740339108852,FALSE,16
2-2,0.0814008525556927,0.0596727187237327,TRUE,16
2-3,-0.00396929325003942,0.0159857973715156,TRUE,16
3-3,-0.29196498150832,0.0282239117589001,FALSE,16
(Intercept):1,-1.12807412328418,0.043506657723042,TRUE,16
(Intercept):2,-1.69063624230229,0.0577927811056271,TRUE,16
Covariate:1,0.556427827564717,0.0658805438473449,TRUE,16
Covariate:2,-0.45367773879782,0.0768998353449049,TRUE,16
1-1,0.0367389231120265,0.0481657418169963,TRUE,16
1-2,0.00355527004269075,0.0223463117738306,TRUE,16
1-3,0.00623822633364026,0.0141861568377292,TRUE,16
2-2,0.15680929714429,0.0603320625335117,TRUE,16
2-3,0.00967710416272119,0.0155067983747994,TRUE,16
3-3,-0.27815202860175,0.0295504208164021,TRUE,16
(Intercept):1,-1.12666577789121,0.0444775374239875,TRUE,16
(Intercept):2,-1.63438371398099,0.0577471717505816,TRUE,16
Covariate:1,0.368336878463158,0.0628505922698386,FALSE,16
Covariate:2,-0.453429315390816,0.0721731284619947,TRUE,16
1-1,0.174339277099716,0.0375439322100698,FALSE,16
1-2,0.0153001506022121,0.0207368388392481,TRUE,16
1-3,0.00667755053588419,0.0136932128626105,TRUE,16
2-2,0.217706285008068,0.0573553223762559,TRUE,16
2-3,0.00223744369737026,0.0163042433623384,TRUE,16
3-3,-0.220994026774836,0.0297941348260779,TRUE,16
(Intercept):1,-1.07581772187227,0.0401127997190207,TRUE,16
(Intercept):2,-1.60704830738378,0.0589925763171411,TRUE,16
Covariate:1,0.546479506446001,0.0628039264163632,TRUE,16
Covariate:2,-0.463414864502717,0.075383214676932,TRUE,16
1-1,0.0246977210597745,0.0464159683015618,TRUE,16
1-2,-0.00952063180155872,0.0224527214450637,TRUE,16
1-3,-0.0220580084346693,0.0131408812357838,TRUE,16
2-2,0.240927669140495,0.0553153015568385,TRUE,16
2-3,-0.026600032525873,0.015933745038985,TRUE,16
3-3,-0.248666764071987,0.0283276558024813,TRUE,16
(Intercept):1,-1.11537932004334,0.0423328568966787,TRUE,16
(Intercept):2,-1.54951109107341,0.0534638561382061,TRUE,16
Covariate:1,0.606442979585323,0.0650664836218851,TRUE,16
Covariate:2,-0.486371172326045,0.0708680243545451,TRUE,16
1-1,0.0566098920795412,0.0400818431812273,TRUE,16
1-2,-0.0409537939551709,0.0211281719670917,TRUE,16
1-3,-0.0194657863837212,0.0141336876030044,TRUE,16
2-2,0.0982637364559679,0.0574059519952465,TRUE,16
2-3,-0.0213042529052013,0.0156712844589316,TRUE,16
3-3,-0.29065009048849,0.0293672522710097,FALSE,16
(Intercept):1,-1.11368168687891,0.0443117277203056,TRUE,16
(Intercept):2,-1.60810410622635,0.0580687169300589,TRUE,16
Covariate:1,0.490253740911013,0.0653485626876328,TRUE,16
Covariate:2,-0.545884588916853,0.0818755107615345,TRUE,16
1-1,0.141373401836002,0.0418949835465829,TRUE,16
1-2,0.0163877814884686,0.0208699001048338,TRUE,16
1-3,0.0129022568506675,0.0143508664260049,TRUE,16
2-2,0.114770827084344,0.0594378000533134,TRUE,16
2-3,0.0146464446384492,0.0158334070342471,TRUE,16
3-3,-0.149157975224634,0.0274857696133994,FALSE,16
(Intercept):1,-1.07983665779799,0.0420148965654861,TRUE,16
(Intercept):2,-1.67775384770885,0.0585656131741566,TRUE,16
Covariate:1,0.600238221158432,0.0651707885033331,TRUE,16
Covariate:2,-0.368147041919432,0.075434898110723,TRUE,16
1-1,0.0627571468410918,0.043866234913063,TRUE,16
1-2,0.0234172343047798,0.0207225439454307,TRUE,16
1-3,-0.0107163144722522,0.0138989366284646,TRUE,16
2-2,0.234509269164988,0.0531017778840635,TRUE,16
2-3,0.0106705663445757,0.0166955944517579,TRUE,16
3-3,-0.216432666774833,0.0297171781101833,TRUE,16
(Intercept):1,-1.13403659918631,0.0400263907142155,TRUE,16
(Intercept):2,-1.58677606952707,0.0585563857665772,TRUE,16
Covariate:1,0.477873878164223,0.064034381753211,TRUE,16
Covariate:2,-0.473206603922932,0.0814048163850369,TRUE,16
1-1,0.0829146930973712,0.0386385448759332,TRUE,16
1-2,0.0189563924414527,0.0195633546009648,TRUE,16
1-3,-0.0165071512288524,0.013742552560619,TRUE,16
2-2,0.18363163817212,0.0536219433122376,TRUE,16
2-3,-0.0406813101068755,0.0164964333410254,FALSE,16
3-3,-0.27592373162701,0.0289196599868239,TRUE,16
(Intercept):1,-1.08778394808896,0.042468594340052,TRUE,16
(Intercept):2,-1.53890569564031,0.0546327780790898,TRUE,16
Covariate:1,0.485201511904987,0.0641633917399942,TRUE,16
Covariate:2,-0.528109989956296,0.075563019893284,TRUE,16
1-1,0.146147130393299,0.0364183878163828,TRUE,16
1-2,-0.0158379616299624,0.020422496079242,TRUE,16
1-3,-0.0210078699809328,0.0137792573052822,TRUE,16
2-2,0.139806958115799,0.0593100880098422,TRUE,16
2-3,-0.0217229775099009,0.0153240868029217,TRUE,16
3-3,-0.218023527114346,0.0294769503649094,TRUE,16
(Intercept):1,-1.060941268016,0.0442722545931076,TRUE,16
(Intercept):2,-1.55461333862453,0.0584274395771734,TRUE,16
Covariate:1,0.488366000597562,0.0644921712768647,TRUE,16
Covariate:2,-0.517098585680471,0.0751798566364648,TRUE,16
1-1,0.0863243289258643,0.0434723463594647,TRUE,16
1-2,-0.021973537214141,0.0223864571004087,TRUE,16
1-3,-0.0105662392756065,0.0140392485567527,TRUE,16
2-2,0.130195936367514,0.0608838023454164,TRUE,16
2-3,-0.00732788206083599,0.0168578655738629,TRUE,16
3-3,-0.239965430446886,0.0291518858806625,TRUE,16
(Intercept):1,-1.03959504493107,0.0430842120440185,TRUE,16
(Intercept):2,-1.53968366786141,0.0533012869601278,TRUE,16
Covariate:1,0.579862197239428,0.0642511222579648,TRUE,16
Covariate:2,-0.398755522122838,0.0712273260027981,TRUE,16
1-1,0.0723933697934008,0.0418499001118219,TRUE,16
1-2,0.00382811706373429,0.0213298774553805,TRUE,16
1-3,-0.0291018753717484,0.0143538893357609,FALSE,16
2-2,0.170403031426661,0.0565889836819261,TRUE,16
2-3,-0.0290176472225058,0.0158989489884533,TRUE,16
3-3,-0.22589842085182,0.0272210050258294,TRUE,16
(Intercept):1,-1.13488097810879,0.0432672224755684,TRUE,16
(Intercept):2,-1.6092455718492,0.0553685867503221,TRUE,16
Covariate:1,0.457368459932031,0.0632976181193136,TRUE,16
Covariate:2,-0.478747423367548,0.0765974612017422,TRUE,16
1-1,0.0928720741969615,0.0419838172928707,TRUE,16
1-2,0.0261376697031736,0.0210650324283312,TRUE,16
1-3,0.00679931935087401,0.0137725764585495,TRUE,16
2-2,0.110143691431797,0.0548564894181429,TRUE,16
2-3,-0.00466869204314479,0.016016798711325,TRUE,16
3-3,-0.25134460538096,0.0282531061436435,TRUE,16
(Intercept):1,-1.0937582213921,0.0416743990974446,TRUE,16
(Intercept):2,-1.59761482629871,0.0584813765430187,TRUE,16
Covariate:1,0.49767781400241,0.0656010439039352,TRUE,16
Covariate:2,-0.462303711188712,0.0806335379167797,TRUE,16
1-1,0.129776872312632,0.0394873599912325,TRUE,16
1-2,-0.00959634359559363,0.0221068084105583,TRUE,16
1-3,-0.00107413934497297,0.014131852708655,TRUE,16
2-2,0.110556622596086,0.0651070735179003,TRUE,16
2-3,-0.00317807924174101,0.0167629489260582,TRUE,16
3-3,-0.182042755826586,0.0292772744307748,TRUE,16
(Intercept):1,-0.984066896911085,0.0419013698930092,FALSE,16
(Intercept):2,-1.64636369619727,0.0622298212092966,TRUE,16
Covariate:1,0.548064284707618,0.0618939112141582,TRUE,16
Covariate:2,-0.458248848880189,0.0776360465891852,TRUE,16
1-1,0.00797778687355099,0.0390268205456335,FALSE,16
1-2,0.00123201484860487,0.0211948820969379,TRUE,16
1-3,-0.0266040542586793,0.0136809110726502,TRUE,16
2-2,0.130838893984645,0.0582729039464557,TRUE,16
2-3,-0.00305904291979652,0.016383718094858,TRUE,16
3-3,-0.262758405849784,0.0304852694255895,TRUE,16
(Intercept):1,-1.09227776686861,0.0451452204204851,TRUE,16
(Intercept):2,-1.46680589217333,0.0554322731748666,FALSE,16
Covariate:1,0.517324094436103,0.0673695469932547,TRUE,16
Covariate:2,-0.41105624162689,0.0746257828685575,TRUE,16
1-1,0.123058554957951,0.0395988066257034,TRUE,16
1-2,-0.00315288949196501,0.020689940491026,TRUE,16
1-3,0.00157656531065131,0.0138449159913428,TRUE,16
2-2,0.259410240181229,0.0564127968372575,TRUE,16
2-3,-0.0231981206531187,0.015382824690636,TRUE,16
3-3,-0.187498647750273,0.0291394163342866,TRUE,16
(Intercept):1,-1.09344124117776,0.0430962404144691,TRUE,16
(Intercept):2,-1.62141208052499,0.0571251281142706,TRUE,16
Covariate:1,0.545566853432749,0.0670529314087512,TRUE,16
Covariate:2,-0.595686450890987,0.0763901157600335,TRUE,16
1-1,0.142089016122259,0.0407892487961699,TRUE,16
1-2,0.0230295131299868,0.0210369434305369,TRUE,16
1-3,0.0168162415165518,0.0145270085608328,TRUE,16
2-2,0.176844767513877,0.0575245333969052,TRUE,16
2-3,0.030536331528917,0.0162820751501663,TRUE,16
3-3,-0.191994349037199,0.0280801002925727,TRUE,16
(Intercept):1,-1.08341201380764,0.043679535869308,TRUE,16
(Intercept):2,-1.57115337259644,0.0574215653941722,TRUE,16
Covariate:1,0.371924190420583,0.0641336569740552,FALSE,16
Covariate:2,-0.575899906249474,0.0717218020801758,TRUE,16
1-1,0.104517889713633,0.0384708619575072,TRUE,16
1-2,0.012633154553262,0.0213028571396488,TRUE,16
1-3,-0.00249260122708915,0.0144093759636228,TRUE,16
2-2,0.102637529930907,0.0604028293186862,TRUE,16
2-3,0.000700505028073541,0.0157318191890903,TRUE,16
3-3,-0.212976832606926,0.0283928672351776,TRUE,16
(Intercept):1,-1.0524128456877,0.0408288947665701,TRUE,16
(Intercept):2,-1.60581388246783,0.0560583799916097,TRUE,16
Covariate:1,0.469702024445583,0.0618462094440206,TRUE,16
Covariate:2,-0.314134782189277,0.0776746252985056,FALSE,16
1-1,0.0759128797903013,0.0380633792238239,TRUE,16
1-2,-0.0220158826854484,0.0202955895668053,TRUE,16
1-3,-0.00022559503848047,0.0129702463732558,TRUE,16
2-2,0.0725308593441359,0.0600333029747339,TRUE,16
2-3,0.014069357150959,0.0158208965335226,TRUE,16
3-3,-0.288654080593402,0.028179385889323,FALSE,16
(Intercept):1,-1.04531836082421,0.042977705815773,TRUE,16
(Intercept):2,-1.60535517202345,0.0593905642846213,TRUE,16
Covariate:1,0.52262350878253,0.0696131863684772,TRUE,16
Covariate:2,-0.556613058274974,0.0736093617507855,TRUE,16
1-1,0.0253699366014715,0.0459294189946107,TRUE,16
1-2,-0.0083785222504337,0.0221561242658981,TRUE,16
1-3,-0.000900451704131345,0.0137088145821504,TRUE,16
2-2,0.177914848169875,0.0629421724464684,TRUE,16
2-3,0.00731929261873182,0.0152964742119099,TRUE,16
3-3,-0.209329414671125,0.0297570432086556,TRUE,16
(Intercept):1,-1.13911468961207,0.0443472409031969,TRUE,16
(Intercept):2,-1.6184678763401,0.0582100830358655,TRUE,16
Covariate:1,0.447810033633866,0.0647707197484264,TRUE,16
Covariate:2,-0.476631985974651,0.0810118009453601,TRUE,16
1-1,0.0272214866662331,0.0422096245279957,TRUE,16
1-2,-0.0258316084548856,0.0210296817385029,TRUE,16
1-3,-0.0240060030806116,0.0142589402068414,TRUE,16
2-2,0.0881488250659084,0.05512596672707,TRUE,16
2-3,-0.0320772275782562,0.0162274906914969,FALSE,16
3-3,-0.350490140821206,0.0305648286710776,FALSE,16
(Intercept):1,-1.06332399124327,0.0422835820470452,TRUE,16
(Intercept):2,-1.60718181948822,0.0553005626608643,TRUE,16
Covariate:1,0.471791590336114,0.0618130833669019,TRUE,16
Covariate:2,-0.436305838739864,0.0773744782822174,TRUE,16
1-1,0.063003701007483,0.0419928618831784,TRUE,16
1-2,-0.0387168891951474,0.021739260441234,TRUE,16
1-3,-0.00532700670999538,0.0135149277526207,TRUE,16
2-2,0.209824697571707,0.0537141037622545,TRUE,16
2-3,0.00234170196026756,0.0163422558839087,TRUE,16
3-3,-0.257797993754792,0.0296241792131036,TRUE,16
(Intercept):1,-1.04897573597507,0.0447025970339471,TRUE,16
(Intercept):2,-1.5935726332711,0.0575329447100209,TRUE,16
Covariate:1,0.530576476370792,0.0661995153521749,TRUE,16
Covariate:2,-0.484724980517028,0.0786244765615452,TRUE,16
1-1,0.02073371711435,0.0418359971387787,TRUE,16
1-2,0.0111830242861241,0.0213937925316228,TRUE,16
1-3,-0.00832847202552049,0.0145652974253321,TRUE,16
2-2,0.165013537774747,0.0567847119840261,TRUE,16
2-3,-0.00855144476890079,0.016111260512019,TRUE,16
3-3,-0.237606782311406,0.0278054465832041,TRUE,16
(Intercept):1,-1.06277949908287,0.0405536290685795,TRUE,16
(Intercept):2,-1.66436380572522,0.0583376123216932,TRUE,16
Covariate:1,0.529718867923133,0.0600779990732802,TRUE,16
Covariate:2,-0.426037313779578,0.0747599647991387,TRUE,16
1-1,0.129247769592132,0.0389124781736268,TRUE,16
1-2,0.01559691386382,0.0201951203079197,TRUE,16
1-3,-0.007706598377833,0.0131566534465728,TRUE,16
2-2,0.270532114823806,0.0499823322567451,TRUE,16
2-3,0.00104640393783683,0.0160278192452484,TRUE,16
3-3,-0.201438295433009,0.0296899401062628,TRUE,16
(Intercept):1,-1.08559537030805,0.0434665682961021,TRUE,16
(Intercept):2,-1.59940874104415,0.0586690803492451,TRUE,16
Covariate:1,0.53507031482858,0.0658538075594689,TRUE,16
Covariate:2,-0.54459824943685,0.0755228991851768,TRUE,16
1-1,0.0827992842552835,0.0409143332398867,TRUE,16
1-2,-0.00629574786273988,0.0221869988722461,TRUE,16
1-3,-0.0219672820168846,0.0143512538975423,TRUE,16
2-2,0.215138998087292,0.0539520313512234,TRUE,16
2-3,-0.0117165227145241,0.0159137606700603,TRUE,16
3-3,-0.217095799747435,0.0295457143463688,TRUE,16
(Intercept):1,-1.1440385944855,0.044904674025617,TRUE,16
(Intercept):2,-1.66531449052473,0.0578829179609113,TRUE,16
Covariate:1,0.438825525368461,0.0640251257942236,TRUE,16
Covariate:2,-0.434201259639223,0.0752701296626621,TRUE,16
1-1,0.139601784243577,0.0411893059120337,TRUE,16
1-2,0.0129040385203779,0.0214183563459003,TRUE,16
1-3,-0.006722177148071,0.0139177675022342,TRUE,16
2-2,0.0880174386757277,0.065942343287903,TRUE,16
2-3,0.019004725825137,0.0155909982810048,TRUE,16
3-3,-0.249023714895254,0.0287511310907822,TRUE,16
(Intercept):1,-1.1161300602085,0.0413400306916573,TRUE,16
(Intercept):2,-1.63752838243258,0.0602340929568651,TRUE,16
Covariate:1,0.426481689111008,0.061411581639239,TRUE,16
Covariate:2,-0.45932270535523,0.0783960688298731,TRUE,16
1-1,0.0891582147974254,0.0391886272486318,TRUE,16
1-2,-0.0025560056268871,0.0210587629396624,TRUE,16
1-3,-0.0209954901016051,0.0138185365180281,TRUE,16
2-2,0.157546105023543,0.0526608652985523,TRUE,16
2-3,-0.0126044247403478,0.0159802800990844,TRUE,16
3-3,-0.233845673977401,0.0290716187780694,TRUE,16
(Intercept):1,-1.10240340138563,0.0425166473191548,TRUE,16
(Intercept):2,-1.66298164435138,0.0595417781204823,TRUE,16
Covariate:1,0.604704061220789,0.0642356225133857,TRUE,16
Covariate:2,-0.549272715518089,0.0759475532373722,TRUE,16
1-1,0.0606646264015045,0.0435433652479341,TRUE,16
1-2,0.0025134099642333,0.0204475978189181,TRUE,16
1-3,-0.0258098655328942,0.0134534473124591,TRUE,16
2-2,0.0545092010211357,0.0644937849693684,FALSE,16
2-3,-0.00198111622502625,0.0159100468865523,TRUE,16
3-3,-0.251701550668653,0.0272758043999642,TRUE,16
(Intercept):1,-1.1023953977111,0.044480703340218,TRUE,16
(Intercept):2,-1.60916955992884,0.0558711154317157,TRUE,16
Covariate:1,0.480733128588608,0.0665233985958122,TRUE,16
Covariate:2,-0.517146163293123,0.0772181333854605,TRUE,16
1-1,0.0539264736229486,0.040496689174518,TRUE,16
1-2,-0.0150829171823792,0.0204986612363605,TRUE,16
1-3,-0.00957450276875958,0.0145571162280145,TRUE,16
2-2,0.164283735219804,0.0629410673374023,TRUE,16
2-3,-0.0227901365329322,0.0156283232957848,TRUE,16
3-3,-0.242777637045271,0.0296944592609681,TRUE,16
(Intercept):1,-1.1008379648129,0.0419619459756703,TRUE,16
(Intercept):2,-1.63808282685079,0.057310561943162,TRUE,16
Covariate:1,0.552053966925069,0.0626779315590127,TRUE,16
Covariate:2,-0.527450890294698,0.0746052112916076,TRUE,16
1-1,0.106997994894714,0.0377206717829194,TRUE,16
1-2,-0.0160828800888097,0.0203761594075842,TRUE,16
1-3,-0.0186907892120305,0.0136702895429937,TRUE,16
2-2,0.152477677207564,0.0589240979292243,TRUE,16
2-3,-0.0147935803690117,0.0158631817960292,TRUE,16
3-3,-0.23101570698854,0.0276886112454354,TRUE,16
(Intercept):1,-1.12209217052337,0.0429655994402827,TRUE,16
(Intercept):2,-1.65102478076858,0.0571791086675508,TRUE,16
Covariate:1,0.474260814923168,0.0645639550998085,TRUE,16
Covariate:2,-0.469017594229753,0.0787164615204757,TRUE,16
1-1,0.137689681679952,0.0388024452844828,TRUE,16
1-2,0.00605179644719842,0.0220938829395764,TRUE,16
1-3,-0.0390768141694228,0.0136162544219837,FALSE,16
2-2,0.0845086436266339,0.062758485074129,TRUE,16
2-3,-0.0262763589014126,0.0161018880039021,TRUE,16
3-3,-0.250179670143119,0.0273646151949648,TRUE,16
(Intercept):1,-1.06027272844156,0.041060660856579,TRUE,16
(Intercept):2,-1.5989411192879,0.0575830210848052,TRUE,16
Covariate:1,0.397357405820982,0.0639153375597001,TRUE,16
Covariate:2,-0.460977885974182,0.0772800589806914,TRUE,16
1-1,0.0634586344801646,0.0424263494668832,TRUE,16
1-2,-0.0612988874228313,0.0213542172461086,FALSE,16
1-3,-0.0172419465757906,0.0138121409210008,TRUE,16
2-2,0.133149329972921,0.0578396127515011,TRUE,16
2-3,0.0158954601004929,0.0163362049430176,TRUE,16
3-3,-0.289603160304395,0.0296067254499709,FALSE,16
(Intercept):1,-1.14586360097664,0.042398559937106,TRUE,16
(Intercept):2,-1.56131559014933,0.0560672377877735,TRUE,16
Covariate:1,0.44011278155703,0.0656142954027423,TRUE,16
Covariate:2,-0.569404757142674,0.0719269727258147,TRUE,16
1-1,0.0861020709609789,0.0413603942904106,TRUE,16
1-2,0.0100548207669353,0.0217571582086433,TRUE,16
1-3,-0.0165327785598095,0.0136263686592352,TRUE,16
2-2,0.131159356679775,0.0578770838089267,TRUE,16
2-3,-0.0325913986013624,0.0152033308136961,FALSE,16
3-3,-0.229559394261806,0.0290544185533413,TRUE,16
(Intercept):1,-1.06453202034675,0.0444763862803586,TRUE,16
(Intercept):2,-1.64730038055596,0.0554603650139501,TRUE,16
Covariate:1,0.492166017920529,0.0649079315693303,TRUE,16
Covariate:2,-0.580166866709675,0.0817868471223348,TRUE,16
1-1,0.0761932107144491,0.0410047037253602,TRUE,16
1-2,0.0270720246670827,0.0209460389820572,TRUE,16
1-3,-0.00881240804926183,0.0138765502649269,TRUE,16
2-2,0.147448819649605,0.0569309982964253,TRUE,16
2-3,0.012875797043074,0.0148855034235591,TRUE,16
3-3,-0.203396413470309,0.0295612455333169,TRUE,16
(Intercept):1,-1.10144421407127,0.0415498956538577,TRUE,16
(Intercept):2,-1.71791369328971,0.0602712989080379,TRUE,16
Covariate:1,0.470921725048648,0.0622381809913419,TRUE,16
Covariate:2,-0.622736775557671,0.0774302780466749,TRUE,16
1-1,0.136876716670951,0.0375995724210052,TRUE,16
1-2,0.038706586879881,0.0218898156040783,TRUE,16
1-3,-0.00709568111131608,0.0143041366068825,TRUE,16
2-2,0.196246135445486,0.0584444628574072,TRUE,16
2-3,0.0188584734067052,0.0162168824845532,TRUE,16
3-3,-0.197487683050263,0.0288036028416443,TRUE,16
(Intercept):1,-1.13818839407441,0.0418600947723238,TRUE,16
(Intercept):2,-1.63343032156977,0.0562269306539438,TRUE,16
Covariate:1,0.498906959307357,0.0676176840085299,TRUE,16
Covariate:2,-0.59387229040596,0.0769969158922918,TRUE,16
1-1,0.148765587903004,0.0388584775438975,TRUE,16
1-2,0.019796406239862,0.0208453546718014,TRUE,16
1-3,0.00711370519584605,0.0135910018078455,TRUE,16
2-2,0.225757324172423,0.0518532087605277,TRUE,16
2-3,-0.00142173091640315,0.0158669990131614,TRUE,16
3-3,-0.212349902774224,0.0284042617267417,TRUE,16
(Intercept):1,-1.06652832726813,0.0430311096936129,TRUE,16
(Intercept):2,-1.60838520662595,0.0567303281200549,TRUE,16
Covariate:1,0.44932084304061,0.0616541194218832,TRUE,16
Covariate:2,-0.384183176268996,0.0747148396069295,TRUE,16
1-1,0.117784400562758,0.040088117076453,TRUE,16
1-2,-0.00225920868611796,0.0210515751854819,TRUE,16
1-3,-0.00487053692993555,0.0136017413742838,TRUE,16
2-2,0.295704057835217,0.0521929014395876,FALSE,16
2-3,-0.000402830094397428,0.0159002662487089,TRUE,16
3-3,-0.215315866819442,0.0291986421904087,TRUE,16
(Intercept):1,-1.03763912667293,0.0420321128238608,TRUE,16
(Intercept):2,-1.58592676333628,0.0567565319403953,TRUE,16
Covariate:1,0.593559168523113,0.0612508347667139,TRUE,16
Covariate:2,-0.464588740323165,0.0774186261331264,TRUE,16
1-1,0.0402354911389502,0.0399735207869572,TRUE,16
1-2,-0.0546874820081824,0.0218824578364678,FALSE,16
1-3,-0.0157383824677165,0.0135112339855617,TRUE,16
2-2,0.0805452595227138,0.0632966764853312,TRUE,16
2-3,-0.0148832102165249,0.0160079539449844,TRUE,16
3-3,-0.275819853736657,0.0285743832303975,TRUE,16
(Intercept):1,-1.0825927013919,0.0421075877445073,TRUE,16
(Intercept):2,-1.59980303629555,0.0566025354003667,TRUE,16
Covariate:1,0.454065003233865,0.0656754110913658,TRUE,16
Covariate:2,-0.506504897793399,0.0763897300755194,TRUE,16
1-1,0.130597966169285,0.0376818187147005,TRUE,16
1-2,-0.000684878253405102,0.0206309670443804,TRUE,16
1-3,-0.0204463041283872,0.0139886870559191,TRUE,16
2-2,0.13296027314602,0.0578602457259715,TRUE,16
2-3,-0.00213895435257661,0.0152802013798916,TRUE,16
3-3,-0.219953237726434,0.0286179253128136,TRUE,16
(Intercept):1,-1.0960589416666,0.0441800363283911,TRUE,16
(Intercept):2,-1.61500283983289,0.0599906756492378,TRUE,16
Covariate:1,0.54357083112216,0.0667375294523465,TRUE,16
Covariate:2,-0.529969600727853,0.0818598264838824,TRUE,16
1-1,0.111579656638509,0.0413651790681754,TRUE,16
1-2,-0.00240119255814501,0.0216088704427297,TRUE,16
1-3,-0.00168867737142904,0.0137260101444521,TRUE,16
2-2,0.0719351195247959,0.0657177957454066,TRUE,16
2-3,-0.00550795479876103,0.0165781621665096,TRUE,16
3-3,-0.2292791398098,0.0285780054820051,TRUE,16
(Intercept):1,-1.08148896302435,0.0427898182024526,TRUE,16
(Intercept):2,-1.54858180021784,0.0555826866966855,TRUE,16
Covariate:1,0.5630879128286,0.0656363925523223,TRUE,16
Covariate:2,-0.59462181454389,0.0778034491988732,TRUE,16
1-1,0.0649513277471556,0.0401595330498324,TRUE,16
1-2,0.00229531733255697,0.0208554455765112,TRUE,16
1-3,-0.0160137909214064,0.013013356503518,TRUE,16
2-2,0.1105921349153,0.0579958169378956,TRUE,16
2-3,-0.0177761076930441,0.0157010864207826,TRUE,16
3-3,-0.208473138852196,0.0284359300791867,TRUE,16
(Intercept):1,-1.10502851562145,0.0425701586147404,TRUE,16
(Intercept):2,-1.61133999712414,0.0587305570453744,TRUE,16
Covariate:1,0.59565101724659,0.063978641746155,TRUE,16
Covariate:2,-0.559556518609477,0.075968259162068,TRUE,16
1-1,0.120873365001146,0.0397768207749117,TRUE,16
1-2,0.000898301198562724,0.0212917830900603,TRUE,16
1-3,0.00287899159282115,0.0137852901054628,TRUE,16
2-2,0.118580152366278,0.0608886076784258,TRUE,16
2-3,-0.00535554784441434,0.016445801823957,TRUE,16
3-3,-0.236477973062363,0.0277838461718682,TRUE,16
(Intercept):1,-1.08069334743761,0.043275623917115,TRUE,16
(Intercept):2,-1.55506812326215,0.0572078505726611,TRUE,16
Covariate:1,0.512994195482055,0.0592128777280553,TRUE,16
Covariate:2,-0.399443722306924,0.070451820137601,TRUE,16
1-1,0.0684511514302237,0.0397460206082356,TRUE,16
1-2,-0.0496937309109058,0.0223160561880661,FALSE,16
1-3,-0.0263282124317074,0.013801607897715,TRUE,16
2-2,0.17428760716996,0.0549068542133529,TRUE,16
2-3,-0.0340026232075553,0.0162553514544753,FALSE,16
3-3,-0.233821612534147,0.0280857118450674,TRUE,16
(Intercept):1,-1.05415968291448,0.0417476732537171,TRUE,16
(Intercept):2,-1.580388877926,0.0548620202584738,TRUE,16
Covariate:1,0.562374630192871,0.0664216580272609,TRUE,16
Covariate:2,-0.578721590281229,0.0767573802773415,TRUE,16
1-1,0.092512130153106,0.0419539865011812,TRUE,16
1-2,-0.0306502372816345,0.0218663557170751,TRUE,16
1-3,-0.0248195847911958,0.0140174162964344,TRUE,16
2-2,0.135071342652356,0.05850080730684,TRUE,16
2-3,-0.0125956621764969,0.0155395329206886,TRUE,16
3-3,-0.275280132618826,0.0304882879381649,TRUE,16
(Intercept):1,-1.0692964333874,0.0426819210475369,TRUE,16
(Intercept):2,-1.52430432464768,0.0583509366921401,TRUE,16
Covariate:1,0.467338098194362,0.0657521046993441,TRUE,16
Covariate:2,-0.625457191644461,0.0785860050934477,TRUE,16
1-1,0.0947961184369328,0.036566358319394,TRUE,16
1-2,-0.0302601385403416,0.0211213677676176,TRUE,16
1-3,-0.00680830480707914,0.0138868440059949,TRUE,16
2-2,0.0733915646839248,0.0687957483170043,TRUE,16
2-3,-0.0232453837937143,0.0169125185559618,TRUE,16
3-3,-0.205544317582776,0.030473644625269,TRUE,16
(Intercept):1,-1.12449034409563,0.0424789133520352,TRUE,16
(Intercept):2,-1.62026844277965,0.055493844026597,TRUE,16
Covariate:1,0.514871150359161,0.0646597181114059,TRUE,16
Covariate:2,-0.569532387945048,0.0759545343573946,TRUE,16
1-1,0.0538965601856751,0.0433286623963439,TRUE,16
1-2,-0.0250031813265965,0.0213295628041988,TRUE,16
1-3,-0.0130426694631927,0.0143847359099408,TRUE,16
2-2,0.253867874784999,0.0561848575161601,TRUE,16
2-3,-0.00126741626493398,0.0162472382654735,TRUE,16
3-3,-0.247055409895025,0.0283144151523192,TRUE,16
(Intercept):1,-1.00501908889888,0.0391455678578582,FALSE,16
(Intercept):2,-1.64040303047012,0.0594095044582764,TRUE,16
Covariate:1,0.522053158183233,0.0632842736536635,TRUE,16
Covariate:2,-0.513849343342999,0.075824950914795,TRUE,16
1-1,0.086803598898033,0.0399777034382558,TRUE,16
1-2,0.00463239379535171,0.0214543688842984,TRUE,16
1-3,-0.0282021065703265,0.0133396650615722,FALSE,16
2-2,0.0463398543510874,0.0671433016995621,FALSE,16
2-3,-0.00183526940914458,0.016084218837748,TRUE,16
3-3,-0.195310472244559,0.0293289723165614,TRUE,16
(Intercept):1,-1.07971214115228,0.0425317089012315,TRUE,16
(Intercept):2,-1.59843997457545,0.0550098664122638,TRUE,16
Covariate:1,0.397069256740966,0.0659950099963925,TRUE,16
Covariate:2,-0.51508194195083,0.0731411629766563,TRUE,16
1-1,0.0701100771718525,0.0432109707803972,TRUE,16
1-2,0.00146179020519398,0.0213928593251994,TRUE,16
1-3,-0.00472145492744127,0.0131231564605967,TRUE,16
2-2,0.159404968346123,0.0554520547362786,TRUE,16
2-3,0.00632810173712022,0.0157190447867032,TRUE,16
3-3,-0.18174372159125,0.0307579107587296,TRUE,16
(Intercept):1,-1.08815629488036,0.0418594032784526,TRUE,16
(Intercept):2,-1.67532378212027,0.0550083449798602,TRUE,16
Covariate:1,0.507399435656225,0.0607194188624005,TRUE,16
Covariate:2,-0.400295546814446,0.0767813405809696,TRUE,16
1-1,0.0755696166039142,0.0407985710976839,TRUE,16
1-2,-0.0147505231603923,0.0216353445638947,TRUE,16
1-3,-0.0133961354135732,0.0138354516922126,TRUE,16
2-2,0.272329423861615,0.0494689034467183,TRUE,16
2-3,-0.00813710583976584,0.0151567864103978,TRUE,16
3-3,-0.262767010957885,0.0277141088370588,TRUE,16
(Intercept):1,-1.11624097387746,0.0424299416109584,TRUE,16
(Intercept):2,-1.57964485372226,0.0539980898854912,TRUE,16
Covariate:1,0.410771545995357,0.0630129492745085,TRUE,16
Covariate:2,-0.504781216068523,0.0797853817500802,TRUE,16
1-1,0.105128936531644,0.0397890142645447,TRUE,16
1-2,0.00634564756809587,0.0206253033704681,TRUE,16
1-3,-0.00502683088584421,0.0132880822042266,TRUE,16
2-2,0.146250513165481,0.0576588555422556,TRUE,16
2-3,-0.00962919307807944,0.0154502564681636,TRUE,16
3-3,-0.234617708939845,0.0284567082117728,TRUE,16
(Intercept):1,-1.16813749409933,0.0439431911988623,TRUE,16
(Intercept):2,-1.66701140225823,0.0564090762839926,TRUE,16
Covariate:1,0.373874993762702,0.0635294511171754,FALSE,16
Covariate:2,-0.607083453864227,0.0762657004047621,TRUE,16
1-1,0.127563801309012,0.0409932372521247,TRUE,16
1-2,0.019826790079613,0.0210447179910697,TRUE,16
1-3,-0.000398545393864433,0.0142422135457077,TRUE,16
2-2,0.178108553842118,0.0588505583631956,TRUE,16
2-3,0.00418792199129203,0.0157309214855368,TRUE,16
3-3,-0.227269146593422,0.0276800763950339,TRUE,16
(Intercept):1,-1.06884550143896,0.0413539205910641,TRUE,16
(Intercept):2,-1.59982781461129,0.060433625587809,TRUE,16
Covariate:1,0.472873296893566,0.0622709013614858,TRUE,16
Covariate:2,-0.521398059143936,0.0777059260479731,TRUE,16
1-1,0.190627477391074,0.0389933352024418,FALSE,16
1-2,-0.0237613083930307,0.021534247680718,TRUE,16
1-3,0.0152132315687529,0.0137053355617593,TRUE,16
2-2,0.221626827519501,0.0568547532661689,TRUE,16
2-3,0.0200995130088758,0.0163494411702654,TRUE,16
3-3,-0.173597253069515,0.0288138504982678,TRUE,16
(Intercept):1,-1.08045399058954,0.0435025141170212,TRUE,16
(Intercept):2,-1.57365049859388,0.0565445192295077,TRUE,16
Covariate:1,0.522820723391475,0.0653488980604996,TRUE,16
Covariate:2,-0.415478616353779,0.0749933359602932,TRUE,16
1-1,0.124236986535982,0.0419242920369625,TRUE,16
1-2,-0.00609510232846245,0.0221307553402921,TRUE,16
1-3,-0.00403606426560015,0.0143049409297666,TRUE,16
2-2,0.204189285231464,0.0616708516386006,TRUE,16
2-3,-0.00940625328465473,0.0160003355940029,TRUE,16
3-3,-0.212541097908698,0.0287512343828208,TRUE,16
(Intercept):1,-0.996978107074406,0.0427734639119641,FALSE,16
(Intercept):2,-1.60384370469292,0.0605087875441289,TRUE,16
Covariate:1,0.585600864078828,0.0625890227607406,TRUE,16
Covariate:2,-0.651703761269708,0.0783901336948722,TRUE,16
1-1,0.0561030094571739,0.0405337995692259,TRUE,16
1-2,-0.0153037392205647,0.020942113127527,TRUE,16
1-3,-0.0142938965521267,0.0141117379515181,TRUE,16
2-2,0.0720636807152626,0.0636743228410479,TRUE,16
2-3,0.00785627228522672,0.017021776911611,TRUE,16
3-3,-0.221355386456445,0.0289935677755222,TRUE,16
(Intercept):1,-1.04480232474915,0.0406293660191797,TRUE,16
(Intercept):2,-1.66183022306794,0.0599542637731844,TRUE,16
Covariate:1,0.528778951168885,0.0638877946678778,TRUE,16
Covariate:2,-0.44124376199615,0.0825597128475627,TRUE,16
1-1,0.0258789684891384,0.0396448975212089,TRUE,16
1-2,-0.0235767969085085,0.0226833587367068,TRUE,16
1-3,-0.00920904507282421,0.0136318717391923,TRUE,16
2-2,0.166672262442965,0.0544867705441308,TRUE,16
2-3,0.00562843038254349,0.0162507319408851,TRUE,16
3-3,-0.238964874866015,0.0288299761938743,TRUE,16
(Intercept):1,-1.09451167379151,0.0420821045559604,TRUE,16
(Intercept):2,-1.67178365386026,0.0577784927015079,TRUE,16
Covariate:1,0.370419120012828,0.0643216381941387,FALSE,16
Covariate:2,-0.579298096269156,0.0780680330434404,TRUE,16
1-1,0.0846672725202926,0.0418030891335076,TRUE,16
1-2,0.0341749372801028,0.0205305725469615,TRUE,16
1-3,0.0145584150123642,0.0138656508488372,TRUE,16
2-2,0.250674968571407,0.054877309813845,TRUE,16
2-3,0.014184145099998,0.0162915761755158,TRUE,16
3-3,-0.195289102212065,0.028658007038687,TRUE,16
(Intercept):1,-1.21062862114485,0.0449880471612777,FALSE,16
(Intercept):2,-1.55052783458792,0.0562350151094367,TRUE,16
Covariate:1,0.531270771653119,0.0657697226198901,TRUE,16
Covariate:2,-0.600357375664728,0.0749628530568624,TRUE,16
1-1,0.174586709846726,0.0410539733558409,TRUE,16
1-2,0.0246248666623618,0.0213992234207836,TRUE,16
1-3,0.0341767521622007,0.0142075254061945,FALSE,16
2-2,0.148636116632357,0.0635952955318341,TRUE,16
2-3,-0.00319179586380953,0.0158896484565471,TRUE,16
3-3,-0.19841220817499,0.0289991350694188,TRUE,16
(Intercept):1,-1.12566236819701,0.0434063929594638,TRUE,16
(Intercept):2,-1.66003703483938,0.0609536361613887,TRUE,16
Covariate:1,0.483112976174264,0.0650133837207772,TRUE,16
Covariate:2,-0.548325462301208,0.0784552568799136,TRUE,16
1-1,0.0279161802969887,0.0422687633923424,TRUE,16
1-2,-0.00705874280520772,0.0219610539238919,TRUE,16
1-3,-0.00915459216341272,0.013906679202817,TRUE,16
2-2,0.192698942226943,0.0599277360024665,TRUE,16
2-3,-0.00406124452839328,0.0162008472129065,TRUE,16
3-3,-0.25050379500055,0.0284077912802086,TRUE,16
(Intercept):1,-1.14208849683954,0.0440621078359109,TRUE,16
(Intercept):2,-1.6366779014896,0.0574503482145736,TRUE,16
Covariate:1,0.464317688855311,0.0637686549332423,TRUE,16
Covariate:2,-0.483431216399608,0.0757604702821324,TRUE,16
1-1,0.147152379607707,0.0400867314127003,TRUE,16
1-2,0.0244189756543537,0.0212366854971106,TRUE,16
1-3,-0.0137562592812697,0.0134210593233267,TRUE,16
2-2,0.16810752150353,0.0572795286736625,TRUE,16
2-3,-0.0105358707833629,0.0162214280293141,TRUE,16
3-3,-0.18929560479558,0.0275946532064808,TRUE,16
(Intercept):1,-1.1139074000251,0.0418982108460802,TRUE,16
(Intercept):2,-1.58157292325267,0.0588976867658353,TRUE,16
Covariate:1,0.565331241827963,0.0615425850320188,TRUE,16
Covariate:2,-0.546794569631252,0.0819328175848302,TRUE,16
1-1,0.0561054349131369,0.0409361650116297,TRUE,16
1-2,-0.0249282940225603,0.0213958284180371,TRUE,16
1-3,-0.0136518506870611,0.0132435868552997,TRUE,16
2-2,0.0264605680676556,0.0699261364414915,FALSE,16
2-3,-0.016171999372248,0.0160251249739009,TRUE,16
3-3,-0.264648455554972,0.0286622918478804,TRUE,16
(Intercept):1,-1.05577285237657,0.0431379951697511,TRUE,16
(Intercept):2,-1.50529927129956,0.0545838650510064,TRUE,16
Covariate:1,0.434088287390536,0.0657744057816109,TRUE,16
Covariate:2,-0.488224555860308,0.0787335480282942,TRUE,16
1-1,0.114524714537152,0.0444285825766654,TRUE,16
1-2,-0.0316987555545842,0.0214200630699792,TRUE,16
1-3,0.0270720861891061,0.0146471638189456,TRUE,16
2-2,0.224955384982673,0.0566309281225313,TRUE,16
2-3,0.0159523081063039,0.016354879288122,TRUE,16
3-3,-0.152892768947382,0.0278682221013897,FALSE,16
(Intercept):1,-1.02013701007782,0.0435201749563683,TRUE,16
(Intercept):2,-1.501076346834,0.0537631909854302,FALSE,16
Covariate:1,0.362351830596599,0.0617907289490214,FALSE,16
Covariate:2,-0.564921982819523,0.0731376000755807,TRUE,16
1-1,0.122114367952497,0.0403174922277391,TRUE,16
1-2,-0.031881279192302,0.0202644808841603,TRUE,16
1-3,-0.0235451998632166,0.013623508115297,TRUE,16
2-2,0.2231785900694,0.0547116757757324,TRUE,16
2-3,-0.03627459884604,0.0157442341718875,FALSE,16
3-3,-0.231326669346206,0.0286127836503862,TRUE,16
(Intercept):1,-1.11505940508402,0.0436870390394127,TRUE,16
(Intercept):2,-1.59480600465296,0.0565347982949209,TRUE,16
Covariate:1,0.473163022278445,0.0651298197080959,TRUE,16
Covariate:2,-0.652461587791614,0.0752157950675313,FALSE,16
1-1,0.0320424422984338,0.0453261068269444,TRUE,16
1-2,0.0234153632300563,0.0207426738966705,TRUE,16
1-3,-0.0141129740496124,0.0138085269151786,TRUE,16
2-2,0.167527468595552,0.0575373858211699,TRUE,16
2-3,-0.0130307308012405,0.0156557308495173,TRUE,16
3-3,-0.25075253360483,0.0291167094213655,TRUE,16
(Intercept):1,-1.03253825816621,0.0429755569102734,TRUE,16
(Intercept):2,-1.54961171216258,0.0549518362636737,TRUE,16
Covariate:1,0.544929605568514,0.0674840389973517,TRUE,16
Covariate:2,-0.427602960288924,0.0760376946442876,TRUE,16
1-1,0.032692850143901,0.0418038789763663,TRUE,16
1-2,-0.0191177918725375,0.0212226548462628,TRUE,16
1-3,-0.00829746129205701,0.0136117027923084,TRUE,16
2-2,0.252998848916585,0.0533521829502197,TRUE,16
2-3,-0.0135805632290784,0.0165856641605606,TRUE,16
3-3,-0.216062205841724,0.0291897151451691,TRUE,16
(Intercept):1,-1.10851782033097,0.0426496515663288,TRUE,16
(Intercept):2,-1.55685669989281,0.0563282655983578,TRUE,16
Covariate:1,0.494973507246284,0.0636980786044168,TRUE,16
Covariate:2,-0.297154378513696,0.0771224410203705,FALSE,16
1-1,0.0975451932201328,0.039592152851239,TRUE,16
1-2,0.000151698394797751,0.0216517116607067,TRUE,16
1-3,0.00638100347142144,0.0141647756682399,TRUE,16
2-2,0.137775328666559,0.0599494019235318,TRUE,16
2-3,-0.00511952522401344,0.0168073371835249,TRUE,16
3-3,-0.239873620155601,0.0308808919667855,TRUE,16
(Intercept):1,-1.0584134857217,0.0419322261010703,TRUE,16
(Intercept):2,-1.60095545928373,0.0573843346255428,TRUE,16
Covariate:1,0.372900818936943,0.0629681046891052,FALSE,16
Covariate:2,-0.687847622644484,0.076213517052657,FALSE,16
1-1,0.121189051627614,0.0430917985070391,TRUE,16
1-2,0.00200452269471878,0.0212896585627783,TRUE,16
1-3,-0.00134650330748549,0.0139470453372007,TRUE,16
2-2,0.118898098060006,0.0567147026456205,TRUE,16
2-3,-0.000614031150885192,0.0158803899168143,TRUE,16
3-3,-0.215021267572963,0.0291868276016776,TRUE,16
(Intercept):1,-1.1167304428887,0.0415278786840473,TRUE,16
(Intercept):2,-1.6296966108188,0.0587079948183756,TRUE,16
Covariate:1,0.644418466049287,0.0611854677431001,FALSE,16
Covariate:2,-0.399165870185001,0.0784099211253041,TRUE,16
1-1,0.13406080191293,0.0386527537645244,TRUE,16
1-2,0.0166134658914069,0.0211235672776438,TRUE,16
1-3,-0.00598208734619668,0.0142849649867196,TRUE,16
2-2,0.146547233518519,0.0580128421964308,TRUE,16
2-3,0.0166705796323565,0.0173154380895428,TRUE,16
3-3,-0.222910432740262,0.0294092539303823,TRUE,16
(Intercept):1,-1.04455956878917,0.0424724518073375,TRUE,16
(Intercept):2,-1.64246854665677,0.0575458510675794,TRUE,16
Covariate:1,0.53862560992565,0.0657212487252712,TRUE,16
Covariate:2,-0.526773998000773,0.0752217146768713,TRUE,16
1-1,0.0931159747359992,0.0398090109632944,TRUE,16
1-2,0.0109841788808132,0.0204181081342938,TRUE,16
1-3,-0.0384938657654236,0.0144782625386489,FALSE,16
2-2,0.21944843834524,0.054830232416133,TRUE,16
2-3,-0.016345073628982,0.0158963701445706,TRUE,16
3-3,-0.232428064850964,0.0297274900159089,TRUE,16
(Intercept):1,-1.03172032344547,0.0407415522181827,TRUE,16
(Intercept):2,-1.64686883856178,0.0564548646914961,TRUE,16
Covariate:1,0.475427853993887,0.0615620487675661,TRUE,16
Covariate:2,-0.56002154427908,0.0769072302442072,TRUE,16
1-1,0.061997144330281,0.0393840091196626,TRUE,16
1-2,0.0243292036224953,0.0207846944216303,TRUE,16
1-3,-0.0189872637425378,0.0129128456830773,TRUE,16
2-2,0.167231449834718,0.0551821173957754,TRUE,16
2-3,-0.0115893067872505,0.0153054281484255,TRUE,16
3-3,-0.210669711234448,0.0269812272976594,TRUE,16
(Intercept):1,-1.08197564906874,0.0442065111351313,TRUE,16
(Intercept):2,-1.68983070897789,0.0614314429334959,TRUE,16
Covariate:1,0.417707596683539,0.0663730566149632,TRUE,16
Covariate:2,-0.456761223472159,0.0808880154748987,TRUE,16
1-1,0.039242481287379,0.0421648824330264,TRUE,16
1-2,-0.0450373045492799,0.0226676831525044,FALSE,16
1-3,-0.0362194102324436,0.0141279109002238,FALSE,16
2-2,0.0980423362878174,0.0606355183780497,TRUE,16
2-3,-0.00161577874808265,0.0163103216120084,TRUE,16
3-3,-0.279344987558659,0.0280182491122566,FALSE,16
(Intercept):1,-1.09152069349965,0.0434598747084243,TRUE,16
(Intercept):2,-1.56953237181901,0.053963342163054,TRUE,16
Covariate:1,0.469237531568615,0.063056530120845,TRUE,16
Covariate:2,-0.481055705891366,0.0725251209241717,TRUE,16
1-1,0.0790506795146671,0.0414022336888366,TRUE,16
1-2,0.00532688711518712,0.0199513022326326,TRUE,16
1-3,-0.0185904379066954,0.0134257967742046,TRUE,16
2-2,0.157808609699352,0.0533707836812858,TRUE,16
2-3,-0.0177545350114795,0.0151156430494285,TRUE,16
3-3,-0.189326010175921,0.0268939363033673,TRUE,16
(Intercept):1,-1.04398497116272,0.0411717069954598,TRUE,16
(Intercept):2,-1.60988368910506,0.0566447258063631,TRUE,16
Covariate:1,0.465771037401083,0.0602526811713613,TRUE,16
Covariate:2,-0.462919509750832,0.0715909016332065,TRUE,16
1-1,0.0777690841254872,0.0384613649738052,TRUE,16
1-2,-0.0198565517298551,0.020865803488059,TRUE,16
1-3,0.00931231768131741,0.0132843875640361,TRUE,16
2-2,0.209991631616979,0.0564346434391496,TRUE,16
2-3,0.00399798088408483,0.0157368081682408,TRUE,16
3-3,-0.194168323615853,0.0272926428959572,TRUE,16
(Intercept):1,-1.04325466368202,0.0427576946933181,TRUE,16
(Intercept):2,-1.66654772018461,0.0535873089706226,TRUE,16
Covariate:1,0.497727243453178,0.0659422883436501,TRUE,16
Covariate:2,-0.543390081014034,0.0739547366721591,TRUE,16
1-1,0.0607042831419412,0.0469861523609997,TRUE,16
1-2,0.0118634329528393,0.0207998218025476,TRUE,16
1-3,0.00335347935972863,0.013474260374789,TRUE,16
2-2,0.30791164646647,0.0505046692170061,FALSE,16
2-3,0.0149084049503696,0.0155044259468789,TRUE,16
3-3,-0.215706778856121,0.0285980245509425,TRUE,16
(Intercept):1,-1.02414161112854,0.0428421767528004,TRUE,16
(Intercept):2,-1.60738877352219,0.0589525782925186,TRUE,16
Covariate:1,0.50578923204931,0.0641265414347154,TRUE,16
Covariate:2,-0.5263433319698,0.0785497125313481,TRUE,16
1-1,0.048215250794488,0.0398330090586829,TRUE,16
1-2,-0.0345482961501885,0.0214019883765327,TRUE,16
1-3,0.00109060922363062,0.0140090761414394,TRUE,16
2-2,0.218394339727232,0.0533926011130779,TRUE,16
2-3,0.0038822920097474,0.0166388989182097,TRUE,16
3-3,-0.255960732627739,0.0299355719409294,TRUE,16
(Intercept):1,-1.13897845833961,0.0443904767847212,TRUE,16
(Intercept):2,-1.58413045432115,0.0577100821397304,TRUE,16
Covariate:1,0.479372905630789,0.0633647114409849,TRUE,16
Covariate:2,-0.454441031313512,0.0823554742450367,TRUE,16
1-1,0.079078305846699,0.0416398237061184,TRUE,16
1-2,-0.000746873468533188,0.021809465328913,TRUE,16
1-3,0.00440010712739092,0.0139848237134632,TRUE,16
2-2,0.098797640343082,0.0583236386853993,TRUE,16
2-3,-0.000941407510740128,0.0165385306775237,TRUE,16
3-3,-0.218509836039317,0.0283822897926581,TRUE,16
(Intercept):1,-1.10006338259081,0.0423848954823126,TRUE,16
(Intercept):2,-1.57726703647049,0.0583643327695095,TRUE,16
Covariate:1,0.541147943622088,0.0638647036539291,TRUE,16
Covariate:2,-0.502000145157726,0.0784534103435383,TRUE,16
1-1,0.0850368642004031,0.0403451070393959,TRUE,16
1-2,-0.00735352813325727,0.0206842662974285,TRUE,16
1-3,-0.00487136185356041,0.0134369996667817,TRUE,16
2-2,0.107870006654093,0.05805584329066,TRUE,16
2-3,-0.02634388574162,0.016332553327034,TRUE,16
3-3,-0.223054050982275,0.0271275878795018,TRUE,16
(Intercept):1,-1.06233502840677,0.042727831398863,TRUE,16
(Intercept):2,-1.65613308121026,0.0590891090289463,TRUE,16
Covariate:1,0.460457361060638,0.0650033856826088,TRUE,16
Covariate:2,-0.513597197857833,0.080364352955282,TRUE,16
1-1,0.0920297895566779,0.0423057603206603,TRUE,16
1-2,0.0159092661807089,0.021089888555093,TRUE,16
1-3,-0.00305623091894728,0.0136579131407377,TRUE,16
2-2,0.17256589464944,0.0541445097194123,TRUE,16
2-3,0.0344494825196302,0.0166112451582746,FALSE,16
3-3,-0.2257806914816,0.0293327852953826,TRUE,16
(Intercept):1,-1.15506935119786,0.0439083061063273,TRUE,16
(Intercept):2,-1.59611079971143,0.0603664518096568,TRUE,16
Covariate:1,0.446252158128359,0.0639760313737097,TRUE,16
Covariate:2,-0.495588941303677,0.0801815749543033,TRUE,16
1-1,0.12333291352927,0.0412615011280739,TRUE,16
1-2,-0.00983315737172498,0.0210200223949561,TRUE,16
1-3,0.0121348723924396,0.013610055472491,TRUE,16
2-2,0.134926912563945,0.0646408296892697,TRUE,16
2-3,-0.000300456641549132,0.0161236159145219,TRUE,16
3-3,-0.235579653721707,0.0300967803259794,TRUE,16
(Intercept):1,-1.06116117714898,0.0427814843150786,TRUE,16
(Intercept):2,-1.67119814522156,0.059698997443621,TRUE,16
Covariate:1,0.334720630882926,0.0638144504579083,FALSE,16
Covariate:2,-0.525070199683636,0.0790277650315709,TRUE,16
1-1,0.117822077985791,0.0423248427471694,TRUE,16
1-2,-0.0135167862561954,0.0205502301669384,TRUE,16
1-3,-0.0146602516838529,0.0134922464155974,TRUE,16
2-2,0.253981725936856,0.0525065868840926,TRUE,16
2-3,0.0151292487795546,0.0163236012330941,TRUE,16
3-3,-0.238574891906262,0.0284090353299846,TRUE,16
(Intercept):1,-1.09888862831719,0.0432259583308203,TRUE,16
(Intercept):2,-1.59178802684992,0.0598390063916019,TRUE,16
Covariate:1,0.521628453184278,0.0664027184911993,TRUE,16
Covariate:2,-0.484535224581938,0.0764016168804332,TRUE,16
1-1,0.0921510716103607,0.0428532363313961,TRUE,16
1-2,-0.00767063793391946,0.0217405429861764,TRUE,16
1-3,-0.00395226035699757,0.0139575996832741,TRUE,16
2-2,0.155692841920851,0.0597196705069405,TRUE,16
2-3,-0.00969482359101934,0.0165297861339542,TRUE,16
3-3,-0.210382848325598,0.0285724601994043,TRUE,16
(Intercept):1,-1.09703879505566,0.045142503086981,TRUE,16
(Intercept):2,-1.64854976104711,0.0555491074567139,TRUE,16
Covariate:1,0.590956652824067,0.0634622075846467,TRUE,16
Covariate:2,-0.437784623816146,0.074303795550816,TRUE,16
1-1,0.0685557150617551,0.0420956253085408,TRUE,16
1-2,-0.021374847207107,0.0226961859963123,TRUE,16
1-3,-0.0108927559806395,0.0141911548167761,TRUE,16
2-2,0.214329684783665,0.0594375271767951,TRUE,16
2-3,0.00945994158189036,0.0151498106789732,TRUE,16
3-3,-0.235657870364396,0.0284086446740152,TRUE,16
(Intercept):1,-1.06715824249206,0.0402891853579419,TRUE,16
(Intercept):2,-1.54170385003014,0.0575406290383026,TRUE,16
Covariate:1,0.588839843839629,0.0611532647939422,TRUE,16
Covariate:2,-0.489983111435743,0.0759717244520891,TRUE,16
1-1,0.0932178916547735,0.0374629553130702,TRUE,16
1-2,-0.028211139455481,0.0215766720985336,TRUE,16
1-3,-0.00742958685771196,0.0135234939865737,TRUE,16
2-2,0.0973369768678021,0.0649689983891436,TRUE,16
2-3,-0.0128234266905657,0.0158590157816747,TRUE,16
3-3,-0.256253857545802,0.0281117578494396,TRUE,16
(Intercept):1,-1.1038619497049,0.0433674161959516,TRUE,16
(Intercept):2,-1.59874691000541,0.0587467623112723,TRUE,16
Covariate:1,0.604421531993461,0.0637991847007603,TRUE,16
Covariate:2,-0.378275648216244,0.0804960018063574,TRUE,16
1-1,0.0461895299596997,0.042569312604942,TRUE,16
1-2,-0.0187452734471656,0.0213528651670539,TRUE,16
1-3,0.00325281433948395,0.0132419372317602,TRUE,16
2-2,0.0903075003173097,0.0633816973952538,TRUE,16
2-3,-0.004991244274887,0.0159157562036153,TRUE,16
3-3,-0.234776130350188,0.0298145986147625,TRUE,16
(Intercept):1,-1.15558967871419,0.04553756130284,TRUE,16
(Intercept):2,-1.72223127215343,0.0576785641998654,TRUE,16
Covariate:1,0.554990850645769,0.0684558702040461,TRUE,16
Covariate:2,-0.479560648870251,0.0805372255207262,TRUE,16
1-1,0.0785837850269964,0.0413013191557767,TRUE,16
1-2,0.0578094295718022,0.0206878524810835,FALSE,16
1-3,0.019558068360084,0.0144653140463231,TRUE,16
2-2,0.227498431358479,0.0497628212409245,TRUE,16
2-3,0.0242244473674392,0.0151181999356387,TRUE,16
3-3,-0.17621384732997,0.0266791028911351,TRUE,16
(Intercept):1,-1.15074877610673,0.0441403969185785,TRUE,16
(Intercept):2,-1.68441903141917,0.0603812287680746,TRUE,16
Covariate:1,0.46761406435148,0.0639201152083101,TRUE,16
Covariate:2,-0.619902151277434,0.0777328719718059,TRUE,16
1-1,0.140604807225826,0.0409762219231136,TRUE,16
1-2,0.0241917201465622,0.0214282621906405,TRUE,16
1-3,0.00521340306155724,0.0138628946783824,TRUE,16
2-2,0.235152884598657,0.0550859874476632,TRUE,16
2-3,0.0215102166410328,0.0160291912785284,TRUE,16
3-3,-0.216251055464381,0.028194721635482,TRUE,16
(Intercept):1,-1.06269234636033,0.0413892422340987,TRUE,16
(Intercept):2,-1.62307002261354,0.0557499487668697,TRUE,16
Covariate:1,0.459835232999579,0.0608231420228045,TRUE,16
Covariate:2,-0.566833935075524,0.0799451426603342,TRUE,16
1-1,-0.000915460758652032,0.0419802483727065,FALSE,16
1-2,0.00506145780755406,0.0223110404455776,TRUE,16
1-3,-0.0185541337939939,0.0134918587217388,TRUE,16
2-2,0.0663208583571574,0.0670603628453036,TRUE,16
2-3,-0.0180989185580798,0.0156644106139358,TRUE,16
3-3,-0.227697313555285,0.0299603271801361,TRUE,16
(Intercept):1,-1.13283484320708,0.0422482832828143,TRUE,16
(Intercept):2,-1.62855002505806,0.0564215573715116,TRUE,16
Covariate:1,0.539326225413421,0.0646011747220706,TRUE,16
Covariate:2,-0.473385879630664,0.077215833003898,TRUE,16
1-1,0.0532971421449411,0.0420679432500894,TRUE,16
1-2,0.0131423828086113,0.0224460493081975,TRUE,16
1-3,-0.0138472579676718,0.0134267721982629,TRUE,16
2-2,0.146678893108703,0.0622151945508696,TRUE,16
2-3,-0.0273469116996462,0.0150883246186165,TRUE,16
3-3,-0.197394419455629,0.028121645682327,TRUE,16
(Intercept):1,-1.09459596787385,0.0431967583783541,TRUE,16
(Intercept):2,-1.51143703218478,0.0540338513893019,TRUE,16
Covariate:1,0.466890172728683,0.0641364789523915,TRUE,16
Covariate:2,-0.577119504641458,0.0748867346843538,TRUE,16
1-1,0.123759734738378,0.0401932303340392,TRUE,16
1-2,-0.0343917815516957,0.0213980076133684,TRUE,16
1-3,-0.00767640199737489,0.0138061206267228,TRUE,16
2-2,0.194386602572831,0.0556949389369374,TRUE,16
2-3,-0.0190109319624847,0.0155813102620497,TRUE,16
3-3,-0.210842126805652,0.0279645002971464,TRUE,16
(Intercept):1,-1.11629626119119,0.0454992376889883,TRUE,16
(Intercept):2,-1.57917610768595,0.0571699381572545,TRUE,16
Covariate:1,0.468285281894115,0.0657022626223132,TRUE,16
Covariate:2,-0.541099272645026,0.0705542137065891,TRUE,16
1-1,0.0405077425436939,0.0420332398041874,TRUE,16
1-2,-0.0198469001348759,0.0222343447373058,TRUE,16
1-3,0.031525557137271,0.0138000100334342,FALSE,16
2-2,0.216283403556634,0.0530246505281637,TRUE,16
2-3,0.015692368205761,0.0158339132314045,TRUE,16
3-3,-0.242998351308467,0.0277501137887413,TRUE,16
(Intercept):1,-1.09865582398527,0.041632408409211,TRUE,16
(Intercept):2,-1.56298241019498,0.0580113350576838,TRUE,16
Covariate:1,0.365052163042372,0.0621257697706553,FALSE,16
Covariate:2,-0.498530725755377,0.0774508127488197,TRUE,16
1-1,0.102779858242976,0.0410917645079848,TRUE,16
1-2,-0.011239815934869,0.0209145962023087,TRUE,16
1-3,-0.00995792331629219,0.0128716685123607,TRUE,16
2-2,0.366709844935633,0.0469375209455672,FALSE,16
2-3,-0.0350227683075607,0.015914782173402,FALSE,16
3-3,-0.208300301557562,0.0282701078787842,TRUE,16
(Intercept):1,-1.09326326708255,0.0442044608463028,TRUE,16
(Intercept):2,-1.62556710266363,0.058572563549628,TRUE,16
Covariate:1,0.441298495898826,0.065902072857955,TRUE,16
Covariate:2,-0.521805781863972,0.0816257186520029,TRUE,16
1-1,0.13095875893784,0.0391174540452406,TRUE,16
1-2,-0.00806442394017881,0.0208102024340063,TRUE,16
1-3,-0.0214796795230548,0.0142674249502622,TRUE,16
2-2,0.164042966006523,0.0570140422579203,TRUE,16
2-3,-0.0167510136976422,0.0163754447818226,TRUE,16
3-3,-0.227541232555222,0.0292736744132232,TRUE,16
(Intercept):1,-1.14537565580629,0.0428289048439394,TRUE,16
(Intercept):2,-1.70672521790913,0.0587688915090148,TRUE,16
Covariate:1,0.482951170570338,0.0641133205731462,TRUE,16
Covariate:2,-0.595397435162681,0.0774732276021879,TRUE,16
1-1,0.0997437803769196,0.0413945051964858,TRUE,16
1-2,0.056194442024756,0.0217119676559636,FALSE,16
1-3,0.0122497985802188,0.0139610346278033,TRUE,16
2-2,0.271493180159165,0.0568430919814163,TRUE,16
2-3,0.0108484990128985,0.0162733808779263,TRUE,16
3-3,-0.164432350023434,0.0292793135825409,FALSE,16
(Intercept):1,-1.11998296208488,0.0408452248432428,TRUE,16
(Intercept):2,-1.54564947524947,0.0555670883227551,TRUE,16
Covariate:1,0.526962057079819,0.0656905674773047,TRUE,16
Covariate:2,-0.571604706064707,0.0739873803685283,TRUE,16
1-1,0.0187274409751403,0.0433079535485286,TRUE,16
1-2,-0.0177801588340926,0.0205114068177408,TRUE,16
1-3,-0.0122527664784268,0.0138307836196356,TRUE,16
2-2,0.114008149510631,0.0581489905535691,TRUE,16
2-3,-0.0344641223971369,0.0161586335872616,FALSE,16
3-3,-0.256587610684289,0.0285621697145526,TRUE,16
(Intercept):1,-1.14618746170861,0.0413542000628618,TRUE,16
(Intercept):2,-1.68318114924471,0.0549790688130037,TRUE,16
Covariate:1,0.550928953530323,0.061610475476338,TRUE,16
Covariate:2,-0.50025252659111,0.0791295172427438,TRUE,16
1-1,0.058298885165386,0.0432717592336139,TRUE,16
1-2,-0.00167962745971147,0.0204578160363505,TRUE,16
1-3,-4.69857384333327e-06,0.0142747666520096,TRUE,16
2-2,0.253114639197367,0.0519663420857459,TRUE,16
2-3,-0.0160612495862402,0.0163928370013947,TRUE,16
3-3,-0.261182437582277,0.0300249861998216,TRUE,16
(Intercept):1,-1.12144149831963,0.0417605156736136,TRUE,16
(Intercept):2,-1.66789706386486,0.0599457004690198,TRUE,16
Covariate:1,0.401491600028103,0.0647721787136988,TRUE,16
Covariate:2,-0.535290760088912,0.0784368103789215,TRUE,16
1-1,0.0857072985834677,0.0393667487218434,TRUE,16
1-2,0.0306599880189014,0.0204757672314175,TRUE,16
1-3,0.00540726413861268,0.0136993165781898,TRUE,16
2-2,0.264626382498135,0.0570291878873893,TRUE,16
2-3,-0.00516094169116062,0.0156475469492276,TRUE,16
3-3,-0.159158568432769,0.0269087769202266,FALSE,16
(Intercept):1,-1.08954954160723,0.0426240563879625,TRUE,16
(Intercept):2,-1.57135481189522,0.0596561656604074,TRUE,16
Covariate:1,0.545654676043169,0.0669166186777094,TRUE,16
Covariate:2,-0.603621472557585,0.0750388074288351,TRUE,16
1-1,0.128298701964395,0.0391723004654355,TRUE,16
1-2,-0.0270353793810565,0.0217255373714852,TRUE,16
1-3,0.0139673378797555,0.0136641643143509,TRUE,16
2-2,0.219916317684506,0.0536915523016659,TRUE,16
2-3,0.0216986790643669,0.0165809339702358,TRUE,16
3-3,-0.196151681744759,0.0294874039005348,TRUE,16
(Intercept):1,-1.08941444598666,0.0421920248097447,TRUE,16
(Intercept):2,-1.47634146910129,0.0514611390351892,FALSE,16
Covariate:1,0.521916836993826,0.0662087410008043,TRUE,16
Covariate:2,-0.424286763084437,0.0727719021330114,TRUE,16
1-1,0.051501225540975,0.0405405621256314,TRUE,16
1-2,-0.0252682062811899,0.0196541513166897,TRUE,16
1-3,-0.00959517526151329,0.0134963431862533,TRUE,16
2-2,0.137929121971714,0.0524163456195682,TRUE,16
2-3,-0.0399871737007666,0.0148560219839666,FALSE,16
3-3,-0.267019122927078,0.0285212343353296,TRUE,16
(Intercept):1,-1.03112343579991,0.0413222303830252,TRUE,16
(Intercept):2,-1.55521718185614,0.055902544963739,TRUE,16
Covariate:1,0.568769260180608,0.0669024609446596,TRUE,16
Covariate:2,-0.555115731198708,0.0811046962853036,TRUE,16
1-1,0.0710452982639652,0.0413059774854159,TRUE,16
1-2,-0.0157299548077271,0.0212234489365537,TRUE,16
1-3,0.00692951629350383,0.0141469250511605,TRUE,16
2-2,0.183958864206134,0.0528670161197487,TRUE,16
2-3,0.0026416890237419,0.0155840037659229,TRUE,16
3-3,-0.221502839292946,0.0282050364168472,TRUE,16
(Intercept):1,-1.02324140879071,0.0415630260667714,TRUE,16
(Intercept):2,-1.61013556231883,0.056675011300988,TRUE,16
Covariate:1,0.491681952160077,0.0643401351454789,TRUE,16
Covariate:2,-0.550722637203435,0.0788446330164415,TRUE,16
1-1,0.0383549037402508,0.0399253540357371,TRUE,16
1-2,-0.0131722147446931,0.0218939124090061,TRUE,16
1-3,-0.0148853410527999,0.0134140333528819,TRUE,16
2-2,0.0807219259890081,0.0641511688243649,TRUE,16
2-3,0.00536440058886475,0.0156730147922311,TRUE,16
3-3,-0.222307579552519,0.0272443149033434,TRUE,16
(Intercept):1,-1.1224059515677,0.0450460400881049,TRUE,16
(Intercept):2,-1.44052411200202,0.054454373824195,FALSE,16
Covariate:1,0.497992568626415,0.0666436346815685,TRUE,16
Covariate:2,-0.408424203535821,0.0716748071289476,TRUE,16
1-1,0.0965931423974277,0.0410555273595159,TRUE,16
1-2,-0.0336657229589197,0.0213885741059032,TRUE,16
1-3,0.0118211821201763,0.0142451674298201,TRUE,16
2-2,0.18386550076215,0.0618041193028642,TRUE,16
2-3,-0.0209096766511332,0.0154802734136427,TRUE,16
3-3,-0.217300449998508,0.0301971304636498,TRUE,16
(Intercept):1,-1.05928874668317,0.0426555773952978,TRUE,16
(Intercept):2,-1.59230779695886,0.0556308597357932,TRUE,16
Covariate:1,0.43146178696071,0.0640642768170457,TRUE,16
Covariate:2,-0.537518562104553,0.076005204859093,TRUE,16
1-1,0.0971781446393461,0.0383336223317679,TRUE,16
1-2,-0.013737343177855,0.0197875008109891,TRUE,16
1-3,-0.00952825788266236,0.0133118730764098,TRUE,16
2-2,0.111968564915035,0.0588399953538599,TRUE,16
2-3,-0.00585478552592775,0.0157316800696916,TRUE,16
3-3,-0.248008883704119,0.0297778461779738,TRUE,16
(Intercept):1,-1.065305629311,0.043071808785403,TRUE,16
(Intercept):2,-1.5870347315731,0.0566971293378884,TRUE,16
Covariate:1,0.458593875297053,0.0663077188303218,TRUE,16
Covariate:2,-0.424545349448184,0.0791790301172309,TRUE,16
1-1,0.085266489675912,0.0413605296544219,TRUE,16
1-2,-0.0248669823423121,0.020763304321695,TRUE,16
1-3,-0.0157806658503031,0.013286925422192,TRUE,16
2-2,0.101536643404231,0.0620224845927545,TRUE,16
2-3,0.00854023339237302,0.0153412891941957,TRUE,16
3-3,-0.239381018281871,0.0295769757295641,TRUE,16
(Intercept):1,-1.10623513575702,0.0432143369665002,TRUE,16
(Intercept):2,-1.53940402044752,0.0571862963289032,TRUE,16
Covariate:1,0.584361754825177,0.0644534629826186,TRUE,16
Covariate:2,-0.420894517733111,0.0742525027703974,TRUE,16
1-1,0.071319772043991,0.0416720790856954,TRUE,16
1-2,-0.00699887492834316,0.0210664244058664,TRUE,16
1-3,-0.0148098298799314,0.0141430803687195,TRUE,16
2-2,0.20201342709132,0.0545848925140624,TRUE,16
2-3,-0.0288419617728179,0.0168274869582241,TRUE,16
3-3,-0.274103745465923,0.0297350346267786,TRUE,16
(Intercept):1,-1.06511891288314,0.0413984284479813,TRUE,16
(Intercept):2,-1.65676489693572,0.0565429150936093,TRUE,16
Covariate:1,0.502433253006515,0.0623606309804329,TRUE,16
Covariate:2,-0.628625702311921,0.0774980891698484,TRUE,16
1-1,0.104122003008793,0.0383533593248282,TRUE,16
1-2,-0.0268556973587731,0.0213376827665518,TRUE,16
1-3,-0.0147916965875378,0.0132970619111547,TRUE,16
2-2,0.216733909327844,0.0547553679288363,TRUE,16
2-3,-0.00511970609003892,0.0155805399412969,TRUE,16
3-3,-0.234331139631994,0.028479434230656,TRUE,16
(Intercept):1,-1.03595685380047,0.0417126783572669,TRUE,16
(Intercept):2,-1.63137392437308,0.0581634571216102,TRUE,16
Covariate:1,0.49514462301989,0.0608305453428732,TRUE,16
Covariate:2,-0.608482083196036,0.0794624820944082,TRUE,16
1-1,0.113192002987175,0.0408279091609267,TRUE,16
1-2,-0.00588770429985982,0.0210720875213848,TRUE,16
1-3,-0.032419260061553,0.0136630223335856,FALSE,16
2-2,0.15807206574946,0.0615057891564972,TRUE,16
2-3,-0.0121694731847229,0.0163215290099177,TRUE,16
3-3,-0.235795143302861,0.0294700238009781,TRUE,16
(Intercept):1,-1.03913474497128,0.03937507166829,TRUE,16
(Intercept):2,-1.6387283757465,0.0561509829828355,TRUE,16
Covariate:1,0.459279395597355,0.0634055434332058,TRUE,16
Covariate:2,-0.4835333593941,0.0774136762690576,TRUE,16
1-1,0.128670172803744,0.0363587521738971,TRUE,16
1-2,-0.0236846635611046,0.0201697045850862,TRUE,16
1-3,-0.0229717236563021,0.0128815210033667,TRUE,16
2-2,0.16877644454973,0.0505516946875209,TRUE,16
2-3,-0.0104452946675032,0.0160272636260909,TRUE,16
3-3,-0.2421949500693,0.0274422183678153,TRUE,16
(Intercept):1,-1.11729881366739,0.0434103940466698,TRUE,16
(Intercept):2,-1.6342831653941,0.0581996583861756,TRUE,16
Covariate:1,0.322153602635111,0.0630258521393941,FALSE,16
Covariate:2,-0.443865230619197,0.0760580484988192,TRUE,16
1-1,0.121453719041221,0.0438969269205029,TRUE,16
1-2,-0.00856725323909503,0.0219571399069006,TRUE,16
1-3,0.0162589590796964,0.0142283528285674,TRUE,16
2-2,0.252085107909965,0.0592443857070699,TRUE,16
2-3,0.037742387729271,0.0165416724263914,FALSE,16
3-3,-0.222931117595831,0.0290671415720265,TRUE,16
(Intercept):1,-1.05656774769883,0.0429547231886856,TRUE,16
(Intercept):2,-1.6191069572722,0.0622672641638621,TRUE,16
Covariate:1,0.394417526051187,0.06336757860506,TRUE,16
Covariate:2,-0.36965989549764,0.0769042187347174,TRUE,16
1-1,0.0557060064778975,0.0432928200223202,TRUE,16
1-2,-0.0203400483726464,0.0219515300507097,TRUE,16
1-3,-0.0174664470912949,0.0145819959677874,TRUE,16
2-2,0.119086259992602,0.0612068410916229,TRUE,16
2-3,-0.0113343517022369,0.0175583682752155,TRUE,16
3-3,-0.240609403263744,0.0283020025838548,TRUE,16
(Intercept):1,-1.11320974587341,0.0429250596441984,TRUE,16
(Intercept):2,-1.5483693448474,0.054480174676473,TRUE,16
Covariate:1,0.528942597121889,0.0609199790973587,TRUE,16
Covariate:2,-0.334005966852813,0.0732968422069806,FALSE,16
1-1,0.0817912575922568,0.0422913986852186,TRUE,16
1-2,-0.0239317837701092,0.0212625594574342,TRUE,16
1-3,0.00909199187302363,0.0147173267409061,TRUE,16
2-2,0.114495605250351,0.0648765903428307,TRUE,16
2-3,-0.0133759786172111,0.0164034891090224,TRUE,16
3-3,-0.283610859864697,0.0305041829274582,FALSE,16
(Intercept):1,-1.03598903239277,0.0414107161066215,TRUE,16
(Intercept):2,-1.72491585910255,0.0559607382209632,FALSE,16
Covariate:1,0.449976766211122,0.0663588479129745,TRUE,16
Covariate:2,-0.511156569300265,0.0762276579491922,TRUE,16
1-1,0.088480305642221,0.0414575894400457,TRUE,16
1-2,0.0169757185024614,0.0207918437200831,TRUE,16
1-3,-0.0127924279034307,0.0133751947405066,TRUE,16
2-2,0.216382811106108,0.0583147489232,TRUE,16
2-3,0.0143094694942762,0.0150554888802728,TRUE,16
3-3,-0.180797685040426,0.0297011707277105,TRUE,16
(Intercept):1,-1.1099708217601,0.044053428992704,TRUE,16
(Intercept):2,-1.65372759953313,0.0585480007903571,TRUE,16
Covariate:1,0.572548049735266,0.0625825269812672,TRUE,16
Covariate:2,-0.408676142496309,0.0746818366108944,TRUE,16
1-1,0.0216597919461474,0.0403554004722811,TRUE,16
1-2,0.00052312618503056,0.0217539392330314,TRUE,16
1-3,-0.0204535830425564,0.0137928301628802,TRUE,16
2-2,0.197694491660088,0.0589344291996626,TRUE,16
2-3,-0.0269605377447848,0.0163308810577492,TRUE,16
3-3,-0.275852102870684,0.028566854247999,TRUE,16
(Intercept):1,-1.11930235945932,0.0412307025194239,TRUE,16
(Intercept):2,-1.62541990828429,0.0570442559936672,TRUE,16
Covariate:1,0.499284446170314,0.06196801999059,TRUE,16
Covariate:2,-0.410347297533434,0.0739159628393301,TRUE,16
1-1,0.13238957844402,0.0417595082580469,TRUE,16
1-2,0.0363890783392829,0.0213891740722794,TRUE,16
1-3,-0.00353370430216456,0.014184264697141,TRUE,16
2-2,0.172227346716702,0.0572866590148886,TRUE,16
2-3,-0.00607105382611624,0.0160197375837066,TRUE,16
3-3,-0.203389659695601,0.0292427819293237,TRUE,16
(Intercept):1,-1.08296106534988,0.0416830808783852,TRUE,16
(Intercept):2,-1.68089387004663,0.0595468626166845,TRUE,16
Covariate:1,0.428745504667505,0.0631785980769397,TRUE,16
Covariate:2,-0.568456755173272,0.0785399094258866,TRUE,16
1-1,0.107108863555563,0.0438858315181333,TRUE,16
1-2,0.0083368967123389,0.0219991713879376,TRUE,16
1-3,-0.0133940830956489,0.0140248722295411,TRUE,16
2-2,0.209969560979055,0.0570831346220989,TRUE,16
2-3,-0.00881045812285879,0.0158306910031838,TRUE,16
3-3,-0.232593405625945,0.029094190797306,TRUE,16
(Intercept):1,-0.98723509139368,0.0423672269487311,FALSE,16
(Intercept):2,-1.59891305137365,0.0591697543667056,TRUE,16
Covariate:1,0.429874720347737,0.065251637905109,TRUE,16
Covariate:2,-0.570082517197883,0.0795970776444479,TRUE,16
1-1,0.065003987380265,0.0419107076318802,TRUE,16
1-2,-0.0207815183716686,0.02127330901913,TRUE,16
1-3,0.00459746161195026,0.0138444976798692,TRUE,16
2-2,0.217294270754269,0.057209090089414,TRUE,16
2-3,0.0146783240104625,0.0160844519497395,TRUE,16
3-3,-0.175053979288807,0.0278458895258203,TRUE,16
(Intercept):1,-1.11309432184822,0.0444880564121898,TRUE,16
(Intercept):2,-1.5485480162516,0.0562662593555019,TRUE,16
Covariate:1,0.403040544408326,0.0622703368121912,TRUE,16
Covariate:2,-0.596978676980343,0.0739928146347495,TRUE,16
1-1,0.112095067620353,0.0388240951889332,TRUE,16
1-2,0.016207122392916,0.021424916419181,TRUE,16
1-3,-0.00714436120287963,0.0142921263946948,TRUE,16
2-2,0.204290219677033,0.0583140660945048,TRUE,16
2-3,-0.0158285488351882,0.0158252425929604,TRUE,16
3-3,-0.230518230430513,0.0302956452773351,TRUE,16
(Intercept):1,-1.1010641615304,0.0407248129592313,TRUE,16
(Intercept):2,-1.66796025010331,0.06053351540526,TRUE,16
Covariate:1,0.561040336898066,0.0632766710393304,TRUE,16
Covariate:2,-0.490185968194398,0.0784599492941008,TRUE,16
1-1,0.118763119586127,0.039417702442685,TRUE,16
1-2,0.0151217302918618,0.0215124061115842,TRUE,16
1-3,0.00363099109198646,0.013139316734422,TRUE,16
2-2,0.134465644059672,0.0661495420133975,TRUE,16
2-3,0.0159634357997453,0.016373211659292,TRUE,16
3-3,-0.211239407929896,0.0291581470134848,TRUE,16
(Intercept):1,-0.947330973320349,0.0411825304676183,FALSE,16
(Intercept):2,-1.54769462686186,0.054728429522635,TRUE,16
Covariate:1,0.461176574015147,0.0636788006025554,TRUE,16
Covariate:2,-0.458274424914592,0.0749934998575327,TRUE,16
1-1,-0.023725091829468,0.042037959111596,FALSE,16
1-2,-0.0342025528417529,0.0209887689306065,TRUE,16
1-3,-0.0391385798705102,0.0133865297835971,FALSE,16
2-2,0.25734452258007,0.0550512081513028,TRUE,16
2-3,-0.0253762109450072,0.0151978071561646,TRUE,16
3-3,-0.235919843795804,0.0284735435739836,TRUE,16
(Intercept):1,-1.1796002343882,0.0437494716345017,TRUE,16
(Intercept):2,-1.57514428609025,0.0567278981030381,TRUE,16
Covariate:1,0.409255451024588,0.0646319304468533,TRUE,16
Covariate:2,-0.355584824673709,0.0792870594608869,TRUE,16
1-1,0.144674422096586,0.0392277105979144,TRUE,16
1-2,-0.0334099261859905,0.0212269954281998,TRUE,16
1-3,-0.00997241874495696,0.0141665483392348,TRUE,16
2-2,0.090332455038729,0.0552012373189673,TRUE,16
2-3,-0.0012379590494341,0.0150260779999486,TRUE,16
3-3,-0.28925592047344,0.0294924361759255,FALSE,16
(Intercept):1,-1.1148591605964,0.0414354252169879,TRUE,16
(Intercept):2,-1.72120482389734,0.0599848873472622,TRUE,16
Covariate:1,0.569144435724432,0.0634445522239088,TRUE,16
Covariate:2,-0.567786353212437,0.0738236868603766,TRUE,16
1-1,0.129966519916003,0.0364883203539211,TRUE,16
1-2,0.0576005086465752,0.0206935215813402,FALSE,16
1-3,-0.0111040203368218,0.0137800133936718,TRUE,16
2-2,0.0700158600374743,0.0648593548636653,TRUE,16
2-3,0.00513122222163114,0.0162972476626316,TRUE,16
3-3,-0.248699922563095,0.0289018359129335,TRUE,16
(Intercept):1,-1.139399346657,0.0419571163131773,TRUE,16
(Intercept):2,-1.58235852301237,0.0535185212290562,TRUE,16
Covariate:1,0.601002154374015,0.0665999664214647,TRUE,16
Covariate:2,-0.347540263361522,0.0726841470902799,FALSE,16
1-1,0.109524671875473,0.0394947776998,TRUE,16
1-2,-0.00958682133867419,0.0191064140424776,TRUE,16
1-3,0.0147253428516596,0.0129955138751113,TRUE,16
2-2,0.298386482084865,0.0503252785230236,FALSE,16
2-3,-0.00306141718570455,0.0149662544216836,TRUE,16
3-3,-0.207786466623958,0.0277439988534076,TRUE,16
(Intercept):1,-1.10893943148417,0.0427760208806354,TRUE,16
(Intercept):2,-1.5864606799493,0.0598065946847505,TRUE,16
Covariate:1,0.578117549296366,0.0626417124525554,TRUE,16
Covariate:2,-0.312748260473966,0.076196619768487,FALSE,16
1-1,0.12010576271157,0.041468426530203,TRUE,16
1-2,-0.00945401921909939,0.0209359713934185,TRUE,16
1-3,-0.0203053496189918,0.0133602375509955,TRUE,16
2-2,0.141797387669697,0.0583651775542831,TRUE,16
2-3,-0.023538374075393,0.0155731848731609,TRUE,16
3-3,-0.252580702114296,0.0275795994589654,TRUE,16
(Intercept):1,-1.01779665456513,0.0400804178334868,FALSE,16
(Intercept):2,-1.61235255212402,0.0602817536273419,TRUE,16
Covariate:1,0.466403488009768,0.0611587513059613,TRUE,16
Covariate:2,-0.515484331766518,0.0760374118811998,TRUE,16
1-1,0.111711242222891,0.0369767978090176,TRUE,16
1-2,-0.0243503882739847,0.0212065161664894,TRUE,16
1-3,-0.0184892265064238,0.0132552605288369,TRUE,16
2-2,0.189070707533202,0.0558069938143451,TRUE,16
2-3,0.00556837085991118,0.0163228991558958,TRUE,16
3-3,-0.225340800353496,0.0284346314074451,TRUE,16
(Intercept):1,-1.13142992518712,0.0433322977056355,TRUE,16
(Intercept):2,-1.64127163153996,0.0611585812320425,TRUE,16
Covariate:1,0.582010777272222,0.0626831411671632,TRUE,16
Covariate:2,-0.447695990460443,0.0766165364456684,TRUE,16
1-1,0.123554200791199,0.0393586919334168,TRUE,16
1-2,-0.0134626432236916,0.0219575676148413,TRUE,16
1-3,-0.0151528270064596,0.0141118898122868,TRUE,16
2-2,0.133941090915641,0.0597196682887688,TRUE,16
2-3,0.000982782326933193,0.0160217922885082,TRUE,16
3-3,-0.237377772263326,0.0287675766222197,TRUE,16
(Intercept):1,-1.18021684531374,0.0423937966790062,TRUE,16
(Intercept):2,-1.64350026454025,0.0580872257220238,TRUE,16
Covariate:1,0.434338271567299,0.06592799301183,TRUE,16
Covariate:2,-0.724398128363273,0.0782525343226835,FALSE,16
1-1,0.179488268143829,0.0407844199359872,FALSE,16
1-2,0.00308955062146359,0.0213403284606488,TRUE,16
1-3,0.00222598807695074,0.0137216622630197,TRUE,16
2-2,0.128701502243634,0.0579027538575599,TRUE,16
2-3,-0.0053421376373614,0.0160834134603026,TRUE,16
3-3,-0.249779835502397,0.0298595552277398,TRUE,16
(Intercept):1,-1.0350499870169,0.042214460738329,TRUE,16
(Intercept):2,-1.54175435459206,0.0546617445612141,TRUE,16
Covariate:1,0.534750443768755,0.0653652836447493,TRUE,16
Covariate:2,-0.401807870237639,0.0722581578338329,TRUE,16
1-1,0.0257636807101292,0.0414713478545088,TRUE,16
1-2,-0.00249246348851982,0.0203468574735946,TRUE,16
1-3,-0.0174152509486409,0.0141515689845439,TRUE,16
2-2,0.157809537885838,0.0523115588615239,TRUE,16
2-3,-0.00883566217632209,0.0159769029500224,TRUE,16
3-3,-0.227889591975006,0.0286982484190375,TRUE,16
(Intercept):1,-1.11693456606164,0.0418910395020797,TRUE,16
(Intercept):2,-1.7183203544645,0.0539045105706083,FALSE,16
Covariate:1,0.475784086296083,0.0636478992374744,TRUE,16
Covariate:2,-0.560787162275735,0.0813707763235805,TRUE,16
1-1,0.0516746955829652,0.0419940151147509,TRUE,16
1-2,0.0065043252530298,0.0211945802117441,TRUE,16
1-3,-0.00401783783056764,0.0136955121087623,TRUE,16
2-2,0.289537611927883,0.0510120392963142,FALSE,16
2-3,0.0112672406515262,0.0157274057895426,TRUE,16
3-3,-0.260292643453995,0.0296787163710076,TRUE,16
(Intercept):1,-0.997824654836274,0.0409418844777008,FALSE,16
(Intercept):2,-1.62415679347317,0.0589287850411609,TRUE,16
Covariate:1,0.399199718505458,0.0614549167854641,TRUE,16
Covariate:2,-0.472301905770697,0.077040894372683,TRUE,16
1-1,0.0706911678168245,0.037900154969727,TRUE,16
1-2,-0.0401109123549123,0.0208217742943457,TRUE,16
1-3,-0.00592052976819672,0.0133953786200448,TRUE,16
2-2,0.195812417580613,0.0563068109592531,TRUE,16
2-3,0.0147654050395793,0.0159220527797305,TRUE,16
3-3,-0.214084703636543,0.0279877411161257,TRUE,16
(Intercept):1,-1.0520706808769,0.042030514664136,TRUE,16
(Intercept):2,-1.51678876831899,0.0562442994555116,TRUE,16
Covariate:1,0.595656459051687,0.0631008268741278,TRUE,16
Covariate:2,-0.407168600174966,0.0715710424897968,TRUE,16
1-1,0.0120134657730026,0.0453548810006541,TRUE,16
1-2,-0.0011021467292033,0.0214492949782999,TRUE,16
1-3,-0.0122989224065888,0.0138312946847557,TRUE,16
2-2,0.132798668289703,0.0553204559516201,TRUE,16
2-3,-0.0151682443918726,0.0159051534599298,TRUE,16
3-3,-0.180742998895296,0.0292182243880379,TRUE,16
(Intercept):1,-1.12966533543503,0.0444583847997582,TRUE,16
(Intercept):2,-1.51619309538147,0.0531173364154706,TRUE,16
Covariate:1,0.528654027063752,0.0666204470995643,TRUE,16
Covariate:2,-0.453196116875881,0.074089744769704,TRUE,16
1-1,0.0666424641093563,0.0426058808006115,TRUE,16
1-2,-0.0166058040645087,0.020423076899362,TRUE,16
1-3,-0.0161792672043356,0.0141341156693595,TRUE,16
2-2,0.18260790032101,0.0489195022449954,TRUE,16
2-3,-0.0404136033875537,0.0158554018947346,FALSE,16
3-3,-0.293339323699233,0.0295853661123145,FALSE,16
(Intercept):1,-1.07505513012885,0.0428458996461017,TRUE,16
(Intercept):2,-1.59787664922508,0.0570030847578475,TRUE,16
Covariate:1,0.501609345039779,0.063023033082603,TRUE,16
Covariate:2,-0.517591682396819,0.0752260199717825,TRUE,16
1-1,0.109437919006574,0.038698948492923,TRUE,16
1-2,-0.0365136174283015,0.020941948014527,TRUE,16
1-3,-0.00729729645622865,0.0137397445467246,TRUE,16
2-2,0.167047094407619,0.0544930416553383,TRUE,16
2-3,-0.013905632161325,0.0155574078647839,TRUE,16
3-3,-0.248740621301734,0.0287308600234081,TRUE,16
(Intercept):1,-1.07031192300523,0.0419361795024858,TRUE,16
(Intercept):2,-1.65176740361909,0.0587312551205376,TRUE,16
Covariate:1,0.483278958497516,0.0653226899254957,TRUE,16
Covariate:2,-0.375116471110486,0.0783818706566039,TRUE,16
1-1,0.0747745414198398,0.0408384571575633,TRUE,16
1-2,-0.0116418172130153,0.0217406287269859,TRUE,16
1-3,-0.00320272108569745,0.0141382230759832,TRUE,16
2-2,0.103812136801095,0.0593701572956234,TRUE,16
2-3,0.0231495452545398,0.0165950455279491,TRUE,16
3-3,-0.224869767124204,0.0291335054601506,TRUE,16
(Intercept):1,-1.08661928096447,0.0420700617191913,TRUE,16
(Intercept):2,-1.61020332998591,0.0583766583257024,TRUE,16
Covariate:1,0.411499023121915,0.0617676862081596,TRUE,16
Covariate:2,-0.595990654730434,0.0812191588610595,TRUE,16
1-1,0.0754625582000287,0.0421232443531537,TRUE,16
1-2,0.000277890185129015,0.0217213195898483,TRUE,16
1-3,-0.00901430141164517,0.0135020606221878,TRUE,16
2-2,0.14023298419914,0.061551000215038,TRUE,16
2-3,-0.0251595984304667,0.0168853926038304,TRUE,16
3-3,-0.244664219564925,0.0296959057103424,TRUE,16
(Intercept):1,-1.04891897244334,0.0430083651628659,TRUE,16
(Intercept):2,-1.6436601900225,0.0588257481987009,TRUE,16
Covariate:1,0.490851388392892,0.0647282087600422,TRUE,16
Covariate:2,-0.36748451638974,0.0808277485169763,TRUE,16
1-1,0.0455468481158216,0.0447483882315983,TRUE,16
1-2,-0.00729424319505115,0.0201721694712508,TRUE,16
1-3,-0.0292838638351228,0.0144805477043363,FALSE,16
2-2,0.236974904717584,0.0540180297020661,TRUE,16
2-3,0.00347068213146453,0.0161430602746917,TRUE,16
3-3,-0.195906314635215,0.0296257878860244,TRUE,16
(Intercept):1,-1.09627661449567,0.0422875135765247,TRUE,16
(Intercept):2,-1.60554282055834,0.0580242411935356,TRUE,16
Covariate:1,0.546610304683257,0.0650271159276166,TRUE,16
Covariate:2,-0.47369540100949,0.0790324353480793,TRUE,16
1-1,0.108881671718964,0.04062318501711,TRUE,16
1-2,-0.00368162998048145,0.0214885573589822,TRUE,16
1-3,-0.00533898644201592,0.0141999203153262,TRUE,16
2-2,0.13468324396806,0.0590194369350323,TRUE,16
2-3,-0.00748822927213927,0.0161265386721421,TRUE,16
3-3,-0.238836449770496,0.0300616684158077,TRUE,16
(Intercept):1,-1.03063382404971,0.0426797240955929,TRUE,16
(Intercept):2,-1.57522988443452,0.0563629310686104,TRUE,16
Covariate:1,0.550906766504202,0.0652604134733762,TRUE,16
Covariate:2,-0.432613126317696,0.0791310608909501,TRUE,16
1-1,0.0651903969052071,0.0407955418052948,TRUE,16
1-2,-0.0361260428215985,0.0220342059318871,TRUE,16
1-3,-0.029346614228233,0.0136318277200848,FALSE,16
2-2,0.085404896261555,0.0700862954999675,TRUE,16
2-3,-0.0121572159650167,0.0160513757285986,TRUE,16
3-3,-0.195147996317876,0.0290673207582777,TRUE,16
(Intercept):1,-1.10285542120858,0.0393594489043399,TRUE,16
(Intercept):2,-1.65287644710118,0.0534452918968297,TRUE,16
Covariate:1,0.523396485269334,0.0590055452559409,TRUE,16
Covariate:2,-0.474836599040709,0.0743312039707055,TRUE,16
1-1,0.119405512429585,0.0370749234188685,TRUE,16
1-2,-0.000808555416107657,0.0211892178627111,TRUE,16
1-3,-0.0019462984894193,0.0129607920842087,TRUE,16
2-2,0.197685600529802,0.063986774236293,TRUE,16
2-3,0.00704564038031571,0.0154217403024228,TRUE,16
3-3,-0.197759830926519,0.0289247575679954,TRUE,16
(Intercept):1,-1.11436434155961,0.0451893687142917,TRUE,16
(Intercept):2,-1.59385105836482,0.0565110048507409,TRUE,16
Covariate:1,0.382709975679331,0.0652987192702171,TRUE,16
Covariate:2,-0.597957892458076,0.0733690361816947,TRUE,16
1-1,0.121216013282093,0.0398185962621197,TRUE,16
1-2,-0.0194625220723807,0.0217102526334036,TRUE,16
1-3,-0.00501405374648182,0.0137826139454576,TRUE,16
2-2,0.218448545285964,0.0501770305843853,TRUE,16
2-3,-0.00174709755323241,0.0152679994290923,TRUE,16
3-3,-0.249331874930154,0.029087182059031,TRUE,16
(Intercept):1,-1.12120493256473,0.0431603221545554,TRUE,16
(Intercept):2,-1.68730286956231,0.0570621223592114,TRUE,16
Covariate:1,0.504392996348546,0.0660031766784923,TRUE,16
Covariate:2,-0.472839290792573,0.0846577525475968,TRUE,16
1-1,0.0693802416437803,0.041306422465476,TRUE,16
1-2,0.00467210989596828,0.021241506856947,TRUE,16
1-3,0.00397175013144067,0.0138242124316423,TRUE,16
2-2,0.123504365564491,0.0614177122297966,TRUE,16
2-3,0.0246136546229649,0.0158586746217673,TRUE,16
3-3,-0.270311127552798,0.0276857877830507,TRUE,16
(Intercept):1,-1.0222032952267,0.0398364750171919,TRUE,16
(Intercept):2,-1.57652305257259,0.0560580274857028,TRUE,16
Covariate:1,0.489067005248943,0.0646636261421704,TRUE,16
Covariate:2,-0.380756291687646,0.0795835520870039,TRUE,16
1-1,0.119967867789822,0.036828764788737,TRUE,16
1-2,-0.031558614811799,0.0205044603792847,TRUE,16
1-3,-0.0165674043359814,0.013450027555625,TRUE,16
2-2,0.181430077126984,0.0572084836318918,TRUE,16
2-3,-0.0154381894420136,0.0155298252053336,TRUE,16
3-3,-0.271938114492501,0.0273282646739159,TRUE,16
(Intercept):1,-1.12985776783512,0.0440833266232742,TRUE,16
(Intercept):2,-1.67160128690665,0.062817407078422,TRUE,16
Covariate:1,0.443839046287067,0.0614060258826375,TRUE,16
Covariate:2,-0.60244866579643,0.0784898190647403,TRUE,16
1-1,0.116321861507135,0.0407840970530185,TRUE,16
1-2,0.0273225904433011,0.0226828993333554,TRUE,16
1-3,0.0143175952508769,0.0140583923067761,TRUE,16
2-2,0.275702412114096,0.0567990845338343,TRUE,16
2-3,0.0106986589115325,0.0169608035291302,TRUE,16
3-3,-0.200361006310938,0.0290607138827458,TRUE,16
(Intercept):1,-1.06358963053984,0.0420814511767886,TRUE,16
(Intercept):2,-1.64804800378281,0.0556953513180282,TRUE,16
Covariate:1,0.575207587537538,0.0660871972450105,TRUE,16
Covariate:2,-0.471529637223421,0.0792584510358715,TRUE,16
1-1,0.0438503212286363,0.04218611660976,TRUE,16
1-2,-0.0232084548081101,0.0209360117587409,TRUE,16
1-3,-0.0225323369750535,0.0139475857443342,TRUE,16
2-2,0.179624790298719,0.0590664177491074,TRUE,16
2-3,-0.00488879010697984,0.0155234539581549,TRUE,16
3-3,-0.259150905736391,0.028240884061098,TRUE,16
(Intercept):1,-1.04789135869127,0.0425714342566037,TRUE,16
(Intercept):2,-1.63446672724417,0.0569562721497532,TRUE,16
Covariate:1,0.487078569863006,0.0618932149042492,TRUE,16
Covariate:2,-0.442488146604753,0.074078426067801,TRUE,16
1-1,0.0849773710435188,0.0400684426977567,TRUE,16
1-2,0.0153590192936447,0.0220507891884206,TRUE,16
1-3,-0.0260372457848246,0.0135908297743309,TRUE,16
2-2,0.10660547604034,0.0599734454076441,TRUE,16
2-3,0.0180782728233077,0.0154853266902975,TRUE,16
3-3,-0.228412001251912,0.0281517481037047,TRUE,16
(Intercept):1,-1.15113990679152,0.0437436630282575,TRUE,16
(Intercept):2,-1.57046440353949,0.0538081602892303,TRUE,16
Covariate:1,0.533837943935588,0.0660612219286882,TRUE,16
Covariate:2,-0.51991866205736,0.0731667985155272,TRUE,16
1-1,0.12145148521574,0.0423477983194438,TRUE,16
1-2,0.0181780944038943,0.0211299964125042,TRUE,16
1-3,0.0116454765178274,0.0136532573536731,TRUE,16
2-2,0.278039899238142,0.0498756697104222,TRUE,16
2-3,-0.00975590562215745,0.0154450096087119,TRUE,16
3-3,-0.198671553450205,0.028295395857931,TRUE,16
(Intercept):1,-1.11846635445801,0.0429082382349171,TRUE,16
(Intercept):2,-1.67193207612372,0.0570552911789158,TRUE,16
Covariate:1,0.65873660136263,0.0637232704142751,FALSE,16
Covariate:2,-0.419364776163383,0.0792193740178512,TRUE,16
1-1,0.157952094840148,0.0380679032191426,TRUE,16
1-2,0.0284572798998007,0.021372006239586,TRUE,16
1-3,-0.0178385102110833,0.0141711633113427,TRUE,16
2-2,0.23046122495529,0.0586019273144813,TRUE,16
2-3,-0.00107317243824926,0.0156023998530256,TRUE,16
3-3,-0.220516174790101,0.0317177127693741,TRUE,16
(Intercept):1,-1.11651495491464,0.0427827996919474,TRUE,16
(Intercept):2,-1.61954051917393,0.0540231559805562,TRUE,16
Covariate:1,0.535602801342873,0.0651519722572914,TRUE,16
Covariate:2,-0.474762663984092,0.0723360324142064,TRUE,16
1-1,0.107675217559463,0.0398129049369493,TRUE,16
1-2,0.00893101329567861,0.0207632278489641,TRUE,16
1-3,-0.01973451476172,0.0144224970174057,TRUE,16
2-2,0.191930829094822,0.0568055265090198,TRUE,16
2-3,0.00541875558110105,0.0160689147711565,TRUE,16
3-3,-0.24593566605527,0.0292430926162234,TRUE,16
(Intercept):1,-1.13184654216851,0.043352597115035,TRUE,16
(Intercept):2,-1.57235871189963,0.0572720361156674,TRUE,16
Covariate:1,0.569322184796789,0.0665297042445692,TRUE,16
Covariate:2,-0.431118813983161,0.0775470651486456,TRUE,16
1-1,0.07648322377233,0.0404853500505859,TRUE,16
1-2,-0.00857356737611013,0.0220693590126797,TRUE,16
1-3,0.00198102330631624,0.01421148306104,TRUE,16
2-2,0.0530181793222448,0.0629474956384833,FALSE,16
2-3,-0.000990180332855401,0.016244064581516,TRUE,16
3-3,-0.226190987095979,0.0280511880124769,TRUE,16
(Intercept):1,-1.00185972730965,0.0437116063928997,FALSE,16
(Intercept):2,-1.56693487267629,0.0589238172608914,TRUE,16
Covariate:1,0.375118218146863,0.0623329612772535,FALSE,16
Covariate:2,-0.534906708503013,0.0785479331101669,TRUE,16
1-1,0.0314677122582352,0.0431861311958446,TRUE,16
1-2,-0.025755909715725,0.0207230544681061,TRUE,16
1-3,-0.0276279868353133,0.0139390016969198,FALSE,16
2-2,0.182091969001934,0.0552981113191044,TRUE,16
2-3,-0.00511995025560541,0.0165184324169992,TRUE,16
3-3,-0.219205527570842,0.0290927646536908,TRUE,16
(Intercept):1,-1.07125967944039,0.0437228094397228,TRUE,16
(Intercept):2,-1.46750281767253,0.0572623756672215,FALSE,16
Covariate:1,0.497371240330185,0.0678983013921343,TRUE,16
Covariate:2,-0.465420634049969,0.0746591806749975,TRUE,16
1-1,0.0625618650032632,0.0396040574612806,TRUE,16
1-2,-0.0381833645254993,0.0208456876522665,TRUE,16
1-3,-0.0243513533504088,0.0132180972045576,TRUE,16
2-2,-0.02115363935027,0.0675206530771123,FALSE,16
2-3,-0.0383977698912654,0.0163190100028964,FALSE,16
3-3,-0.243970631324248,0.0280732635934271,TRUE,16
(Intercept):1,-1.09196935819178,0.0437032557313467,TRUE,16
(Intercept):2,-1.61307584735162,0.0622425263469092,TRUE,16
Covariate:1,0.550888517637168,0.0659357896046177,TRUE,16
Covariate:2,-0.551955469290366,0.0798760344220857,TRUE,16
1-1,0.009785848910842,0.0438120418344278,TRUE,16
1-2,-0.0178486159011169,0.0220683523381795,TRUE,16
1-3,0.00272573283581543,0.0141419630283805,TRUE,16
2-2,0.181685419149655,0.060491016259518,TRUE,16
2-3,-0.0138478139478015,0.0166277649863383,TRUE,16
3-3,-0.267580336305729,0.0306090766317751,TRUE,16
(Intercept):1,-1.13152077485855,0.0429868978531778,TRUE,16
(Intercept):2,-1.51046415985128,0.0552900678951726,TRUE,16
Covariate:1,0.53127656343387,0.0633339966398388,TRUE,16
Covariate:2,-0.465281386050693,0.0763037792814981,TRUE,16
1-1,0.0786739889222857,0.040437387365106,TRUE,16
1-2,-0.013289744524318,0.0212276754584962,TRUE,16
1-3,-0.0197631578707184,0.0136800127103158,TRUE,16
2-2,0.0683218397370202,0.0525113319607638,FALSE,16
2-3,-0.0476928426906237,0.015593141282589,FALSE,16
3-3,-0.260425838066647,0.0280122626419491,TRUE,16
(Intercept):1,-1.06375507465256,0.0434726104614355,TRUE,16
(Intercept):2,-1.48968879175001,0.0568404854658211,FALSE,16
Covariate:1,0.462414504884266,0.065810989032802,TRUE,16
Covariate:2,-0.3922877358943,0.0762682057329841,TRUE,16
1-1,0.0352440963426834,0.0434438485460732,TRUE,16
1-2,-0.0342410135550172,0.020965601210887,TRUE,16
1-3,0.0019417034697532,0.0143038203410567,TRUE,16
2-2,0.0657075549059641,0.0651505956966556,TRUE,16
2-3,-0.0230278724647235,0.0164208953826933,TRUE,16
3-3,-0.240491513026526,0.0289542710429666,TRUE,16
(Intercept):1,-1.10024814967453,0.0413135007834156,TRUE,16
(Intercept):2,-1.71736010850518,0.0605515738398752,TRUE,16
Covariate:1,0.443958957022734,0.0622177896862868,TRUE,16
Covariate:2,-0.515825745259708,0.0783248037650233,TRUE,16
1-1,0.108335241630579,0.0417809691739227,TRUE,16
1-2,0.0105348415250131,0.0218359758847888,TRUE,16
1-3,-0.00599468882579235,0.0134921352705223,TRUE,16
2-2,0.193494244877696,0.0554841249673749,TRUE,16
2-3,0.00849198154415191,0.0156860607188788,TRUE,16
3-3,-0.214049652769328,0.0269132131462594,TRUE,16
(Intercept):1,-1.05912385887897,0.0405575112718714,TRUE,16
(Intercept):2,-1.55666700540116,0.0533762512958506,TRUE,16
Covariate:1,0.544585917724968,0.0680136985241639,TRUE,16
Covariate:2,-0.418544248932375,0.0763081724849323,TRUE,16
1-1,0.0932459183761561,0.0400000105205784,TRUE,16
1-2,-0.0180845244792052,0.0203903066337696,TRUE,16
1-3,-0.00214283625387041,0.0142001149373711,TRUE,16
2-2,0.202210422591238,0.0504429662753608,TRUE,16
2-3,-0.00687292615398728,0.0149507128850259,TRUE,16
3-3,-0.213589730624692,0.0280748780108542,TRUE,16
(Intercept):1,-1.1305558980925,0.0436274821855755,TRUE,16
(Intercept):2,-1.61773382711764,0.0578896218995892,TRUE,16
Covariate:1,0.430634923328687,0.0681231180770905,TRUE,16
Covariate:2,-0.444495612319519,0.0773101461198624,TRUE,16
1-1,0.0878502872607081,0.0426366844945913,TRUE,16
1-2,-0.00313950270432632,0.0225452718245426,TRUE,16
1-3,-0.021521254116558,0.0141683996829747,TRUE,16
2-2,0.205562530440268,0.0577644158605484,TRUE,16
2-3,-0.0181933647909768,0.0166719536631891,TRUE,16
3-3,-0.262168570295889,0.0306040856777132,TRUE,16
(Intercept):1,-1.10603925395537,0.043809659121634,TRUE,16
(Intercept):2,-1.59793434117755,0.0574819064337838,TRUE,16
Covariate:1,0.52865525749627,0.0626355757827657,TRUE,16
Covariate:2,-0.425739496415123,0.0793029152525298,TRUE,16
1-1,0.150817615740388,0.0389956660795185,TRUE,16
1-2,-0.00500549260483093,0.0214590649637002,TRUE,16
1-3,-0.00344181769906748,0.0130994009254673,TRUE,16
2-2,0.199984608424059,0.0520492888317579,TRUE,16
2-3,-0.0211743627558616,0.0159027432599031,TRUE,16
3-3,-0.242087835406294,0.0292169110455992,TRUE,16
(Intercept):1,-1.10310696954512,0.04176624627607,TRUE,16
(Intercept):2,-1.60813225886043,0.0552682886266244,TRUE,16
Covariate:1,0.43762001457742,0.0634150642674985,TRUE,16
Covariate:2,-0.449674497560432,0.071464873321301,TRUE,16
1-1,0.068565765141949,0.0416003402151826,TRUE,16
1-2,0.0175544524001353,0.0203260448547194,TRUE,16
1-3,0.00975253501385134,0.0133496781198818,TRUE,16
2-2,0.231959201071709,0.051781311265144,TRUE,16
2-3,-0.00692673239711021,0.0159322843443687,TRUE,16
3-3,-0.219855357313299,0.0282437696440723,TRUE,16
(Intercept):1,-1.07390962444204,0.0428104813526676,TRUE,16
(Intercept):2,-1.57488289011206,0.0512164583808524,TRUE,16
Covariate:1,0.531587059239525,0.0642562539393016,TRUE,16
Covariate:2,-0.446559190244242,0.0726182790426122,TRUE,16
1-1,0.0881570654142682,0.0426492674326936,TRUE,16
1-2,-0.0195196400905954,0.0209973262852166,TRUE,16
1-3,-0.0140154552458814,0.01363338220071,TRUE,16
2-2,0.0915256737336105,0.0595348339873037,TRUE,16
2-3,0.00666347840209236,0.0151847725692665,TRUE,16
3-3,-0.191639910824358,0.0274345031569294,TRUE,16
(Intercept):1,-1.10124010550099,0.0425871585053341,TRUE,16
(Intercept):2,-1.60215053698695,0.0561202757279416,TRUE,16
Covariate:1,0.55969433311632,0.0607218597932811,TRUE,16
Covariate:2,-0.368146940834472,0.0758934748561266,TRUE,16
1-1,0.075838517703582,0.0429085089151253,TRUE,16
1-2,0.00791670873612193,0.0220181947491981,TRUE,16
1-3,-0.0116778649961675,0.0139452470097203,TRUE,16
2-2,0.106441492764253,0.0569172094433097,TRUE,16
2-3,0.000251180391074113,0.0155837294426573,TRUE,16
3-3,-0.231182171148862,0.0282222553460939,TRUE,16
(Intercept):1,-1.10468521025199,0.0448771912026889,TRUE,16
(Intercept):2,-1.63756193039021,0.0538102702054222,TRUE,16
Covariate:1,0.472282695653121,0.0596253133148905,TRUE,16
Covariate:2,-0.552013728950526,0.0754366642854444,TRUE,16
1-1,0.110876924630123,0.0404544109038927,TRUE,16
1-2,0.0210031647278805,0.0202505103310473,TRUE,16
1-3,-0.0292902004179288,0.0144563809077271,FALSE,16
2-2,0.148706576402739,0.0588754954509638,TRUE,16
2-3,-0.021352071465026,0.0158603546622342,TRUE,16
3-3,-0.260909632717025,0.0290677777152491,TRUE,16
(Intercept):1,-0.995664925911281,0.0407127213421423,FALSE,16
(Intercept):2,-1.5408824876154,0.053675303490223,TRUE,16
Covariate:1,0.387054955009738,0.0635472177536885,TRUE,16
Covariate:2,-0.437295833479664,0.0762013598256442,TRUE,16
1-1,0.0369891573071154,0.039010436319167,TRUE,16
1-2,-0.0382207190127337,0.0205728960878446,TRUE,16
1-3,-0.029035825821608,0.0128547247039444,FALSE,16
2-2,0.183306170933134,0.0555937656797488,TRUE,16
2-3,-0.0189417960521492,0.0146682680074032,TRUE,16
3-3,-0.246271576830707,0.0276742644315818,TRUE,16
(Intercept):1,-1.08657465589433,0.0425346872474469,TRUE,16
(Intercept):2,-1.59658834802361,0.0576748812073764,TRUE,16
Covariate:1,0.527001049225494,0.0656811218236525,TRUE,16
Covariate:2,-0.485808441770587,0.0775065283157812,TRUE,16
1-1,0.0375588239799633,0.041820621708796,TRUE,16
1-2,0.00749780433213867,0.0211290499881854,TRUE,16
1-3,-0.00680597130089954,0.0144789970547895,TRUE,16
2-2,0.225211995268387,0.0546918195599001,TRUE,16
2-3,-0.00770044724267902,0.0162438953418095,TRUE,16
3-3,-0.24943815138321,0.0282122706902011,TRUE,16
(Intercept):1,-1.12461266521838,0.0438517121053576,TRUE,16
(Intercept):2,-1.65556713284059,0.0567683815691766,TRUE,16
Covariate:1,0.478651982083599,0.0656707373144264,TRUE,16
Covariate:2,-0.603334251195093,0.0795128499569884,TRUE,16
1-1,0.100198481141696,0.0402010937858534,TRUE,16
1-2,-0.00243029941511098,0.0216207111151332,TRUE,16
1-3,0.00766393072583354,0.0135756783984631,TRUE,16
2-2,0.182266108480311,0.0632617384775019,TRUE,16
2-3,0.00831571951743647,0.0163166269413182,TRUE,16
3-3,-0.214044070357669,0.0288177223797194,TRUE,16
(Intercept):1,-1.16873756183543,0.0435751939502843,TRUE,16
(Intercept):2,-1.59745709747924,0.0575182793108251,TRUE,16
Covariate:1,0.503081512989994,0.0634888144377277,TRUE,16
Covariate:2,-0.58671264019733,0.0734099213277042,TRUE,16
1-1,0.172313450898199,0.0375650731605242,FALSE,16
1-2,-0.00246625356502332,0.0216368565291528,TRUE,16
1-3,0.0298157290763994,0.0134129712798696,FALSE,16
2-2,0.115085783845226,0.0602047957634911,TRUE,16
2-3,0.011376739697571,0.016365908781393,TRUE,16
3-3,-0.211027188534524,0.0274041426127244,TRUE,16
(Intercept):1,-1.10282460087615,0.0445321479580592,TRUE,16
(Intercept):2,-1.55534763859613,0.0554995090066828,TRUE,16
Covariate:1,0.427449339525838,0.0639962129481103,TRUE,16
Covariate:2,-0.493225714791355,0.0737968482826231,TRUE,16
1-1,0.0984214160227403,0.0412018250702152,TRUE,16
1-2,-0.0263815806012523,0.0224129997005417,TRUE,16
1-3,-0.025825438310624,0.0141237539456088,TRUE,16
2-2,0.166740541704186,0.0617747667655697,TRUE,16
2-3,-0.0416930564597238,0.0161884229318331,FALSE,16
3-3,-0.221634253015287,0.0301096215008506,TRUE,16
(Intercept):1,-1.03292890889979,0.0415813846298697,TRUE,16
(Intercept):2,-1.62646289183777,0.0567054362891235,TRUE,16
Covariate:1,0.630642410148044,0.0639040943431076,FALSE,16
Covariate:2,-0.357347740350541,0.0794020271470845,TRUE,16
1-1,0.0285373821668176,0.0427163149591172,TRUE,16
1-2,-0.0187229940090282,0.0219820002170741,TRUE,16
1-3,-0.018075445859352,0.0150082319533157,TRUE,16
2-2,0.167136175113042,0.057632486755031,TRUE,16
2-3,-0.0117207660567411,0.0162359459212937,TRUE,16
3-3,-0.246296568521025,0.0285552719037154,TRUE,16
(Intercept):1,-1.10104773097718,0.0417566732596468,TRUE,16
(Intercept):2,-1.58484315044788,0.0578156881190045,TRUE,16
Covariate:1,0.534358936479567,0.063140788784695,TRUE,16
Covariate:2,-0.512676540943318,0.0826701038891467,TRUE,16
1-1,0.0767103726581486,0.0392546353868105,TRUE,16
1-2,0.0262091893775739,0.0193359121942377,TRUE,16
1-3,0.00364282150338153,0.0133599009487288,TRUE,16
2-2,0.0781339771266421,0.0601989661709243,TRUE,16
2-3,-0.000363012057223431,0.0160251814080824,TRUE,16
3-3,-0.246500687931764,0.028643621875218,TRUE,16
(Intercept):1,-1.0921555767363,0.042215381177909,TRUE,16
(Intercept):2,-1.6661647136563,0.0583969523935144,TRUE,16
Covariate:1,0.459013095610656,0.0634267024435193,TRUE,16
Covariate:2,-0.465149781590648,0.0795268634639091,TRUE,16
1-1,0.0876926712079839,0.0384413598316049,TRUE,16
1-2,-0.00597571346412783,0.0208344844547927,TRUE,16
1-3,-0.0309567478722964,0.0132079464175093,FALSE,16
2-2,0.171446324225808,0.057165585181089,TRUE,16
2-3,-0.00959489463701541,0.0152170036680205,TRUE,16
3-3,-0.280395154064589,0.0305530192869127,TRUE,16
(Intercept):1,-1.17710726263548,0.0438306010514866,TRUE,16
(Intercept):2,-1.62546703565837,0.0568309916410558,TRUE,16
Covariate:1,0.510437747378862,0.0662109359463971,TRUE,16
Covariate:2,-0.469203158108649,0.074033038675057,TRUE,16
1-1,0.0477845615182555,0.043836745919035,TRUE,16
1-2,0.0546732469334715,0.0214932932001442,FALSE,16
1-3,0.0128937433257322,0.0139470272125339,TRUE,16
2-2,0.119889628050898,0.0672497114441705,TRUE,16
2-3,0.000243267655961003,0.0162991833343524,TRUE,16
3-3,-0.236551683083699,0.0298680776066228,TRUE,16
(Intercept):1,-1.07877940397187,0.0456617159983273,TRUE,16
(Intercept):2,-1.60809217471336,0.0545887071390403,TRUE,16
Covariate:1,0.485669197765091,0.0610938383104657,TRUE,16
Covariate:2,-0.365318047537953,0.0701490612894149,TRUE,16
1-1,0.0619854891165168,0.0396806336024762,TRUE,16
1-2,-0.00627295118060789,0.0216315235708601,TRUE,16
1-3,-0.0463215116928794,0.0146051324632354,FALSE,16
2-2,0.166528255479724,0.0572795782173192,TRUE,16
2-3,-0.0280287216794531,0.0159763848817428,TRUE,16
3-3,-0.252200522435181,0.0279330752239107,TRUE,16
(Intercept):1,-1.04659849878365,0.0420671403540805,TRUE,16
(Intercept):2,-1.56669578272228,0.0579491844341677,TRUE,16
Covariate:1,0.549000194096117,0.0667780503389096,TRUE,16
Covariate:2,-0.375831017875061,0.0801401129578676,TRUE,16
1-1,0.0848492931793521,0.0393339285709501,TRUE,16
1-2,-0.00317712035404959,0.0208167678726924,TRUE,16
1-3,0.00191593941863166,0.0139822290061021,TRUE,16
2-2,0.119173432839521,0.0605619780726448,TRUE,16
2-3,0.00490884952143431,0.0168075046110743,TRUE,16
3-3,-0.227407465192454,0.0291064895995037,TRUE,16
(Intercept):1,-1.07149361610998,0.0436874623554065,TRUE,16
(Intercept):2,-1.62078923174981,0.0555613178464559,TRUE,16
Covariate:1,0.473316547154903,0.0615803789333451,TRUE,16
Covariate:2,-0.561556304643978,0.0742713358494228,TRUE,16
1-1,0.133323753510752,0.0417340374350466,TRUE,16
1-2,0.0246234934844005,0.0211214260007597,TRUE,16
1-3,0.00507136248117949,0.0138366389512406,TRUE,16
2-2,0.182108104057711,0.0541140794574789,TRUE,16
2-3,0.00562604448321998,0.015072473881222,TRUE,16
3-3,-0.180990920117824,0.0286647719909999,TRUE,16
(Intercept):1,-1.07494067844614,0.0411027830917087,TRUE,16
(Intercept):2,-1.49703243831373,0.0573203052987659,FALSE,16
Covariate:1,0.551399762193786,0.0627659481928971,TRUE,16
Covariate:2,-0.470561861133621,0.0722283323484706,TRUE,16
1-1,0.0221596254761434,0.0430726696242154,TRUE,16
1-2,-0.0431243443854666,0.0223155791952461,TRUE,16
1-3,-0.00119745914070052,0.0133120880889324,TRUE,16
2-2,0.0166364851476315,0.0650756474418824,FALSE,16
2-3,-0.0311366171322281,0.0161803915381822,TRUE,16
3-3,-0.262436652594805,0.0289232007653269,TRUE,16
(Intercept):1,-1.13308221297113,0.0439122180081819,TRUE,16
(Intercept):2,-1.57474048019491,0.0562472755488184,TRUE,16
Covariate:1,0.400581077041993,0.06226354923549,TRUE,16
Covariate:2,-0.482188214937727,0.0715531898402312,TRUE,16
1-1,0.127566644051504,0.0406367768142284,TRUE,16
1-2,-0.0151917611932517,0.0224098173105878,TRUE,16
1-3,0.00704872280360233,0.0146204296489625,TRUE,16
2-2,0.258268247684896,0.0545579657596545,TRUE,16
2-3,-0.00809091866008935,0.0163363410416824,TRUE,16
3-3,-0.221321428889935,0.0281996163728578,TRUE,16
(Intercept):1,-1.11560627394646,0.0436083631030766,TRUE,16
(Intercept):2,-1.50697810629137,0.0524939960026516,TRUE,16
Covariate:1,0.487377842701399,0.0683704173827209,TRUE,16
Covariate:2,-0.565435873480062,0.0749709729450705,TRUE,16
1-1,0.132828450293106,0.0426196948019884,TRUE,16
1-2,-0.022229064033858,0.0202582521389972,TRUE,16
1-3,0.0156384859673724,0.0137106289095668,TRUE,16
2-2,0.207904299028305,0.0545900190473861,TRUE,16
2-3,-0.00138444217398332,0.0152516515284917,TRUE,16
3-3,-0.199462053626704,0.0288057991768217,TRUE,16
(Intercept):1,-1.0605680471054,0.0439771040258469,TRUE,16
(Intercept):2,-1.67267521421392,0.0601175073797635,TRUE,16
Covariate:1,0.462065599177209,0.0635496154992965,TRUE,16
Covariate:2,-0.477164184787692,0.0754873697607608,TRUE,16
1-1,0.129701619259449,0.0408017600077862,TRUE,16
1-2,-0.0074489037069085,0.0224222959666246,TRUE,16
1-3,-0.000216854055260483,0.0144516122041352,TRUE,16
2-2,0.154086916022358,0.0588632602294808,TRUE,16
2-3,0.0298105088241627,0.0171920793248556,TRUE,16
3-3,-0.196768466661513,0.0287845461605031,TRUE,16
(Intercept):1,-1.10605955764758,0.0417683338990053,TRUE,16
(Intercept):2,-1.61469421397906,0.0594847556738364,TRUE,16
Covariate:1,0.499547847237334,0.064256245566597,TRUE,16
Covariate:2,-0.40108312922923,0.0785149146784032,TRUE,16
1-1,0.0910311792723505,0.0402863634786254,TRUE,16
1-2,0.00613527905109565,0.0211933550586393,TRUE,16
1-3,0.00835189848173877,0.0133360733587918,TRUE,16
2-2,0.122139961459441,0.0607426686514093,TRUE,16
2-3,0.00687432032560725,0.0161334102682023,TRUE,16
3-3,-0.248363586949031,0.02892733515556,TRUE,16
(Intercept):1,-1.1086944573474,0.0433123948972231,TRUE,16
(Intercept):2,-1.61347391965356,0.0573957652526315,TRUE,16
Covariate:1,0.370577889440169,0.0621468165513378,FALSE,16
Covariate:2,-0.546650358596552,0.0754518625945558,TRUE,16
1-1,0.162972245569656,0.0398930955438308,TRUE,16
1-2,0.0140541997400404,0.0210611654104109,TRUE,16
1-3,0.00944406811668396,0.0138221928679726,TRUE,16
2-2,0.190778541440827,0.0570593053229563,TRUE,16
2-3,0.0157768804753997,0.0169861942588507,TRUE,16
3-3,-0.232870614928322,0.0298594244314546,TRUE,16
(Intercept):1,-1.09479549954456,0.0416016137180581,TRUE,16
(Intercept):2,-1.67287143786909,0.0582955190717997,TRUE,16
Covariate:1,0.500151365653463,0.065389031991377,TRUE,16
Covariate:2,-0.549855935778136,0.0780246046915771,TRUE,16
1-1,0.0658011661060642,0.0408716975297322,TRUE,16
1-2,0.00148786726689175,0.0207330268454149,TRUE,16
1-3,0.0055153107459687,0.0129981613003885,TRUE,16
2-2,0.27109836246686,0.0577976541497716,TRUE,16
2-3,0.00159583705325421,0.0161974463359434,TRUE,16
3-3,-0.24681523350175,0.028252792639364,TRUE,16
(Intercept):1,-1.07041872415578,0.0438230269920465,TRUE,16
(Intercept):2,-1.62453745154021,0.0585275196304643,TRUE,16
Covariate:1,0.466736234112401,0.0644789286846294,TRUE,16
Covariate:2,-0.577835923438327,0.0774388233225011,TRUE,16
1-1,0.0451803729667482,0.0402856702082159,TRUE,16
1-2,0.0157624094610996,0.0215071224711788,TRUE,16
1-3,0.00736928755690689,0.014021668548241,TRUE,16
2-2,0.203342640347394,0.0600142496521103,TRUE,16
2-3,-0.00926972171225846,0.0154516372627238,TRUE,16
3-3,-0.188222725589654,0.0276641835311999,TRUE,16
(Intercept):1,-1.05830047324653,0.0454852114475684,TRUE,16
(Intercept):2,-1.50000005375746,0.0555062585729975,FALSE,16
Covariate:1,0.442227650684465,0.0631607649006357,TRUE,16
Covariate:2,-0.467764574227551,0.0736973815247639,TRUE,16
1-1,0.0515298257456754,0.0406552049153547,TRUE,16
1-2,-0.013550969952047,0.021480680353058,TRUE,16
1-3,0.00991730540725241,0.0146946814989356,TRUE,16
2-2,0.0885737238349041,0.0611431944345884,TRUE,16
2-3,0.0109048740999707,0.016409785281715,TRUE,16
3-3,-0.217465351893854,0.0287704640432038,TRUE,16
(Intercept):1,-1.10545667535547,0.0435936787440463,TRUE,16
(Intercept):2,-1.55549931056674,0.0591030329862086,TRUE,16
Covariate:1,0.568967747067132,0.0634813322449101,TRUE,16
Covariate:2,-0.451930895484484,0.076611016983112,TRUE,16
1-1,0.163108839592368,0.0396412295282789,TRUE,16
1-2,-0.0229261795435866,0.0211581772907113,TRUE,16
1-3,0.00132381460611583,0.0140407035253956,TRUE,16
2-2,0.1690556174375,0.0600214237441391,TRUE,16
2-3,-0.0136427582575298,0.0166936526862467,TRUE,16
3-3,-0.228744349934803,0.0278302362576131,TRUE,16
(Intercept):1,-1.13593756288009,0.0429060033125641,TRUE,16
(Intercept):2,-1.48146228416568,0.0543995796187053,FALSE,16
Covariate:1,0.414136680436711,0.0642835006494877,TRUE,16
Covariate:2,-0.598352515419659,0.0747347917766419,TRUE,16
1-1,0.14927084910194,0.0377323253693186,TRUE,16
1-2,-0.0357237954152662,0.0220386008300438,TRUE,16
1-3,0.0051437692283526,0.0143719564164027,TRUE,16
2-2,0.1269969184026,0.0617021920534396,TRUE,16
2-3,-0.0151442586266395,0.0152739503800903,TRUE,16
3-3,-0.210309635632722,0.0281090486321735,TRUE,16
(Intercept):1,-1.09098100516415,0.0435353686507944,TRUE,16
(Intercept):2,-1.51282546821655,0.0567375901369798,TRUE,16
Covariate:1,0.454406093747505,0.0652536232246782,TRUE,16
Covariate:2,-0.496861340826385,0.07245529938101,TRUE,16
1-1,0.0477969715888326,0.0438541731604198,TRUE,16
1-2,-0.00712877425714954,0.0216214083919553,TRUE,16
1-3,0.00976822372682914,0.0136786600898166,TRUE,16
2-2,-0.0183381385792179,0.0662518517646726,FALSE,16
2-3,-0.0119409688150863,0.0160114598293836,TRUE,16
3-3,-0.23907472751161,0.0287813744483962,TRUE,16
(Intercept):1,-1.11007401658032,0.0428922841809378,TRUE,16
(Intercept):2,-1.66728474881891,0.058373480026192,TRUE,16
Covariate:1,0.559913163322452,0.06050815797816,TRUE,16
Covariate:2,-0.337384543220901,0.0764632249985487,FALSE,16
1-1,0.063848365866003,0.041257313699916,TRUE,16
1-2,0.0147255036730944,0.0218239777465989,TRUE,16
1-3,-0.00937151087880086,0.0150683379566707,TRUE,16
2-2,0.196291551889273,0.0617835462820754,TRUE,16
2-3,0.00504996119999633,0.0158352273930081,TRUE,16
3-3,-0.241492149922637,0.0292903242147186,TRUE,16
(Intercept):1,-1.01309206509586,0.0423207655212611,FALSE,16
(Intercept):2,-1.54896565175378,0.0575497798588372,TRUE,16
Covariate:1,0.432450085816847,0.0649336146691757,TRUE,16
Covariate:2,-0.446401379289946,0.0758998851401581,TRUE,16
1-1,0.0720152406338541,0.0394961070756547,TRUE,16
1-2,-0.065885818012186,0.0222943520129592,FALSE,16
1-3,-0.0337277486167792,0.0133080102752621,FALSE,16
2-2,0.0567042730553594,0.0629844326991798,FALSE,16
2-3,-0.0280022363737069,0.0162664312359223,TRUE,16
3-3,-0.264479211541591,0.0277275059018905,TRUE,16
(Intercept):1,-1.05069408724195,0.0430883435411379,TRUE,16
(Intercept):2,-1.55342538564304,0.0569805126166219,TRUE,16
Covariate:1,0.548730241984143,0.0624043129509496,TRUE,16
Covariate:2,-0.462195448744826,0.0761104695810265,TRUE,16
1-1,0.0787443400886368,0.0432668844688752,TRUE,16
1-2,0.000518979519749142,0.0209058326648497,TRUE,16
1-3,-0.00728407564969477,0.0139272206487884,TRUE,16
2-2,0.14679172926219,0.0609669024141536,TRUE,16
2-3,-0.0187060960218731,0.0163991319567186,TRUE,16
3-3,-0.195080832038442,0.0298182790653971,TRUE,16
(Intercept):1,-1.0451651342813,0.0430434921123027,TRUE,16
(Intercept):2,-1.56100918108124,0.0563015075257176,TRUE,16
Covariate:1,0.532593859994288,0.0676654496642042,TRUE,16
Covariate:2,-0.597876871176402,0.0743465212553414,TRUE,16
1-1,0.0574970955039852,0.0384952135765646,TRUE,16
1-2,-0.0246092228821927,0.0216102422079275,TRUE,16
1-3,-0.0223871440758494,0.0139757057774576,TRUE,16
2-2,0.191102943364949,0.0618408749285775,TRUE,16
2-3,-0.0377679954038691,0.0163137233873603,FALSE,16
3-3,-0.214046569040122,0.0272759461081382,TRUE,16
(Intercept):1,-1.13210302620483,0.0428498681504862,TRUE,16
(Intercept):2,-1.64868747193194,0.05607892766269,TRUE,16
Covariate:1,0.413039062991263,0.0616850176954746,TRUE,16
Covariate:2,-0.536933221193735,0.0772252417738611,TRUE,16
1-1,0.146659458204509,0.0378160852583195,TRUE,16
1-2,0.00910676010974111,0.0204159671135611,TRUE,16
1-3,0.0159004505286128,0.0129967511510912,TRUE,16
2-2,0.237546658288811,0.0531084754118046,TRUE,16
2-3,0.00944785812130105,0.015196838020855,TRUE,16
3-3,-0.216169145760236,0.0259718711788071,TRUE,16
(Intercept):1,-1.08143891643614,0.0400305622221186,TRUE,16
(Intercept):2,-1.57495674830828,0.0581630428014499,TRUE,16
Covariate:1,0.591369744333855,0.0635058502459961,TRUE,16
Covariate:2,-0.521470621074917,0.076887559928742,TRUE,16
1-1,0.105819105153899,0.0416220995182914,TRUE,16
1-2,0.020776925627749,0.0204615060108588,TRUE,16
1-3,0.000129594295091649,0.0135201653769795,TRUE,16
2-2,0.193922297601187,0.055671309085509,TRUE,16
2-3,-0.0116271570775577,0.0168742125077669,TRUE,16
3-3,-0.20011046774923,0.0288631046339078,TRUE,16
(Intercept):1,-1.04463510729418,0.0422965302762024,TRUE,16
(Intercept):2,-1.63305780162948,0.0561989477715254,TRUE,16
Covariate:1,0.443790466572258,0.0664509187586292,TRUE,16
Covariate:2,-0.354536498549076,0.0773777352443061,TRUE,16
1-1,0.0959481414762376,0.041283485643402,TRUE,16
1-2,-0.004267133727468,0.0209548559584306,TRUE,16
1-3,-0.00595243723212709,0.0135625753616235,TRUE,16
2-2,0.289937761773134,0.0486174614724557,FALSE,16
2-3,0.000928107129874867,0.0155850118622948,TRUE,16
3-3,-0.216956402185978,0.0294878527186682,TRUE,16
(Intercept):1,-1.09621802865666,0.0435666390346041,TRUE,16
(Intercept):2,-1.58746726517003,0.0594146041699089,TRUE,16
Covariate:1,0.508723487961742,0.0629483534627611,TRUE,16
Covariate:2,-0.583174786349862,0.0799866957905066,TRUE,16
1-1,0.0768492305718697,0.043444049923995,TRUE,16
1-2,0.00108132577256415,0.0225607285961227,TRUE,16
1-3,0.00435657681348426,0.0143824583283021,TRUE,16
2-2,0.100274144360888,0.0628213178276005,TRUE,16
2-3,-0.00403740180638267,0.0173035875744423,TRUE,16
3-3,-0.241063334842439,0.0298365426047123,TRUE,16
(Intercept):1,-1.07066694476421,0.0408814030089579,TRUE,16
(Intercept):2,-1.52756669525393,0.0543321062328438,TRUE,16
Covariate:1,0.454348797227357,0.0606938717596921,TRUE,16
Covariate:2,-0.564564395068761,0.073139786554853,TRUE,16
1-1,0.133129493303388,0.0379975927579784,TRUE,16
1-2,-0.0196492393618266,0.0197396641322539,TRUE,16
1-3,-0.0185367355465722,0.0140688456957415,TRUE,16
2-2,0.212311748792571,0.0514968618508586,TRUE,16
2-3,-0.0338753994400235,0.0159857281668392,FALSE,16
3-3,-0.253301959211757,0.0306832191484878,TRUE,16
(Intercept):1,-1.1009935574635,0.0424769466175767,TRUE,16
(Intercept):2,-1.64686017085783,0.0562354165478034,TRUE,16
Covariate:1,0.544978378352883,0.0690046465116242,TRUE,16
Covariate:2,-0.465424207146366,0.0802618437099275,TRUE,16
1-1,0.0638848032908172,0.0408013421157077,TRUE,16
1-2,-0.0136193434633073,0.0214057416173774,TRUE,16
1-3,-0.0125930680104551,0.0141463763331429,TRUE,16
2-2,0.189169496658669,0.050472331660331,TRUE,16
2-3,0.00569243611359194,0.0154331624598803,TRUE,16
3-3,-0.277638107823323,0.0299145676071799,TRUE,16
(Intercept):1,-1.10556628424956,0.0469679431720989,TRUE,16
(Intercept):2,-1.60955410659014,0.0585911004155882,TRUE,16
Covariate:1,0.431639435625399,0.0651036278503404,TRUE,16
Covariate:2,-0.637800747551613,0.0827477346325267,TRUE,16
1-1,-0.00258695489952645,0.0455313206149706,FALSE,16
1-2,-0.00485505030404232,0.0228940945911844,TRUE,16
1-3,-0.0190802631835876,0.0144997387165959,TRUE,16
2-2,0.132242523939908,0.0627381863409327,TRUE,16
2-3,-0.024585038630392,0.0153530277614977,TRUE,16
3-3,-0.247996425309718,0.029730718630455,TRUE,16
(Intercept):1,-1.00589117606605,0.0427201786987479,FALSE,16
(Intercept):2,-1.634258955701,0.0630840435513112,TRUE,16
Covariate:1,0.500902626692919,0.0648524165359947,TRUE,16
Covariate:2,-0.419108603711658,0.0766867191335104,TRUE,16
1-1,0.0986529719339039,0.0390399939555388,TRUE,16
1-2,-0.0494430434185389,0.0221804593748754,FALSE,16
1-3,-0.010894899305945,0.0140258727852618,TRUE,16
2-2,0.154674753545253,0.0546487851506117,TRUE,16
2-3,0.00562095494792636,0.0165065848247182,TRUE,16
3-3,-0.239301596324228,0.0296206639107571,TRUE,16
(Intercept):1,-1.02933642554878,0.0427928402622377,TRUE,16
(Intercept):2,-1.65764979732461,0.0571224343692502,TRUE,16
Covariate:1,0.569821733949165,0.0664551628065871,TRUE,16
Covariate:2,-0.477889377416729,0.0763276642713839,TRUE,16
1-1,0.0774729642443156,0.0413344069057041,TRUE,16
1-2,0.00768529528578912,0.0223160072177711,TRUE,16
1-3,-0.0308873602250785,0.0141711241093536,FALSE,16
2-2,0.225025348420855,0.0602187300869891,TRUE,16
2-3,-0.00913719228537222,0.0165594972939197,TRUE,16
3-3,-0.240687420524037,0.0283142647104998,TRUE,16
(Intercept):1,-1.09615549785808,0.0429683726063287,TRUE,16
(Intercept):2,-1.68013514637556,0.0583288301462548,TRUE,16
Covariate:1,0.482437059136568,0.0595400384957514,TRUE,16
Covariate:2,-0.509275726416209,0.0772437913526381,TRUE,16
1-1,0.120009879090233,0.0441631648241586,TRUE,16
1-2,0.0233060911669225,0.0222977663686077,TRUE,16
1-3,0.00895018118825966,0.013274054547181,TRUE,16
2-2,0.159273056128689,0.0605798718020259,TRUE,16
2-3,0.0130814708418141,0.0162385470234394,TRUE,16
3-3,-0.179623849617863,0.027664011820202,TRUE,16
(Intercept):1,-1.04226879671269,0.0435702337752044,TRUE,16
(Intercept):2,-1.55396359640639,0.0551423913163966,TRUE,16
Covariate:1,0.561140828859176,0.0614260864534266,TRUE,16
Covariate:2,-0.424556660070771,0.0718443310925134,TRUE,16
1-1,0.0515329136762596,0.0430886657540296,TRUE,16
1-2,0.0109269138326473,0.0200807219635844,TRUE,16
1-3,0.00443497303176559,0.0140001643363146,TRUE,16
2-2,0.299462538332286,0.0513116634501386,FALSE,16
2-3,0.00205378413722582,0.0157780587561263,TRUE,16
3-3,-0.180297360976136,0.0282116991732947,TRUE,16
(Intercept):1,-1.08375200005854,0.0413208477958388,TRUE,16
(Intercept):2,-1.60158151847709,0.057752568918645,TRUE,16
Covariate:1,0.565508917700031,0.0631186382122551,TRUE,16
Covariate:2,-0.491093981064036,0.0820354154908049,TRUE,16
1-1,0.0816882439006766,0.040409925194912,TRUE,16
1-2,-0.0110028129199978,0.022401292148841,TRUE,16
1-3,0.0178176654924547,0.0139408075436267,TRUE,16
2-2,0.0937465047927831,0.0664903622964497,TRUE,16
2-3,0.0117595542530849,0.0163663872570115,TRUE,16
3-3,-0.230972099367071,0.0303223749591415,TRUE,16
(Intercept):1,-1.13353305254889,0.0437208347465935,TRUE,16
(Intercept):2,-1.72806168641941,0.0564176023132514,FALSE,16
Covariate:1,0.563831641371608,0.0631146877836182,TRUE,16
Covariate:2,-0.501664002124941,0.0788843168852122,TRUE,16
1-1,0.0452595203253503,0.0409645510123839,TRUE,16
1-2,0.0328925923787634,0.0216846683710599,TRUE,16
1-3,-0.00390096835007955,0.0137900745649688,TRUE,16
2-2,0.252350968718931,0.0566865709741802,TRUE,16
2-3,-0.00609713705162118,0.0159313179343012,TRUE,16
3-3,-0.271623851399193,0.0290475085314553,TRUE,16
(Intercept):1,-1.12099224498423,0.0429161166944041,TRUE,16
(Intercept):2,-1.6387094793249,0.0544485172798143,TRUE,16
Covariate:1,0.402880154196638,0.0653398338703887,TRUE,16
Covariate:2,-0.519331688454901,0.0790836449993844,TRUE,16
1-1,0.123751614976318,0.0383344616319198,TRUE,16
1-2,-0.00180513808573889,0.0214422219917486,TRUE,16
1-3,-0.00573278745744762,0.0137500615388073,TRUE,16
2-2,0.185347516789733,0.055001251191532,TRUE,16
2-3,-0.00028651229918234,0.0161292803354158,TRUE,16
3-3,-0.249376271102124,0.0296479342046566,TRUE,16
(Intercept):1,-1.09869109939305,0.0416014080842982,TRUE,16
(Intercept):2,-1.73820647517173,0.0613304410657731,FALSE,16
Covariate:1,0.502851551551086,0.0631256148433758,TRUE,16
Covariate:2,-0.559021324519561,0.0771845525257032,TRUE,16
1-1,0.0687733784911366,0.0462072132428438,TRUE,16
1-2,0.0483118394689521,0.0209292183848256,FALSE,16
1-3,0.00326709068005243,0.0139562874440487,TRUE,16
2-2,0.262144353953469,0.0559155186209648,TRUE,16
2-3,0.0190076445279823,0.0163854200942198,TRUE,16
3-3,-0.198982876270226,0.0279460333941519,TRUE,16
(Intercept):1,-1.10753111229101,0.0447637111463148,TRUE,16
(Intercept):2,-1.62358456778792,0.0557355522261953,TRUE,16
Covariate:1,0.551936601418832,0.0674284381214748,TRUE,16
Covariate:2,-0.558388245617364,0.0807835328345713,TRUE,16
1-1,0.0981681362386789,0.0428850332996917,TRUE,16
1-2,-0.0301882141782283,0.0221824873933917,TRUE,16
1-3,-0.0122514055724771,0.0148402147799387,TRUE,16
2-2,0.196308099344928,0.0623369552018342,TRUE,16
2-3,-0.013658241393077,0.0160487090098463,TRUE,16
3-3,-0.235762665314636,0.0290105167480376,TRUE,16
(Intercept):1,-1.16981597210094,0.0459121775690838,TRUE,16
(Intercept):2,-1.71123176166374,0.0574028977677914,TRUE,16
Covariate:1,0.455838841426068,0.0685186218225279,TRUE,16
Covariate:2,-0.527392566368636,0.0822087022916486,TRUE,16
1-1,0.183007904069505,0.0419834749981937,FALSE,16
1-2,-0.00407172710097314,0.0211286713538292,TRUE,16
1-3,-0.0123796243802973,0.0147451887517727,TRUE,16
2-2,0.260115128814975,0.057234442029389,TRUE,16
2-3,0.0216567506629322,0.0163309433313541,TRUE,16
3-3,-0.26452721294554,0.0286384714596752,TRUE,16
(Intercept):1,-1.09614195299717,0.0416085331879631,TRUE,16
(Intercept):2,-1.54947713658241,0.0580089831521467,TRUE,16
Covariate:1,0.427390800614379,0.0642879756465381,TRUE,16
Covariate:2,-0.616086978387285,0.072246293850047,TRUE,16
1-1,0.107937188860383,0.0408033663212681,TRUE,16
1-2,-0.0107229081714298,0.0211473810615082,TRUE,16
1-3,-0.0107863699024436,0.0135645205123747,TRUE,16
2-2,0.115803161418867,0.0580907383158946,TRUE,16
2-3,-0.00701063166276969,0.0158411834010964,TRUE,16
3-3,-0.250265738817644,0.0291142101395092,TRUE,16
(Intercept):1,-1.12167753031709,0.0413311731795177,TRUE,16
(Intercept):2,-1.60469390862243,0.056452925022879,TRUE,16
Covariate:1,0.561912047766813,0.0621957836773132,TRUE,16
Covariate:2,-0.436892599815966,0.0753971749369142,TRUE,16
1-1,0.0311352497956286,0.0451473968865904,TRUE,16
1-2,0.0209312490117104,0.0226616643823318,TRUE,16
1-3,-0.0181337564571984,0.0138698304023545,TRUE,16
2-2,0.133136095676089,0.0624186619842809,TRUE,16
2-3,-0.0266081159265163,0.0165208696605984,TRUE,16
3-3,-0.239356656339611,0.0285580513501175,TRUE,16
(Intercept):1,-1.08691647259872,0.0434527434813628,TRUE,16
(Intercept):2,-1.58002665276796,0.0558925588741045,TRUE,16
Covariate:1,0.522555094594186,0.0645474882044574,TRUE,16
Covariate:2,-0.435053128565824,0.0714742906360459,TRUE,16
1-1,0.124017763329681,0.0385446427380436,TRUE,16
1-2,-0.00661804249323773,0.0202211930907894,TRUE,16
1-3,-0.020496324734058,0.0142792891255608,TRUE,16
2-2,0.227138818788504,0.0555703027658401,TRUE,16
2-3,-0.0145674886480197,0.0158398578514872,TRUE,16
3-3,-0.236140961033243,0.0288769807653207,TRUE,16
(Intercept):1,-1.05929026453863,0.0439000190495837,TRUE,16
(Intercept):2,-1.59423656027294,0.0533154827651281,TRUE,16
Covariate:1,0.463023576961191,0.0658554018378815,TRUE,16
Covariate:2,-0.453078405538501,0.0739870240685418,TRUE,16
1-1,0.0641667706337533,0.0428231727596703,TRUE,16
1-2,0.00158864203705035,0.0208715984743677,TRUE,16
1-3,0.00137722906772865,0.0140526457150386,TRUE,16
2-2,0.180367269544975,0.0546839779665967,TRUE,16
2-3,0.0125364937256719,0.0152420630561845,TRUE,16
3-3,-0.228901202855794,0.0282066001888604,TRUE,16
(Intercept):1,-1.14450281219892,0.0429775560045711,TRUE,16
(Intercept):2,-1.52719755313199,0.0558609555003787,TRUE,16
Covariate:1,0.422599199467217,0.0627225288859908,TRUE,16
Covariate:2,-0.468570909997765,0.0734963310340077,TRUE,16
1-1,0.125194590952807,0.040928839021318,TRUE,16
1-2,-0.0177487244746152,0.0212699304349067,TRUE,16
1-3,-0.00632961810884875,0.0134584003145659,TRUE,16
2-2,0.104811486200516,0.0623336556947405,TRUE,16
2-3,-0.00462748180424166,0.0159338975535745,TRUE,16
3-3,-0.230759407099868,0.0282300376933885,TRUE,16
(Intercept):1,-1.09822077800083,0.0424196657095713,TRUE,16
(Intercept):2,-1.60448027535643,0.0572213874571764,TRUE,16
Covariate:1,0.626867105414343,0.0637563233729181,FALSE,16
Covariate:2,-0.522403631979596,0.0770531801051232,TRUE,16
1-1,0.0879780249001484,0.0391432345577159,TRUE,16
1-2,-0.00532224789479784,0.0208921453184725,TRUE,16
1-3,-0.00207274584859269,0.0139020030136408,TRUE,16
2-2,0.168705825330387,0.0551762893058488,TRUE,16
2-3,0.00252167202226216,0.01613349785662,TRUE,16
3-3,-0.222641714138286,0.0293034644531505,TRUE,16
(Intercept):1,-1.11915940990837,0.0427647090771247,TRUE,16
(Intercept):2,-1.57356213885539,0.0539362585539019,TRUE,16
Covariate:1,0.430822710746401,0.0580574199584564,TRUE,16
Covariate:2,-0.428896248527142,0.0756327411976568,TRUE,16
1-1,0.116421622776815,0.0425876292259099,TRUE,16
1-2,-0.00956377584979868,0.0200791371284027,TRUE,16
1-3,-0.00978657483843897,0.0129111177270965,TRUE,16
2-2,0.214614271523689,0.0541156782412808,TRUE,16
2-3,-0.0345002909303118,0.0145548292085006,FALSE,16
3-3,-0.26831103479435,0.0283360668876853,TRUE,16
(Intercept):1,-1.06089708109822,0.0416628574961154,TRUE,16
(Intercept):2,-1.62947339599687,0.0555242507404281,TRUE,16
Covariate:1,0.540573419036535,0.0619952057848625,TRUE,16
Covariate:2,-0.597217224974424,0.0776742141604422,TRUE,16
1-1,0.0737798960561201,0.041235294815215,TRUE,16
1-2,-0.00400987775408618,0.0211703181938905,TRUE,16
1-3,-0.0327537032156498,0.0138036794899193,FALSE,16
2-2,0.210971408447148,0.0516680455636422,TRUE,16
2-3,-0.0278333459109423,0.0155505950300007,TRUE,16
3-3,-0.273256241733112,0.0300523987360599,TRUE,16
(Intercept):1,-1.1348279663411,0.0440180450446324,TRUE,16
(Intercept):2,-1.63291978130782,0.0596778886147721,TRUE,16
Covariate:1,0.526181757679961,0.0684644287265805,TRUE,16
Covariate:2,-0.527159799695955,0.0737387559534688,TRUE,16
1-1,0.0837057786872209,0.0410679465900163,TRUE,16
1-2,0.0114194202585335,0.0218211337579363,TRUE,16
1-3,-0.0125271238070865,0.0133740687355943,TRUE,16
2-2,0.107788686975841,0.060323862466144,TRUE,16
2-3,-0.00616049556789043,0.0163551726042443,TRUE,16
3-3,-0.25088602683827,0.0289164285918741,TRUE,16
(Intercept):1,-1.0497170700367,0.0427001085980065,TRUE,16
(Intercept):2,-1.67201047234777,0.0607046274751164,TRUE,16
Covariate:1,0.600345273677099,0.0652792928113773,TRUE,16
Covariate:2,-0.52086916130231,0.0788431624195007,TRUE,16
1-1,0.119416341570675,0.0393604053105637,TRUE,16
1-2,-0.0141755304773503,0.0213758813122405,TRUE,16
1-3,-0.038396884956576,0.0137742358624429,FALSE,16
2-2,0.169037057731685,0.0629850229202831,TRUE,16
2-3,-0.00189769581654052,0.0170466211466446,TRUE,16
3-3,-0.246504638893514,0.0270998416942309,TRUE,16
(Intercept):1,-1.115812735256,0.0410654900945515,TRUE,16
(Intercept):2,-1.65057757312848,0.0571916072915542,TRUE,16
Covariate:1,0.5352755215128,0.0640957961757924,TRUE,16
Covariate:2,-0.504328366944164,0.0800423531922485,TRUE,16
1-1,0.0485871107771831,0.0409461464956225,TRUE,16
1-2,-0.0245657961808099,0.0194932211767697,TRUE,16
1-3,-0.0314501956240234,0.0134110878157486,FALSE,16
2-2,0.226145781448139,0.0571766607889748,TRUE,16
2-3,-0.0409398509110676,0.0156674646634931,FALSE,16
3-3,-0.322485654401046,0.0300424671015871,FALSE,16
(Intercept):1,-1.07952525422245,0.0433659640215845,TRUE,16
(Intercept):2,-1.67384154210359,0.0592648911940282,TRUE,16
Covariate:1,0.520363379048769,0.0684237380268226,TRUE,16
Covariate:2,-0.573689237684081,0.0778900335471004,TRUE,16
1-1,0.0333749135261776,0.0437785367639154,TRUE,16
1-2,0.0175045269628105,0.0226419230965573,TRUE,16
1-3,-0.00578725439954742,0.0147399270772824,TRUE,16
2-2,0.0600550102088725,0.0615424444268069,FALSE,16
2-3,0.024278022925535,0.0167199243769256,TRUE,16
3-3,-0.23530743003393,0.0296371623967244,TRUE,16
(Intercept):1,-1.16916300816022,0.0432914473089135,TRUE,16
(Intercept):2,-1.64177219144834,0.0587787773790233,TRUE,16
Covariate:1,0.551721132849482,0.0650737297867115,TRUE,16
Covariate:2,-0.510204694893686,0.0819667936644888,TRUE,16
1-1,0.11873539169658,0.0413044220863466,TRUE,16
1-2,0.0259512898887712,0.0211074367077687,TRUE,16
1-3,0.00461434133453076,0.0135455376069218,TRUE,16
2-2,0.231542287883368,0.0614304764793517,TRUE,16
2-3,-0.0116248570896992,0.0160172802161142,TRUE,16
3-3,-0.212219517591419,0.0274629192407873,TRUE,16
(Intercept):1,-1.09013811386777,0.0428166239676141,TRUE,16
(Intercept):2,-1.63527484427303,0.0598797146338708,TRUE,16
Covariate:1,0.442683264060171,0.0642110911442933,TRUE,16
Covariate:2,-0.491232675458668,0.0729241074995985,TRUE,16
1-1,0.0787599450679539,0.0406294651012316,TRUE,16
1-2,0.0230816446455533,0.021699661570389,TRUE,16
1-3,-0.00726885166561253,0.0142499955840847,TRUE,16
2-2,0.222963069318682,0.0581120529465788,TRUE,16
2-3,0.0129808809079399,0.0164685904087876,TRUE,16
3-3,-0.223502290602267,0.0279974505616069,TRUE,16
(Intercept):1,-1.06107202653815,0.0402528121974961,TRUE,16
(Intercept):2,-1.54553116581955,0.0570751594591575,TRUE,16
Covariate:1,0.517076297715301,0.0610556638162648,TRUE,16
Covariate:2,-0.457544107211131,0.0746145486046918,TRUE,16
1-1,0.116754638863796,0.0399023681895367,TRUE,16
1-2,-0.00599868931927555,0.020575539940457,TRUE,16
1-3,-0.00315782277444714,0.0129974320589646,TRUE,16
2-2,0.0778259023494143,0.0615399044470314,TRUE,16
2-3,-0.00303352369224059,0.0161029327498704,TRUE,16
3-3,-0.204057076009239,0.0286933836270445,TRUE,16
(Intercept):1,-1.07915397468749,0.0427984666256949,TRUE,16
(Intercept):2,-1.73831104434459,0.0581633393585885,FALSE,16
Covariate:1,0.609110923726204,0.0677713595812256,TRUE,16
Covariate:2,-0.49158211741201,0.0783463149643731,TRUE,16
1-1,-0.00846910597376329,0.043990108248587,FALSE,16
1-2,-0.025388068435471,0.0221172151991539,TRUE,16
1-3,-0.00369910932222423,0.0142230325001877,TRUE,16
2-2,0.241353225501841,0.0549401022218385,TRUE,16
2-3,0.0278694052423802,0.0168528675185512,TRUE,16
3-3,-0.264776252675647,0.0280193643143588,TRUE,16
(Intercept):1,-1.00124171926129,0.0408824367201422,FALSE,16
(Intercept):2,-1.52934480483323,0.0555828432033827,TRUE,16
Covariate:1,0.383092271972055,0.0620002657171503,TRUE,16
Covariate:2,-0.540352532785177,0.074143557501016,TRUE,16
1-1,0.0513787550953714,0.0421199616967243,TRUE,16
1-2,-0.00297822254820002,0.0201153881630678,TRUE,16
1-3,-0.0069001248434854,0.0136813431241131,TRUE,16
2-2,0.137070471725493,0.05916969379863,TRUE,16
2-3,0.000962060236681748,0.0158410420362653,TRUE,16
3-3,-0.233013677536257,0.029903880416953,TRUE,16
(Intercept):1,-1.07648967510825,0.0422281395816991,TRUE,16
(Intercept):2,-1.55404437141418,0.0544627048071617,TRUE,16
Covariate:1,0.406404598726022,0.0626336091871087,TRUE,16
Covariate:2,-0.577493055026691,0.0775991731081541,TRUE,16
1-1,0.108731688927227,0.0408510330798047,TRUE,16
1-2,-0.0369953919485913,0.0203368202559221,TRUE,16
1-3,-0.0296815201003293,0.0139388017868003,FALSE,16
2-2,0.190922039216382,0.0520379608733362,TRUE,16
2-3,-0.0255885570644468,0.0157461286599396,TRUE,16
3-3,-0.270148584586452,0.0301725090817383,TRUE,16
(Intercept):1,-1.1158132642648,0.0433692829699374,TRUE,16
(Intercept):2,-1.52465349388193,0.0553756375922974,TRUE,16
Covariate:1,0.515783657411845,0.0652738103449329,TRUE,16
Covariate:2,-0.376604424180031,0.0798103915971945,TRUE,16
1-1,0.0728846949791891,0.0386812018151007,TRUE,16
1-2,-0.0350942042453192,0.0214233671566261,TRUE,16
1-3,-0.0015601204631107,0.0141665332710888,TRUE,16
2-2,0.0718847039868079,0.0615958272004168,TRUE,16
2-3,-0.014591924469383,0.0156589351193441,TRUE,16
3-3,-0.272979466743487,0.0283374652811711,TRUE,16
(Intercept):1,-1.08067943635655,0.0423511608478279,TRUE,16
(Intercept):2,-1.55511942738141,0.0554529199392951,TRUE,16
Covariate:1,0.483024338516951,0.0636872094276465,TRUE,16
Covariate:2,-0.467365232217779,0.073730779154946,TRUE,16
1-1,0.104304580622576,0.0381577446309556,TRUE,16
1-2,-0.0063393730126,0.0209821417003994,TRUE,16
1-3,-0.0017243431972056,0.0139794955111698,TRUE,16
2-2,0.0974134386394898,0.0607865575462439,TRUE,16
2-3,-0.0210896599147595,0.0157798233367805,TRUE,16
3-3,-0.212352863665424,0.0301693441291932,TRUE,16
(Intercept):1,-1.01151437008767,0.041189175190929,FALSE,16
(Intercept):2,-1.45553024636865,0.052693173432273,FALSE,16
Covariate:1,0.426550847307969,0.0614116980617172,TRUE,16
Covariate:2,-0.432853570334365,0.0722809269173558,TRUE,16
1-1,0.0539586574802253,0.0413686487053825,TRUE,16
1-2,-0.0452090845010456,0.0210334649441263,FALSE,16
1-3,-0.0101001648878058,0.0136373124915106,TRUE,16
2-2,0.21205936970212,0.0520047122491824,TRUE,16
2-3,-0.0313368375356886,0.0160060271133238,TRUE,16
3-3,-0.217673630730927,0.0271771795089202,TRUE,16
(Intercept):1,-1.03173793600734,0.0436525989944295,TRUE,16
(Intercept):2,-1.56679915402491,0.058245519001553,TRUE,16
Covariate:1,0.451287999607819,0.0649534873204083,TRUE,16
Covariate:2,-0.446323771189685,0.0794458484167645,TRUE,16
1-1,0.0455333013868312,0.0414143343790868,TRUE,16
1-2,-0.0498448389707101,0.0216183883538768,FALSE,16
1-3,-0.0188749128024484,0.0139444192393396,TRUE,16
2-2,0.220498032824565,0.0529403582640624,TRUE,16
2-3,-0.0348964793615806,0.0159472347001666,FALSE,16
3-3,-0.269527122549025,0.0299575687269742,TRUE,16
(Intercept):1,-1.17198876360004,0.0442344927621424,TRUE,16
(Intercept):2,-1.63135931536971,0.0573926714778262,TRUE,16
Covariate:1,0.518446822564531,0.0696703801548782,TRUE,16
Covariate:2,-0.595204674757617,0.0745226319768046,TRUE,16
1-1,0.0599739708761294,0.043365792145385,TRUE,16
1-2,0.0362582500747337,0.0206483526228405,TRUE,16
1-3,0.00105139262079475,0.0139857351999798,TRUE,16
2-2,0.161212446545391,0.0611965540351775,TRUE,16
2-3,-0.0134239248934354,0.0157207904996939,TRUE,16
3-3,-0.207408821885596,0.0297946969268033,TRUE,16
(Intercept):1,-1.01666766800265,0.0419898609891436,TRUE,16
(Intercept):2,-1.54832843041029,0.0560233250363457,TRUE,16
Covariate:1,0.359081107455341,0.0627983111819378,FALSE,16
Covariate:2,-0.541670659602021,0.0780999231762432,TRUE,16
1-1,0.11564902015115,0.0413457101325543,TRUE,16
1-2,-0.0459643721957443,0.0207416402029902,FALSE,16
1-3,0.00733987118233486,0.0139396745359583,TRUE,16
2-2,0.193814375803983,0.0629552305743247,TRUE,16
2-3,0.0165307482213241,0.0161430392060965,TRUE,16
3-3,-0.171025280486807,0.0291571687226147,TRUE,16
(Intercept):1,-1.10023282459556,0.0426953020994383,TRUE,16
(Intercept):2,-1.58535379328253,0.0572098361027827,TRUE,16
Covariate:1,0.40516132629101,0.0630741156347557,TRUE,16
Covariate:2,-0.576814951069633,0.077184195705891,TRUE,16
1-1,0.164945152222384,0.0424082891732609,TRUE,16
1-2,0.00943165809109522,0.0212891026962508,TRUE,16
1-3,-0.0127144618247907,0.0133783165090647,TRUE,16
2-2,0.139630505920645,0.058798535211969,TRUE,16
2-3,-0.0246779461548564,0.0157082949323026,TRUE,16
3-3,-0.219979871143557,0.0283441167354864,TRUE,16
(Intercept):1,-1.1110192019992,0.042431848187562,TRUE,16
(Intercept):2,-1.62596027009062,0.0569245808531064,TRUE,16
Covariate:1,0.498308779964738,0.0641674195175284,TRUE,16
Covariate:2,-0.497844033788867,0.0781835643083056,TRUE,16
1-1,0.106942167280567,0.0382920832608618,TRUE,16
1-2,0.015730476189119,0.0212252270969376,TRUE,16
1-3,0.0100429564455401,0.0138566554948578,TRUE,16
2-2,0.21267788740448,0.0576858124058361,TRUE,16
2-3,0.00356947979587428,0.0159285265827816,TRUE,16
3-3,-0.226280782724693,0.0314854497914151,TRUE,16
(Intercept):1,-1.09919615604162,0.0413572728785675,TRUE,16
(Intercept):2,-1.67352016447625,0.0542560334348508,TRUE,16
Covariate:1,0.634230963279938,0.0657655284056437,FALSE,16
Covariate:2,-0.39316638777542,0.0749832683905497,TRUE,16
1-1,0.101256701765184,0.0395814218259201,TRUE,16
1-2,0.00220198519383444,0.0194108895151446,TRUE,16
1-3,-0.0375515453587896,0.0137362983012738,FALSE,16
2-2,0.128173173388322,0.0591956759559997,TRUE,16
2-3,0.000942129480146279,0.015170991595481,TRUE,16
3-3,-0.239748915459444,0.0279637616790797,TRUE,16
(Intercept):1,-1.07615431860652,0.0440446047251699,TRUE,16
(Intercept):2,-1.53679175136094,0.0569542025496188,TRUE,16
Covariate:1,0.515684613709521,0.062172081960432,TRUE,16
Covariate:2,-0.439372914411136,0.0779668016492123,TRUE,16
1-1,0.0326038198661606,0.0458557444544231,TRUE,16
1-2,-0.00297506962525697,0.0209699957177378,TRUE,16
1-3,-0.0023193483531016,0.0142145513554542,TRUE,16
2-2,0.146522554905805,0.0647789078515973,TRUE,16
2-3,-0.0116421853975374,0.0164159147849963,TRUE,16
3-3,-0.215354439400275,0.0286291455440424,TRUE,16
(Intercept):1,-1.07465443208447,0.0419066955384998,TRUE,16
(Intercept):2,-1.59726159214284,0.0572673625074852,TRUE,16
Covariate:1,0.482196325875986,0.0638218654467178,TRUE,16
Covariate:2,-0.510768486012244,0.0725525319161041,TRUE,16
1-1,0.0761644231859372,0.0407826873506212,TRUE,16
1-2,0.0181282700952437,0.0205345784478652,TRUE,16
1-3,-0.00841494645663147,0.0141566277518737,TRUE,16
2-2,0.164851513746914,0.0522343077459302,TRUE,16
2-3,-0.00107230404173787,0.015741370196488,TRUE,16
3-3,-0.251959459652296,0.0283325311021043,TRUE,16
(Intercept):1,-1.11266556659388,0.0431854625066276,TRUE,16
(Intercept):2,-1.54664536757826,0.0560213623507218,TRUE,16
Covariate:1,0.477317779805373,0.0650901656685221,TRUE,16
Covariate:2,-0.526106690655737,0.0734035991362585,TRUE,16
1-1,0.103184618475308,0.0371551071819211,TRUE,16
1-2,-0.0244023111593908,0.0208757258530085,TRUE,16
1-3,-0.00792299149797996,0.0135049577320071,TRUE,16
2-2,0.211481877995621,0.0642774606153393,TRUE,16
2-3,-0.0349905519115077,0.0157677270832345,FALSE,16
3-3,-0.194848621637196,0.0289804604223407,TRUE,16
(Intercept):1,-1.08783090526179,0.0406904280663938,TRUE,16
(Intercept):2,-1.5523538892359,0.0549607501686314,TRUE,16
Covariate:1,0.399947557957805,0.0636335506191701,TRUE,16
Covariate:2,-0.458308235455714,0.0756976893170706,TRUE,16
1-1,0.118503697948113,0.0407294927595116,TRUE,16
1-2,-0.00239622641516305,0.0212563141712268,TRUE,16
1-3,-0.00578370443750287,0.0138854229781699,TRUE,16
2-2,0.159640143869194,0.059796863065445,TRUE,16
2-3,-0.0165818365416638,0.0152504628983388,TRUE,16
3-3,-0.214963140124961,0.0284173624603726,TRUE,16
(Intercept):1,-1.0811388859729,0.0442977678034689,TRUE,16
(Intercept):2,-1.55072819026721,0.054725696105745,TRUE,16
Covariate:1,0.591273476844991,0.0632987014014065,TRUE,16
Covariate:2,-0.464592771309387,0.0745376963282501,TRUE,16
1-1,0.0722974733134234,0.0420103381083328,TRUE,16
1-2,-0.0152932770896312,0.0212067311495796,TRUE,16
1-3,0.00557816964494178,0.0136892573619886,TRUE,16
2-2,0.108636619397973,0.0622496606327051,TRUE,16
2-3,0.00588292497411612,0.0153148308966245,TRUE,16
3-3,-0.184845561351873,0.0273691397784001,TRUE,16
(Intercept):1,-1.1067262094579,0.0424496940744472,TRUE,16
(Intercept):2,-1.59377982888954,0.0551862680222315,TRUE,16
Covariate:1,0.533481830146337,0.0653969673467106,TRUE,16
Covariate:2,-0.417379231025101,0.0734482352788653,TRUE,16
1-1,0.0379834258707965,0.0437171040198365,TRUE,16
1-2,-0.0512166114475645,0.0210034077911173,FALSE,16
1-3,-0.0114214364488754,0.013421406321326,TRUE,16
2-2,0.244229578765745,0.0551620682061675,TRUE,16
2-3,-0.0122436544967588,0.0147510058583585,TRUE,16
3-3,-0.232615512847418,0.0277390123727036,TRUE,16
(Intercept):1,-1.14397241266886,0.0438596503807199,TRUE,16
(Intercept):2,-1.67581474597163,0.0609619347707862,TRUE,16
Covariate:1,0.497856150422149,0.0614588721992767,TRUE,16
Covariate:2,-0.635443025113586,0.081602201192799,TRUE,16
1-1,0.111838236089321,0.043001823867023,TRUE,16
1-2,0.0128644381565056,0.0219050320146422,TRUE,16
1-3,-0.0135262715369941,0.0149092547252652,TRUE,16
2-2,0.0877172185085465,0.0646517478031743,TRUE,16
2-3,-0.00968409619650408,0.0165929179458316,TRUE,16
3-3,-0.245352230028557,0.0291468632131966,TRUE,16
(Intercept):1,-1.17036270653266,0.0466617032830307,TRUE,16
(Intercept):2,-1.6869597294293,0.0596759338084897,TRUE,16
Covariate:1,0.572931987679232,0.0656663511215013,TRUE,16
Covariate:2,-0.632000770087685,0.0774790398811698,TRUE,16
1-1,0.0379957633849571,0.0486830312981623,TRUE,16
1-2,0.0220189112471472,0.0224891194322761,TRUE,16
1-3,0.000894774464057109,0.0146190439560124,TRUE,16
2-2,0.247744582332204,0.0540372864850883,TRUE,16
2-3,-0.000332367898331845,0.0160116886350317,TRUE,16
3-3,-0.234370624796892,0.0294475926039833,TRUE,16
(Intercept):1,-1.06078700746086,0.0411603647508901,TRUE,16
(Intercept):2,-1.45060337439006,0.0559681906481521,FALSE,16
Covariate:1,0.483551689647946,0.0624531348149113,TRUE,16
Covariate:2,-0.440392214544842,0.077710016001876,TRUE,16
1-1,0.0377859024160344,0.042063332680937,TRUE,16
1-2,-0.0582001227722829,0.0208145309470155,FALSE,16
1-3,-0.0112300071749871,0.0137083347342861,TRUE,16
2-2,-0.0171726156067419,0.0695208675373009,FALSE,16
2-3,-0.0363988366707841,0.0151847796416426,FALSE,16
3-3,-0.232498025128862,0.0273964698641174,TRUE,16
(Intercept):1,-1.08688808392165,0.0401569259739414,TRUE,16
(Intercept):2,-1.50789173872174,0.0517686181118624,FALSE,16
Covariate:1,0.482147558774484,0.0622019342253604,TRUE,16
Covariate:2,-0.675011733960833,0.0768544711647739,FALSE,16
1-1,0.0807320698451428,0.0381589869859088,TRUE,16
1-2,-0.0244388523479136,0.0195991665142678,TRUE,16
1-3,-0.0407722710867101,0.0130007075005311,FALSE,16
2-2,0.146763420606445,0.0560923874618959,TRUE,16
2-3,-0.0468315603672756,0.0146173804465666,FALSE,16
3-3,-0.282021742076587,0.0287367360619796,FALSE,16
(Intercept):1,-1.15819270230608,0.044352020330532,TRUE,16
(Intercept):2,-1.54396753980512,0.0556669079932244,TRUE,16
Covariate:1,0.488172321353163,0.0656755981867413,TRUE,16
Covariate:2,-0.550804602246863,0.0752501567059764,TRUE,16
1-1,0.128783967608689,0.0406274735579511,TRUE,16
1-2,0.019229250506647,0.0209388053255175,TRUE,16
1-3,0.0161656865825405,0.013787518117306,TRUE,16
2-2,0.10297172541497,0.0595956545414087,TRUE,16
2-3,0.00770072134691505,0.0149014691295743,TRUE,16
3-3,-0.194111319134754,0.0286197884757469,TRUE,16
(Intercept):1,-1.08883142199262,0.0426011384573225,TRUE,16
(Intercept):2,-1.51346969719011,0.0553696300674018,TRUE,16
Covariate:1,0.458057693110989,0.0616062406089169,TRUE,16
Covariate:2,-0.451079717783137,0.0779847818544062,TRUE,16
1-1,0.097500311876721,0.0375228377735381,TRUE,16
1-2,-0.0243487628242499,0.0214086501219767,TRUE,16
1-3,0.00415854737511819,0.0139577066646157,TRUE,16
2-2,0.0999696386153829,0.0621642171233671,TRUE,16
2-3,-0.0183452476734332,0.0163389646107684,TRUE,16
3-3,-0.257438269137454,0.0292438517812113,TRUE,16
(Intercept):1,-1.11947135670346,0.0454344538568378,TRUE,16
(Intercept):2,-1.60764911453641,0.0559999977598838,TRUE,16
Covariate:1,0.495443313423827,0.0646278467683178,TRUE,16
Covariate:2,-0.543654179057812,0.0777170648217083,TRUE,16
1-1,0.0544709241389143,0.0427044602530285,TRUE,16
1-2,-0.0019837798795158,0.0215290977589122,TRUE,16
1-3,-0.0165689020271739,0.0142637639935957,TRUE,16
2-2,0.0226237839822093,0.0652133043823214,FALSE,16
2-3,-0.00786454283542526,0.0159392680754846,TRUE,16
3-3,-0.254839672943467,0.0291756720699826,TRUE,16
(Intercept):1,-1.08549572938411,0.042105418198412,TRUE,16
(Intercept):2,-1.66039711050352,0.0565168618562105,TRUE,16
Covariate:1,0.523393736026377,0.0652188813949116,TRUE,16
Covariate:2,-0.532539714834142,0.0768474881091852,TRUE,16
1-1,0.0581909905331886,0.042088896224952,TRUE,16
1-2,0.00552804043908182,0.0195394616312558,TRUE,16
1-3,-0.00906797805757243,0.0132217426221967,TRUE,16
2-2,0.203965659399508,0.0557816146489923,TRUE,16
2-3,-0.00918166139996065,0.0151615020833562,TRUE,16
3-3,-0.204277356953026,0.0276285620179664,TRUE,16
(Intercept):1,-1.0358498019025,0.0408103678478272,TRUE,16
(Intercept):2,-1.46371309990047,0.0580161003605741,FALSE,16
Covariate:1,0.519441112192365,0.0609044847587008,TRUE,16
Covariate:2,-0.446722301336811,0.073341531497797,TRUE,16
1-1,0.0253070219765217,0.0404781530694874,TRUE,16
1-2,-0.0364055635515727,0.0209637799192422,TRUE,16
1-3,-0.0143041842970343,0.0131399232964088,TRUE,16
2-2,0.141586976746483,0.0598467133996443,TRUE,16
2-3,-0.0437826992185803,0.0159784898686633,FALSE,16
3-3,-0.226223199293119,0.0293862956213872,TRUE,16
(Intercept):1,-1.08442303673379,0.0435523593446032,TRUE,16
(Intercept):2,-1.58564608184515,0.0582585567687497,TRUE,16
Covariate:1,0.482164857547157,0.0660002549527234,TRUE,16
Covariate:2,-0.655390363778673,0.0760931917270206,FALSE,16
1-1,0.125132498698715,0.0410087880298256,TRUE,16
1-2,-0.012697989655873,0.0221131888894944,TRUE,16
1-3,-0.00550124154341712,0.0135624042428441,TRUE,16
2-2,0.0446552795843747,0.0660659336562443,FALSE,16
2-3,0.00519276016259237,0.015960946469107,TRUE,16
3-3,-0.178230036476329,0.0287023665390147,TRUE,16
(Intercept):1,-1.12692520731919,0.0440455367481779,TRUE,16
(Intercept):2,-1.4692750125514,0.0536685237136323,FALSE,16
Covariate:1,0.545067854103289,0.0641814326643606,TRUE,16
Covariate:2,-0.410651500851629,0.0719638096481326,TRUE,16
1-1,0.0902127529512923,0.0461290476624911,TRUE,16
1-2,0.000350686648783565,0.020188050839477,TRUE,16
1-3,-0.011704544289583,0.0145315285975469,TRUE,16
2-2,0.0956098503289536,0.0629095595453866,TRUE,16
2-3,-0.0384772968676497,0.0161612438195729,FALSE,16
3-3,-0.236643512014473,0.0277285741150294,TRUE,16
(Intercept):1,-1.10171603822661,0.0425732781044585,TRUE,16
(Intercept):2,-1.60308614560914,0.0565204355433254,TRUE,16
Covariate:1,0.538241418640015,0.0629301156388647,TRUE,16
Covariate:2,-0.417620847315584,0.0735372010536002,TRUE,16
1-1,0.117202026380398,0.0400919412308379,TRUE,16
1-2,0.0114749860633975,0.0198060327663932,TRUE,16
1-3,0.00785073326043478,0.013956797748817,TRUE,16
2-2,0.210882513037296,0.0551090612871765,TRUE,16
2-3,0.00911714599190735,0.0158262658838376,TRUE,16
3-3,-0.218121479783469,0.0284737938603295,TRUE,16
(Intercept):1,-1.06624530115916,0.043165847079434,TRUE,16
(Intercept):2,-1.54793561888898,0.058635790305605,TRUE,16
Covariate:1,0.475856743302324,0.0686371820561089,TRUE,16
Covariate:2,-0.558456294311886,0.075428221020594,TRUE,16
1-1,0.0724366270512267,0.0392919539555126,TRUE,16
1-2,-0.0198931937726774,0.0216734188231144,TRUE,16
1-3,0.0144148493233836,0.0143297355406216,TRUE,16
2-2,0.150317649535718,0.0572215855007011,TRUE,16
2-3,-0.0178692233005504,0.0165170582105778,TRUE,16
3-3,-0.216425479157311,0.0288336430643483,TRUE,16
(Intercept):1,-1.06813111125366,0.0415926064378223,TRUE,16
(Intercept):2,-1.60597655261723,0.059972549445076,TRUE,16
Covariate:1,0.556818695147052,0.0632501006053915,TRUE,16
Covariate:2,-0.501447240733507,0.0738240702700257,TRUE,16
1-1,0.0438231237547028,0.0434752851987883,TRUE,16
1-2,0.00506191763481349,0.0220206206793772,TRUE,16
1-3,0.00911890462638119,0.0138296477944082,TRUE,16
2-2,0.130338138081909,0.0605271188485598,TRUE,16
2-3,0.00901219046531667,0.0164178589171405,TRUE,16
3-3,-0.208586688673213,0.026977956671496,TRUE,16
(Intercept):1,-1.11253826606951,0.0407615535483967,TRUE,16
(Intercept):2,-1.55724776475607,0.0546390930363022,TRUE,16
Covariate:1,0.508396554513665,0.0618424123335729,TRUE,16
Covariate:2,-0.456896482809755,0.0711210507786444,TRUE,16
1-1,0.0868372725046176,0.0391908446852169,TRUE,16
1-2,0.0216093652034342,0.019914924271659,TRUE,16
1-3,-2.07744399411102e-05,0.0128687257869529,TRUE,16
2-2,0.184744259748789,0.0561932759503277,TRUE,16
2-3,-0.0180169952608434,0.015586355197857,TRUE,16
3-3,-0.210192927298446,0.0276689525417767,TRUE,16
(Intercept):1,-1.07917818861597,0.0419763365928908,TRUE,16
(Intercept):2,-1.66575417566686,0.0589512723381594,TRUE,16
Covariate:1,0.525765732196081,0.0642080928275031,TRUE,16
Covariate:2,-0.517251807497809,0.0772907619448268,TRUE,16
1-1,0.0911300957134697,0.0393493299543383,TRUE,16
1-2,0.00313869258544314,0.0216955606750025,TRUE,16
1-3,-0.00303023919948401,0.0136628954279793,TRUE,16
2-2,0.246943405867078,0.0556815097543701,TRUE,16
2-3,0.0042972607485843,0.0162823671792573,TRUE,16
3-3,-0.200673049324689,0.0291598680330689,TRUE,16
(Intercept):1,-1.10738996772824,0.0444417401015974,TRUE,16
(Intercept):2,-1.58323076300241,0.054813835033154,TRUE,16
Covariate:1,0.646276121708127,0.0638064651458912,FALSE,16
Covariate:2,-0.413086640796494,0.0786103357810559,TRUE,16
1-1,0.0796566060054053,0.0405380184598663,TRUE,16
1-2,-0.0158826518245815,0.0217707538772114,TRUE,16
1-3,-0.0156510435402101,0.014018324863481,TRUE,16
2-2,0.180234551693747,0.0576334141985798,TRUE,16
2-3,-0.0100020817227118,0.0154367770345464,TRUE,16
3-3,-0.220688073372142,0.0269491252538147,TRUE,16
(Intercept):1,-1.02073453144961,0.0429797088631904,TRUE,16
(Intercept):2,-1.58845983655793,0.0592731316818639,TRUE,16
Covariate:1,0.511957883143107,0.0630396112208246,TRUE,16
Covariate:2,-0.669996822977024,0.0762444784191316,FALSE,16
1-1,0.0281791256148899,0.0418407792763529,TRUE,16
1-2,-0.0247715082229702,0.0211462617799756,TRUE,16
1-3,-0.0350058662510928,0.0140451850473486,FALSE,16
2-2,0.180154666020827,0.0541429730611837,TRUE,16
2-3,-0.0155945631224755,0.0161399201588247,TRUE,16
3-3,-0.245714444949702,0.0293027259597121,TRUE,16
(Intercept):1,-1.02821389580902,0.0433460919579594,TRUE,16
(Intercept):2,-1.64908567709513,0.0539195743394729,TRUE,16
Covariate:1,0.463849716636261,0.0633437096842004,TRUE,16
Covariate:2,-0.512821818014369,0.0757654183116204,TRUE,16
1-1,0.0289672937910462,0.0401203550860492,TRUE,16
1-2,-0.0306465865377174,0.0218022051030552,TRUE,16
1-3,-0.00409235475513845,0.0148439149745174,TRUE,16
2-2,0.182750887661332,0.0587272638648773,TRUE,16
2-3,0.00745635732622782,0.0162791773367908,TRUE,16
3-3,-0.24980926934983,0.0301723715784153,TRUE,16
(Intercept):1,-1.063280601217,0.0404726004675141,TRUE,16
(Intercept):2,-1.56371658218628,0.055658590840035,TRUE,16
Covariate:1,0.473980242021024,0.0639510035156544,TRUE,16
Covariate:2,-0.50967912835239,0.0781766570121235,TRUE,16
1-1,0.0951172733358976,0.0366247323997005,TRUE,16
1-2,-0.00747965627355337,0.0203244160098761,TRUE,16
1-3,-0.0307433374562153,0.0132635502665033,FALSE,16
2-2,0.0579072655448414,0.0643312583486344,TRUE,16
2-3,-0.0367368682887032,0.0173237748274117,FALSE,16
3-3,-0.271265991820329,0.0272968589156115,TRUE,16
(Intercept):1,-1.06785433547041,0.0425297825494867,TRUE,16
(Intercept):2,-1.53243891516349,0.0571751028227568,TRUE,16
Covariate:1,0.483931732087728,0.062266753846499,TRUE,16
Covariate:2,-0.553342663496153,0.0758288789735907,TRUE,16
1-1,0.105901428513654,0.0392752631452357,TRUE,16
1-2,-0.0338759589907823,0.0208368395163626,TRUE,16
1-3,-0.00911654914897786,0.0136218097234493,TRUE,16
2-2,0.178046733395919,0.057581665943501,TRUE,16
2-3,-0.0246554198655046,0.015770535243066,TRUE,16
3-3,-0.247775701008788,0.029510708187051,TRUE,16
(Intercept):1,-1.11338330139489,0.0431596275425205,TRUE,16
(Intercept):2,-1.51296699552516,0.055925893833817,TRUE,16
Covariate:1,0.35920039746091,0.063251649260599,FALSE,16
Covariate:2,-0.483324527177865,0.0720363305476392,TRUE,16
1-1,0.0846619082174878,0.0427990855997133,TRUE,16
1-2,-0.0375410777604771,0.0203682882496035,TRUE,16
1-3,-0.0193062311503539,0.0137286222029942,TRUE,16
2-2,0.153000669869515,0.0547116339507609,TRUE,16
2-3,-0.0344164393535082,0.0164331858799029,FALSE,16
3-3,-0.243738149738782,0.0296322750793782,TRUE,16
(Intercept):1,-1.15754173785563,0.0452065089436265,TRUE,16
(Intercept):2,-1.56648721094362,0.0579589824231559,TRUE,16
Covariate:1,0.445307071141705,0.0663403251075041,TRUE,16
Covariate:2,-0.526660389163861,0.0815299696270007,TRUE,16
1-1,0.100205842020091,0.0390910461937859,TRUE,16
1-2,0.013539577188071,0.0219972764169579,TRUE,16
1-3,-0.00376741756300471,0.0138225654960069,TRUE,16
2-2,0.0797413692791807,0.0605161277088926,TRUE,16
2-3,-0.0289935271491037,0.0157332769977361,TRUE,16
3-3,-0.226169679742006,0.0291496616166198,TRUE,16
(Intercept):1,-1.13411794873611,0.0413410150063545,TRUE,16
(Intercept):2,-1.70007384368562,0.0577108642375134,TRUE,16
Covariate:1,0.515150254716658,0.060218624325491,TRUE,16
Covariate:2,-0.478449214214426,0.0815890843382954,TRUE,16
1-1,0.0691970061332368,0.042627630524009,TRUE,16
1-2,-0.0319094145144765,0.0226641488056851,TRUE,16
1-3,-0.014955325350719,0.0139507432848331,TRUE,16
2-2,0.183655142893663,0.0545070617265598,TRUE,16
2-3,-0.00347324072947839,0.0158162114772003,TRUE,16
3-3,-0.248763395726735,0.0278362079000417,TRUE,16
(Intercept):1,-1.07042511684421,0.0410823238224989,TRUE,16
(Intercept):2,-1.6211523402548,0.0599992008072753,TRUE,16
Covariate:1,0.541735768550418,0.0631344136080406,TRUE,16
Covariate:2,-0.450720220674002,0.0761392204338361,TRUE,16
1-1,0.0391982056419968,0.0400317917008284,TRUE,16
1-2,0.00702235436986208,0.0225762262168508,TRUE,16
1-3,-0.0016402212339373,0.0141014112022419,TRUE,16
2-2,0.119905469824579,0.0642100950912011,TRUE,16
2-3,-0.0170745475529254,0.0165350212351964,TRUE,16
3-3,-0.240560084917398,0.0295693793098401,TRUE,16
(Intercept):1,-1.10361127684336,0.0412675663050037,TRUE,16
(Intercept):2,-1.64268852541638,0.0575437577714742,TRUE,16
Covariate:1,0.43654570200784,0.0643832510031332,TRUE,16
Covariate:2,-0.27359671820635,0.0768011962371269,FALSE,16
1-1,0.11191495060391,0.0356858461217661,TRUE,16
1-2,-0.0251851197882946,0.0216249391862019,TRUE,16
1-3,-0.014758019689939,0.0135589255432985,TRUE,16
2-2,0.178464313422407,0.0571314597650928,TRUE,16
2-3,0.00351159985949305,0.0153078021782357,TRUE,16
3-3,-0.243301059634161,0.0289265714382061,TRUE,16
(Intercept):1,-1.05766495306255,0.0427080308824313,TRUE,16
(Intercept):2,-1.64573468709926,0.0595997643008024,TRUE,16
Covariate:1,0.48137664721043,0.0624270866298885,TRUE,16
Covariate:2,-0.453719427379148,0.0718653463153084,TRUE,16
1-1,0.057442619185265,0.0418253591676924,TRUE,16
1-2,0.00321137417371885,0.0219784671109162,TRUE,16
1-3,-0.000269933236065984,0.0139791420594051,TRUE,16
2-2,0.170423808540921,0.0575732017034015,TRUE,16
2-3,0.000209786676874029,0.0169254525809186,TRUE,16
3-3,-0.19716205323552,0.0284641927726579,TRUE,16
(Intercept):1,-1.11672065919105,0.0424560818394512,TRUE,16
(Intercept):2,-1.55730951125261,0.0554930255688717,TRUE,16
Covariate:1,0.441366964099818,0.0645780658175037,TRUE,16
Covariate:2,-0.523621416885385,0.0780991486131433,TRUE,16
1-1,0.0844978931205558,0.038629065108679,TRUE,16
1-2,-0.00398006240930252,0.0210233040373253,TRUE,16
1-3,0.00299511079742485,0.0136311745163198,TRUE,16
2-2,0.0614767229529336,0.0648884048334179,TRUE,16
2-3,-0.0130667341163348,0.0156650527288694,TRUE,16
3-3,-0.255706618305943,0.0295594980599532,TRUE,16
(Intercept):1,-1.10574465484728,0.0441027114404084,TRUE,16
(Intercept):2,-1.61781619516886,0.0586740396438782,TRUE,16
Covariate:1,0.413137618731168,0.0617189512202705,TRUE,16
Covariate:2,-0.578900070044898,0.0774133106758418,TRUE,16
1-1,0.136170202719232,0.0402108020706402,TRUE,16
1-2,-0.0123652275341001,0.0225109348140029,TRUE,16
1-3,-0.00207323510681158,0.0140286026366593,TRUE,16
2-2,0.25581587732835,0.0522380805477113,TRUE,16
2-3,0.00596072417585372,0.0160401028076725,TRUE,16
3-3,-0.211582070491111,0.0282968046127175,TRUE,16
(Intercept):1,-1.12363819901929,0.0430824808131101,TRUE,16
(Intercept):2,-1.49905650245467,0.0565638274142901,TRUE,16
Covariate:1,0.512125623460704,0.0632451757868553,TRUE,16
Covariate:2,-0.456928893370218,0.0765808108586539,TRUE,16
1-1,0.0908647938524153,0.0376529194213187,TRUE,16
1-2,-0.0144920962171187,0.023156090062242,TRUE,16
1-3,0.00156874484846835,0.0141168989320059,TRUE,16
2-2,0.179139596333286,0.0566746077671098,TRUE,16
2-3,-0.0510650627042102,0.0163549529507542,FALSE,16
3-3,-0.237935385194731,0.0295055229997743,TRUE,16
(Intercept):1,-1.05480680732628,0.0430843657611506,TRUE,16
(Intercept):2,-1.52195139008463,0.0547682761433345,TRUE,16
Covariate:1,0.483423653487492,0.0657527964666758,TRUE,16
Covariate:2,-0.458224623066961,0.0772647158141351,TRUE,16
1-1,0.0611923970688346,0.0406147082575082,TRUE,16
1-2,-0.0181773652620523,0.0204916970213167,TRUE,16
1-3,-0.0275690943498713,0.0146022519322351,TRUE,16
2-2,0.212007522911532,0.0501840779808258,TRUE,16
2-3,-0.0395094738362544,0.0157687822421908,FALSE,16
3-3,-0.259060488731013,0.029952509132771,TRUE,16
(Intercept):1,-1.05576127632842,0.0443561477091993,TRUE,16
(Intercept):2,-1.53354472242971,0.0558405726164069,TRUE,16
Covariate:1,0.423708823979771,0.0631403157958503,TRUE,16
Covariate:2,-0.519223740347228,0.0769173266861957,TRUE,16
1-1,0.0631793344620791,0.042636709735916,TRUE,16
1-2,-0.0215506745390707,0.0218712649259225,TRUE,16
1-3,0.00999035172458361,0.0137956869399718,TRUE,16
2-2,0.178510043661523,0.0601254706136478,TRUE,16
2-3,-0.008267060052756,0.016020535348981,TRUE,16
3-3,-0.22837492007457,0.0284049377008504,TRUE,16
(Intercept):1,-1.0815809931844,0.0412976405853751,TRUE,16
(Intercept):2,-1.61108458100684,0.0582030214431883,TRUE,16
Covariate:1,0.436008597042701,0.0625594194011294,TRUE,16
Covariate:2,-0.428629947693872,0.0749530559422278,TRUE,16
1-1,0.0981556007609794,0.0412495604985632,TRUE,16
1-2,0.000278044475129223,0.0211590855888563,TRUE,16
1-3,0.000226389376611128,0.0135451443556979,TRUE,16
2-2,0.257898286081633,0.061928541638242,TRUE,16
2-3,-0.0134267095598077,0.0162155859156544,TRUE,16
3-3,-0.222977676793713,0.0289935159762059,TRUE,16
(Intercept):1,-1.1039275000945,0.0413092924864318,TRUE,16
(Intercept):2,-1.65705766948368,0.0564225370312655,TRUE,16
Covariate:1,0.526268624700118,0.0686068328964699,TRUE,16
Covariate:2,-0.531635907180123,0.0751653019479317,TRUE,16
1-1,0.0878984136734546,0.0404326050532842,TRUE,16
1-2,0.00594243915297146,0.0194736168894408,TRUE,16
1-3,-0.0138127779622276,0.014166604248328,TRUE,16
2-2,0.1242034539189,0.0588023452249482,TRUE,16
2-3,-0.00438894204807438,0.0157211456493014,TRUE,16
3-3,-0.282073974180725,0.0292147796652246,FALSE,16
(Intercept):1,-1.03881020164902,0.0399791868527317,TRUE,16
(Intercept):2,-1.59841508086332,0.0559624161893554,TRUE,16
Covariate:1,0.350691609782154,0.0613314803360033,FALSE,16
Covariate:2,-0.536594211475911,0.0706009273918897,TRUE,16
1-1,0.0582107115398109,0.0419170948615148,TRUE,16
1-2,0.00240130037842702,0.0205511980658817,TRUE,16
1-3,-0.0220682046687512,0.0142361708907358,TRUE,16
2-2,0.209586703005724,0.0564974962187505,TRUE,16
2-3,-0.0142473010384217,0.0164145877125689,TRUE,16
3-3,-0.248907044746315,0.0295756762325468,TRUE,16
(Intercept):1,-1.13480527856297,0.0438061844588817,TRUE,16
(Intercept):2,-1.55705667918495,0.0566188015459434,TRUE,16
Covariate:1,0.604572644169933,0.063802412892537,TRUE,16
Covariate:2,-0.453178115534725,0.0719745914524415,TRUE,16
1-1,0.0890874406855357,0.0394949074135206,TRUE,16
1-2,-0.0117834256296746,0.0206479609966396,TRUE,16
1-3,-0.00892332970084883,0.0135393983781348,TRUE,16
2-2,0.239412881972327,0.0496231187258476,TRUE,16
2-3,-0.0299042149646161,0.0156456044852362,TRUE,16
3-3,-0.248819939197338,0.0278119623966789,TRUE,16
(Intercept):1,-1.07027300948523,0.0436172733875052,TRUE,16
(Intercept):2,-1.53547776360381,0.0566702569319559,TRUE,16
Covariate:1,0.573412076090475,0.0624451514934034,TRUE,16
Covariate:2,-0.402623468597734,0.0745857381477307,TRUE,16
1-1,0.0722137012532025,0.0397594117199363,TRUE,16
1-2,-0.00648344192959675,0.0211455403640626,TRUE,16
1-3,-0.0196851841689672,0.0134104629033817,TRUE,16
2-2,0.142196847261494,0.0557902101642803,TRUE,16
2-3,-0.0259375572478384,0.0162093078088046,TRUE,16
3-3,-0.24402807495722,0.0270523531029848,TRUE,16
(Intercept):1,-1.12488481421524,0.0438220893600828,TRUE,16
(Intercept):2,-1.58895356838804,0.055956038113388,TRUE,16
Covariate:1,0.398939231311672,0.0660474723329084,TRUE,16
Covariate:2,-0.524779373232045,0.0726074208991087,TRUE,16
1-1,0.101658272997112,0.0400984206156843,TRUE,16
1-2,-0.0094650864050274,0.0202456853473312,TRUE,16
1-3,0.0037782334686057,0.0139068183978416,TRUE,16
2-2,0.165161552642633,0.0582910874460712,TRUE,16
2-3,-0.00688973200771765,0.0156523397130589,TRUE,16
3-3,-0.202050233957451,0.02762400028651,TRUE,16
(Intercept):1,-1.05972443149384,0.0431978465483055,TRUE,16
(Intercept):2,-1.60507705464709,0.0590125735033064,TRUE,16
Covariate:1,0.436192906250772,0.0657174606598109,TRUE,16
Covariate:2,-0.520304788277696,0.0804482142365754,TRUE,16
1-1,0.0528515408835093,0.042878885335717,TRUE,16
1-2,-0.0369938409220549,0.0233532020537239,TRUE,16
1-3,-0.022131320651193,0.014059471789468,TRUE,16
2-2,0.128167596544726,0.0679099162242372,TRUE,16
2-3,-0.00599314519573759,0.0167536902939082,TRUE,16
3-3,-0.247918671591633,0.0286734396326874,TRUE,16
(Intercept):1,-1.05438969521881,0.0433986498466173,TRUE,16
(Intercept):2,-1.49845161706534,0.0556813611718988,FALSE,16
Covariate:1,0.521511421281522,0.0673361729103448,TRUE,16
Covariate:2,-0.467539826148727,0.0737119594423038,TRUE,16
1-1,0.110977041420237,0.0427095716270689,TRUE,16
1-2,-0.0467665361069234,0.0214306063170253,FALSE,16
1-3,0.0112095716255331,0.0137076132400576,TRUE,16
2-2,0.227698792523326,0.051418086954845,TRUE,16
2-3,-0.0101095397369597,0.0156337998086049,TRUE,16
3-3,-0.19415647785747,0.0269983850726786,TRUE,16
(Intercept):1,-1.08377162959316,0.0426578497900883,TRUE,16
(Intercept):2,-1.67267383965899,0.0601614176209326,TRUE,16
Covariate:1,0.519440564596348,0.0615828586693506,TRUE,16
Covariate:2,-0.50415724127669,0.08012410272537,TRUE,16
1-1,0.0615431167424231,0.0435391252654173,TRUE,16
1-2,0.00737400602875066,0.0224939131607704,TRUE,16
1-3,-0.0105318605958638,0.0142321607932282,TRUE,16
2-2,0.201182727053047,0.0617874777068998,TRUE,16
2-3,-0.0144141071701245,0.0170111541875906,TRUE,16
3-3,-0.241344956411465,0.029795277773012,TRUE,16
(Intercept):1,-1.05961341035372,0.0436246191778117,TRUE,16
(Intercept):2,-1.64949002365704,0.0593621643151242,TRUE,16
Covariate:1,0.421092435215876,0.0626817743025115,TRUE,16
Covariate:2,-0.392723680761703,0.0743677002783846,TRUE,16
1-1,0.103120376008622,0.0430809284154891,TRUE,16
1-2,0.0110113194974056,0.0211229869798754,TRUE,16
1-3,0.00634218725761874,0.013548027613044,TRUE,16
2-2,0.149763762907175,0.0621726653252444,TRUE,16
2-3,0.019183066992107,0.0162938939952641,TRUE,16
3-3,-0.19228559933436,0.0296205108172551,TRUE,16
(Intercept):1,-1.04224884366758,0.0423836815285061,TRUE,16
(Intercept):2,-1.58064797505684,0.0558429933558958,TRUE,16
Covariate:1,0.371101435753386,0.063417395399393,FALSE,16
Covariate:2,-0.345165408815405,0.0740879281580963,FALSE,16
1-1,0.07510941567343,0.0434019589503505,TRUE,16
1-2,-0.0160946351267117,0.0211096480508803,TRUE,16
1-3,-0.0204829887120506,0.0145755984499462,TRUE,16
2-2,0.153500212107308,0.0605462327055995,TRUE,16
2-3,0.00334752286162425,0.0161185493269754,TRUE,16
3-3,-0.208123117270326,0.0281594560149242,TRUE,16
(Intercept):1,-1.17412925264939,0.0460163390414851,TRUE,16
(Intercept):2,-1.56970657515279,0.0538604191905594,TRUE,16
Covariate:1,0.532821368282087,0.0653114525974494,TRUE,16
Covariate:2,-0.408464770374896,0.0733157412078732,TRUE,16
1-1,0.121093957446666,0.0428274491448325,TRUE,16
1-2,0.00605607703785558,0.0206470599108742,TRUE,16
1-3,-0.0135739756223812,0.0134612273564166,TRUE,16
2-2,0.201404071106385,0.0526466654894667,TRUE,16
2-3,-0.0389406493411786,0.0157696585408956,FALSE,16
3-3,-0.246536342053177,0.0306743685816756,TRUE,16
(Intercept):1,-1.06984188925647,0.0428026945949184,TRUE,16
(Intercept):2,-1.55295462053178,0.0559346988267806,TRUE,16
Covariate:1,0.546570846681509,0.0660046008756924,TRUE,16
Covariate:2,-0.555220304147272,0.0781219098706438,TRUE,16
1-1,0.105717321476227,0.0392494976906913,TRUE,16
1-2,-0.0217221888267083,0.021115684621653,TRUE,16
1-3,-0.0188199214642328,0.0133829818655914,TRUE,16
2-2,0.10768725708906,0.0606400854467703,TRUE,16
2-3,-0.0221031990208588,0.0153904957440361,TRUE,16
3-3,-0.230180471744018,0.0262882308572981,TRUE,16
(Intercept):1,-1.08461765279703,0.0422558444352432,TRUE,16
(Intercept):2,-1.58185724316785,0.0550575986486719,TRUE,16
Covariate:1,0.49517557424916,0.0625676283514439,TRUE,16
Covariate:2,-0.494983897085885,0.0748698800363656,TRUE,16
1-1,0.136088675025777,0.0412350557280982,TRUE,16
1-2,0.00219897002413727,0.0208087801018655,TRUE,16
1-3,0.00242002806538509,0.0141711048768393,TRUE,16
2-2,0.261822387311594,0.0518358682338096,TRUE,16
2-3,0.00755835748320683,0.0160380949721901,TRUE,16
3-3,-0.205122492428201,0.0280753607499463,TRUE,16
(Intercept):1,-1.10114687251646,0.0424612218955488,TRUE,16
(Intercept):2,-1.61914447006204,0.0562868183532537,TRUE,16
Covariate:1,0.542764309267052,0.0620078948841933,TRUE,16
Covariate:2,-0.513309351029533,0.0750462489350536,TRUE,16
1-1,0.104009282780305,0.0417266895670681,TRUE,16
1-2,-0.0172207820451224,0.0200461223767615,TRUE,16
1-3,-0.00924530057664257,0.0142214854804776,TRUE,16
2-2,0.340891330210517,0.0512436515365476,FALSE,16
2-3,0.012104532094908,0.0158491841767427,TRUE,16
3-3,-0.199400708303024,0.027590114603878,TRUE,16
(Intercept):1,-1.09738466813522,0.0446741628524984,TRUE,16
(Intercept):2,-1.63998447209105,0.0574995852818131,TRUE,16
Covariate:1,0.502021436359973,0.0652005738283636,TRUE,16
Covariate:2,-0.600540742072119,0.0796925391156103,TRUE,16
1-1,0.0622136400932226,0.0435457286501424,TRUE,16
1-2,0.00981553789475835,0.0219658199213015,TRUE,16
1-3,0.00858886078493372,0.0143225335403766,TRUE,16
2-2,0.130761656164365,0.0577309533928052,TRUE,16
2-3,0.0126920873160796,0.0156260104749585,TRUE,16
3-3,-0.210527237541392,0.0277143275177411,TRUE,16
(Intercept):1,-0.943145458634055,0.0414746316446825,FALSE,16
(Intercept):2,-1.64027702675139,0.0564833558926472,TRUE,16
Covariate:1,0.555104815772811,0.0632719396579104,TRUE,16
Covariate:2,-0.457431071508869,0.0750142358788353,TRUE,16
1-1,-0.0047769021711858,0.0416012886407242,FALSE,16
1-2,-0.0515936857619983,0.020465103225606,FALSE,16
1-3,-0.0359381766607073,0.0135857928404957,FALSE,16
2-2,0.190008102828723,0.0605387070404447,TRUE,16
2-3,-0.00112236014421486,0.0160721822957911,TRUE,16
3-3,-0.249274115054281,0.0287765362952384,TRUE,16
(Intercept):1,-1.01854494098512,0.0410764330603579,TRUE,16
(Intercept):2,-1.58277860500163,0.0577220888989636,TRUE,16
Covariate:1,0.488030862203989,0.0620305060326065,TRUE,16
Covariate:2,-0.474318965840117,0.0757864659930828,TRUE,16
1-1,0.115724907587083,0.0379854277934999,TRUE,16
1-2,-0.0433999617756876,0.021563804897046,FALSE,16
1-3,-0.0361130452486099,0.0139830559835575,FALSE,16
2-2,0.179763917791939,0.0595729992416544,TRUE,16
2-3,-0.0168367665411887,0.0164776315678892,TRUE,16
3-3,-0.238654084756303,0.0286449552723,TRUE,16
(Intercept):1,-1.10029173442769,0.0434455981238603,TRUE,16
(Intercept):2,-1.6121171367237,0.0556215731080213,TRUE,16
Covariate:1,0.487817959465492,0.0678487251649152,TRUE,16
Covariate:2,-0.506012722014765,0.0738796205960133,TRUE,16
1-1,0.133140216834809,0.0424178289604387,TRUE,16
1-2,-0.0120777953512645,0.0217595103527986,TRUE,16
1-3,-0.00400498482499357,0.0143656743433995,TRUE,16
2-2,0.196023248466306,0.0563130043293776,TRUE,16
2-3,0.00502040277226251,0.0158425137947932,TRUE,16
3-3,-0.198539254831458,0.0284050347240264,TRUE,16
(Intercept):1,-1.06594088926138,0.0434226951418683,TRUE,16
(Intercept):2,-1.63243440542099,0.0573372278461721,TRUE,16
Covariate:1,0.445356464226539,0.0643698077529733,TRUE,16
Covariate:2,-0.469023982525098,0.0761733163518662,TRUE,16
1-1,0.0657187201191159,0.0402983586438684,TRUE,16
1-2,-0.0276707440075412,0.020495119857052,TRUE,16
1-3,-0.00122292562430117,0.0142232418908687,TRUE,16
2-2,0.197519833565743,0.0522239565681533,TRUE,16
2-3,0.0130500030922291,0.016382550805872,TRUE,16
3-3,-0.258732281948655,0.0301635076052399,TRUE,16
(Intercept):1,-1.14189344196632,0.0442106101890474,TRUE,16
(Intercept):2,-1.60568426799188,0.0579788161802819,TRUE,16
Covariate:1,0.314142065052488,0.0649913808063187,FALSE,16
Covariate:2,-0.648921216602635,0.0781975133658614,TRUE,16
1-1,0.033574098629853,0.0436509747064879,TRUE,16
1-2,-0.0147688444010754,0.021183947464022,TRUE,16
1-3,0.00130753779078409,0.0137026714917293,TRUE,16
2-2,0.0868649325485941,0.0538190460383506,TRUE,16
2-3,-0.00681247259868442,0.0159190064108964,TRUE,16
3-3,-0.232803348672283,0.0273183882184639,TRUE,16
(Intercept):1,-1.06191877966882,0.042826146796936,TRUE,16
(Intercept):2,-1.61252944645743,0.0568619258797661,TRUE,16
Covariate:1,0.596356055996702,0.0604472027685475,TRUE,16
Covariate:2,-0.454217428497241,0.0779697524858604,TRUE,16
1-1,0.08379416790283,0.0416088433845371,TRUE,16
1-2,0.00830147114297319,0.0200109974773306,TRUE,16
1-3,-0.00796147167636482,0.0140511498200741,TRUE,16
2-2,0.177937541751811,0.0565961893563009,TRUE,16
2-3,-0.0152763081101266,0.0160260936969125,TRUE,16
3-3,-0.254430410616241,0.0285354893581944,TRUE,16
(Intercept):1,-1.20520335790997,0.0445503818926604,FALSE,16
(Intercept):2,-1.69548387532072,0.0584038511726456,TRUE,16
Covariate:1,0.421601598061505,0.0658931398656108,TRUE,16
Covariate:2,-0.518889622452999,0.0803127011409238,TRUE,16
1-1,0.0629029375532384,0.0418210217799831,TRUE,16
1-2,0.0221929223531926,0.0227281305786207,TRUE,16
1-3,-0.0135351442516947,0.0140754722230225,TRUE,16
2-2,0.248042681095839,0.0538066588043118,TRUE,16
2-3,-0.0214253857431393,0.0164101732631718,TRUE,16
3-3,-0.268398373334645,0.0292104256916538,TRUE,16
(Intercept):1,-1.01663559463317,0.0434957549685625,TRUE,16
(Intercept):2,-1.66728183041383,0.0582998871874716,TRUE,16
Covariate:1,0.446355792030886,0.0592102253040372,TRUE,16
Covariate:2,-0.522680427933873,0.077737694813395,TRUE,16
1-1,0.0920778780936332,0.0394473297732805,TRUE,16
1-2,-0.000291772493789515,0.0198654323680776,TRUE,16
1-3,-0.026516784874939,0.0133616781452696,FALSE,16
2-2,0.226030969211159,0.0532202288993543,TRUE,16
2-3,-0.0145789313621812,0.0155478190980143,TRUE,16
3-3,-0.231499693551084,0.029120864229591,TRUE,16
(Intercept):1,-1.13778971170732,0.0437175635227655,TRUE,16
(Intercept):2,-1.58297754801724,0.056204288325296,TRUE,16
Covariate:1,0.499634694188509,0.0672598315985105,TRUE,16
Covariate:2,-0.458071896483312,0.0786794539603596,TRUE,16
1-1,0.0609796462821274,0.0433180976368727,TRUE,16
1-2,-0.0167171901224482,0.0223388192995545,TRUE,16
1-3,0.0139085034642644,0.0144107458039715,TRUE,16
2-2,0.214726256737873,0.0593888089464285,TRUE,16
2-3,-0.0146523150160854,0.0167293413258762,TRUE,16
3-3,-0.187594626566006,0.0278199573519244,TRUE,16
(Intercept):1,-1.08948358724897,0.0404560053045725,TRUE,16
(Intercept):2,-1.61307685710664,0.0585262452261128,TRUE,16
Covariate:1,0.517554661260148,0.0653883650892885,TRUE,16
Covariate:2,-0.621301295877682,0.0764397189622133,TRUE,16
1-1,0.0789987638382183,0.0400015916083668,TRUE,16
1-2,0.000836309733757685,0.0220098397873034,TRUE,16
1-3,-0.0131225747815845,0.0132987243685591,TRUE,16
2-2,0.0270896084679048,0.0650288884162041,FALSE,16
2-3,-0.0217170651124368,0.0154847996657056,TRUE,16
3-3,-0.230716061852784,0.0292859833743195,TRUE,16
(Intercept):1,-1.09021712455378,0.0415579931574365,TRUE,16
(Intercept):2,-1.62674813784133,0.0589817733192813,TRUE,16
Covariate:1,0.597074587743919,0.0619742918676133,TRUE,16
Covariate:2,-0.457359930763737,0.0794739118086241,TRUE,16
1-1,0.082491938105756,0.0403072632432485,TRUE,16
1-2,-0.0277344363779241,0.0202997787723018,TRUE,16
1-3,-0.0154501019256175,0.0130200239281088,TRUE,16
2-2,0.119631439166886,0.0616024395244132,TRUE,16
2-3,-0.0181312287070316,0.01477248488008,TRUE,16
3-3,-0.22215838730646,0.0285732048660881,TRUE,16
(Intercept):1,-1.05994127032752,0.0433917194611928,TRUE,16
(Intercept):2,-1.60837731717344,0.0573446448150841,TRUE,16
Covariate:1,0.469133774839498,0.0660655365578416,TRUE,16
Covariate:2,-0.519093502496131,0.0715102618732776,TRUE,16
1-1,0.0816715652649479,0.0415002175381257,TRUE,16
1-2,0.0175608724676614,0.0201447688306402,TRUE,16
1-3,-0.0207413598914254,0.0137826848977994,TRUE,16
2-2,0.138573874576378,0.0611801230882941,TRUE,16
2-3,-0.0101777874401101,0.0154454752364631,TRUE,16
3-3,-0.237590883305544,0.029357929754908,TRUE,16
(Intercept):1,-1.11277024812044,0.0420289263250263,TRUE,16
(Intercept):2,-1.69970105206701,0.0593082847521184,TRUE,16
Covariate:1,0.500534582061496,0.0638270366634667,TRUE,16
Covariate:2,-0.483787438294651,0.0781190292497194,TRUE,16
1-1,0.0445697632336388,0.0417313840521953,TRUE,16
1-2,-0.00654186485729027,0.020477863201259,TRUE,16
1-3,0.0021251236132614,0.0128135462761313,TRUE,16
2-2,0.220374640720082,0.0540992326051498,TRUE,16
2-3,0.0215537923476642,0.0158476333567077,TRUE,16
3-3,-0.251767280436697,0.0277472122669859,TRUE,16
(Intercept):1,-1.07021534014089,0.0417886815031209,TRUE,16
(Intercept):2,-1.61025012078534,0.0555290125726139,TRUE,16
Covariate:1,0.545544870965389,0.0621177017447665,TRUE,16
Covariate:2,-0.448053066901229,0.0797362458900615,TRUE,16
1-1,0.0850075177087304,0.0395356896137909,TRUE,16
1-2,-0.0332180964258939,0.0205652411578052,TRUE,16
1-3,-0.011426773805626,0.0135729927706936,TRUE,16
2-2,0.183678764218499,0.0571480518335369,TRUE,16
2-3,-0.0053554174101793,0.0155913246569647,TRUE,16
3-3,-0.243601369950632,0.027938628584447,TRUE,16
(Intercept):1,-1.07446557133602,0.0444251600605712,TRUE,16
(Intercept):2,-1.64331503764393,0.0577558575436912,TRUE,16
Covariate:1,0.495217664121805,0.0651656094216228,TRUE,16
Covariate:2,-0.508092380141726,0.074952695159208,TRUE,16
1-1,0.0836676159718668,0.0401123797315365,TRUE,16
1-2,0.0321295649787849,0.0212107173399688,TRUE,16
1-3,-0.0189736722004333,0.0144201882592826,TRUE,16
2-2,0.172418597922079,0.0583768672547433,TRUE,16
2-3,0.00157971073750077,0.0161929673802667,TRUE,16
3-3,-0.229529915192792,0.0295436972209477,TRUE,16
(Intercept):1,-1.10690638259459,0.0421413531637661,TRUE,16
(Intercept):2,-1.6142183077096,0.0597562998279503,TRUE,16
Covariate:1,0.550046986669312,0.0598783086887034,TRUE,16
Covariate:2,-0.435267736294195,0.0774900619253926,TRUE,16
1-1,0.12582238077899,0.0385598109451087,TRUE,16
1-2,0.00593639588883004,0.0210795131709575,TRUE,16
1-3,0.0063844476664629,0.0146414558571221,TRUE,16
2-2,0.0478510485366923,0.0736475837082539,TRUE,16
2-3,0.00299788538750242,0.0171412861638037,TRUE,16
3-3,-0.212835595565941,0.028747781238493,TRUE,16
(Intercept):1,-1.13234476837852,0.0448998382617778,TRUE,16
(Intercept):2,-1.63924453694508,0.058956626234941,TRUE,16
Covariate:1,0.538108561445409,0.0660205813607547,TRUE,16
Covariate:2,-0.50080345243602,0.0793393857770356,TRUE,16
1-1,0.0764313828650754,0.0397430569967548,TRUE,16
1-2,0.0181512932368351,0.0210668295457211,TRUE,16
1-3,-0.0134107918597486,0.0140871101093496,TRUE,16
2-2,0.20847450339988,0.0520172641327971,TRUE,16
2-3,-0.00684535178240716,0.0162560433474992,TRUE,16
3-3,-0.248582223520029,0.0277002523881445,TRUE,16
(Intercept):1,-1.10904403521243,0.0425024539072345,TRUE,16
(Intercept):2,-1.69389737418549,0.0591194853220703,TRUE,16
Covariate:1,0.596585405163391,0.0632701586824736,TRUE,16
Covariate:2,-0.545352839114762,0.0756649654758902,TRUE,16
1-1,0.125936525057569,0.0413737850096396,TRUE,16
1-2,0.020035467838157,0.0223160919014642,TRUE,16
1-3,0.00739651658402962,0.014195398242127,TRUE,16
2-2,0.189498966068842,0.054240686703199,TRUE,16
2-3,0.0241493421948465,0.0168501285413541,TRUE,16
3-3,-0.192358582786192,0.0293549820826812,TRUE,16
(Intercept):1,-1.04045378989129,0.0431728977687294,TRUE,16
(Intercept):2,-1.55127367833001,0.0539232346299367,TRUE,16
Covariate:1,0.416805462517687,0.0635914255526913,TRUE,16
Covariate:2,-0.38860718317416,0.0746161547243235,TRUE,16
1-1,0.0843038149884043,0.0402279846656816,TRUE,16
1-2,0.0121130765336623,0.0202346878982484,TRUE,16
1-3,-0.0109310815289617,0.0136253673393763,TRUE,16
2-2,0.157033922845306,0.0552968571299288,TRUE,16
2-3,-0.00668777964883435,0.0157607997712166,TRUE,16
3-3,-0.219725922684621,0.0282344246245447,TRUE,16
(Intercept):1,-1.07788277384272,0.0435988881261669,TRUE,16
(Intercept):2,-1.66617063887272,0.055682333697051,TRUE,16
Covariate:1,0.455332555305137,0.065840879158487,TRUE,16
Covariate:2,-0.621228881243291,0.0723013793389715,TRUE,16
1-1,0.00971804341954351,0.0418501898067385,FALSE,16
1-2,-0.000961549810437686,0.0201316563472447,TRUE,16
1-3,-0.0260699244511901,0.0132789810079726,FALSE,16
2-2,0.160219864878467,0.0513061491581293,TRUE,16
2-3,-0.0106004644762133,0.0151169639784066,TRUE,16
3-3,-0.265608933494544,0.0273936802476825,TRUE,16
(Intercept):1,-1.09780702240707,0.0434956108479939,TRUE,16
(Intercept):2,-1.50980975193558,0.0537641687491977,TRUE,16
Covariate:1,0.483440367796528,0.0636597628342923,TRUE,16
Covariate:2,-0.539241657821427,0.0749827035300196,TRUE,16
1-1,0.19878109249099,0.0358798371847829,FALSE,16
1-2,-0.0559268827960106,0.0221403701232921,FALSE,16
1-3,0.00476993022471403,0.0136773683166103,TRUE,16
2-2,0.158590447784467,0.0576582559361055,TRUE,16
2-3,0.00564931705787579,0.016039502008806,TRUE,16
3-3,-0.199247651444408,0.0297965969229718,TRUE,16
(Intercept):1,-1.0632024385507,0.0424161702221709,TRUE,16
(Intercept):2,-1.51616243857776,0.057494143498025,TRUE,16
Covariate:1,0.478143094186657,0.0648474985516195,TRUE,16
Covariate:2,-0.422494724004692,0.0791053415158245,TRUE,16
1-1,0.057696633156819,0.0414181436323972,TRUE,16
1-2,-0.0409300807911402,0.0218469502587989,TRUE,16
1-3,-0.0146576427793404,0.013947042335754,TRUE,16
2-2,0.0812381883193548,0.0649510548644996,TRUE,16
2-3,-0.0383739152429929,0.0167338249531741,FALSE,16
3-3,-0.291229181436693,0.0307584577556777,FALSE,16
(Intercept):1,-1.05138491764389,0.0443341779417252,TRUE,16
(Intercept):2,-1.53471595671358,0.0557445467308344,TRUE,16
Covariate:1,0.552622031727347,0.0646418924336358,TRUE,16
Covariate:2,-0.529040875088891,0.0774032979339732,TRUE,16
1-1,0.103242845764387,0.0413961165619671,TRUE,16
1-2,-0.0403710102264077,0.0217323209847431,TRUE,16
1-3,-0.00533161840732219,0.0141921421701859,TRUE,16
2-2,0.262152764420334,0.0503511295600885,TRUE,16
2-3,-0.0118446300006025,0.0154584712138993,TRUE,16
3-3,-0.222817782690596,0.0283368393113504,TRUE,16
(Intercept):1,-1.1465650166554,0.0416200672632199,TRUE,16
(Intercept):2,-1.6532838941089,0.0555433345525383,TRUE,16
Covariate:1,0.480028527229445,0.0634900694354574,TRUE,16
Covariate:2,-0.554744822048,0.0754415500361881,TRUE,16
1-1,0.0504436789209215,0.0456074875462461,TRUE,16
1-2,0.0126694756569741,0.0212052143577352,TRUE,16
1-3,-0.000540022991732388,0.0135690835233633,TRUE,16
2-2,0.216533552937702,0.05116552341354,TRUE,16
2-3,-0.00935282835444502,0.0158049955390632,TRUE,16
3-3,-0.243381431228585,0.0275219330547034,TRUE,16
(Intercept):1,-1.03780866512431,0.0437587061134949,TRUE,16
(Intercept):2,-1.49845265489226,0.056962619796648,TRUE,16
Covariate:1,0.48770548732296,0.0655156032330391,TRUE,16
Covariate:2,-0.463900699166904,0.0785040596272123,TRUE,16
1-1,0.00559013140409844,0.0461130057461695,TRUE,16
1-2,-0.0346160760655742,0.0221347753168265,TRUE,16
1-3,-0.0108064146815114,0.0141946645137821,TRUE,16
2-2,0.0556669953134568,0.0598894649852288,FALSE,16
2-3,-0.0171779045646495,0.0156936418679104,TRUE,16
3-3,-0.203748863832177,0.0275463952154448,TRUE,16
(Intercept):1,-1.10030621039907,0.0418084705765805,TRUE,16
(Intercept):2,-1.58465754052062,0.0588089892366673,TRUE,16
Covariate:1,0.385434337644054,0.0637604367667413,TRUE,16
Covariate:2,-0.613880241835991,0.0801403176197286,TRUE,16
1-1,0.125815526166008,0.038608394479598,TRUE,16
1-2,0.00393419349484742,0.0200015136805808,TRUE,16
1-3,-0.00897282656738334,0.0135313856858005,TRUE,16
2-2,0.117841289942701,0.0568309356689492,TRUE,16
2-3,-0.0184358072987023,0.0160820160743819,TRUE,16
3-3,-0.210872041145053,0.0265487478621519,TRUE,16
(Intercept):1,-1.09106441949592,0.0448168189385506,TRUE,16
(Intercept):2,-1.64051419496316,0.058862312056618,TRUE,16
Covariate:1,0.433632394680633,0.0667510552477082,TRUE,16
Covariate:2,-0.529702187377686,0.0765005318169014,TRUE,16
1-1,0.101393781160677,0.0396965314556775,TRUE,16
1-2,-0.0309225232340189,0.0219174259259679,TRUE,16
1-3,-0.0239509606448614,0.0137977723062372,TRUE,16
2-2,0.210408288818131,0.0522090364193657,TRUE,16
2-3,-0.0144663874775261,0.0156566773183345,TRUE,16
3-3,-0.24558811709221,0.028558317958452,TRUE,16
(Intercept):1,-1.04975722138252,0.042444358297152,TRUE,16
(Intercept):2,-1.5669199783125,0.0586257633593329,TRUE,16
Covariate:1,0.545289751333911,0.0638593979545442,TRUE,16
Covariate:2,-0.579025596283722,0.0745191130905878,TRUE,16
1-1,0.0400195749150867,0.0412140060587496,TRUE,16
1-2,-0.00310454097663125,0.0220983241109284,TRUE,16
1-3,0.00932257565689989,0.0138103076169801,TRUE,16
2-2,0.2036918446843,0.0561391119340146,TRUE,16
2-3,-0.00498290244901794,0.0166210290136712,TRUE,16
3-3,-0.180244478970224,0.0276786319287369,TRUE,16
(Intercept):1,-1.09161489008646,0.0432512099965723,TRUE,16
(Intercept):2,-1.66131545430274,0.0581103717804027,TRUE,16
Covariate:1,0.522344872399741,0.0604629762024541,TRUE,16
Covariate:2,-0.329913881621931,0.0810818079689516,FALSE,16
1-1,0.11409484277333,0.0417326210185738,TRUE,16
1-2,0.00556489141532438,0.0211816436457319,TRUE,16
1-3,-0.0123419484252469,0.0145880110231372,TRUE,16
2-2,0.184189555740904,0.0612546983869014,TRUE,16
2-3,-0.00141261283369973,0.0167288328871902,TRUE,16
3-3,-0.243948365479601,0.0297458119974446,TRUE,16
(Intercept):1,-1.07463886826228,0.0425799735267333,TRUE,16
(Intercept):2,-1.56687992011753,0.0567964472041277,TRUE,16
Covariate:1,0.422250639703437,0.0625820190837898,TRUE,16
Covariate:2,-0.485112170828278,0.0759817709376355,TRUE,16
1-1,0.151763343634794,0.0411364225072706,TRUE,16
1-2,-0.00966323809247176,0.0204023940893526,TRUE,16
1-3,-0.0268204982097718,0.0132504503860657,FALSE,16
2-2,0.0597296356629434,0.0616378850462276,FALSE,16
2-3,-0.00666334788314351,0.0149394935392645,TRUE,16
3-3,-0.230021752972397,0.0274841448305431,TRUE,16
(Intercept):1,-1.14832947549932,0.0442474534775926,TRUE,16
(Intercept):2,-1.61901447075672,0.0581059162217158,TRUE,16
Covariate:1,0.491374886453769,0.0623377013155333,TRUE,16
Covariate:2,-0.64596655992899,0.0848585072014071,TRUE,16
1-1,0.0390935997972368,0.0440220065722647,TRUE,16
1-2,-0.0127301382871638,0.0225461801967185,TRUE,16
1-3,-0.00711084238644533,0.0145987756061567,TRUE,16
2-2,0.0857263873157837,0.0637818016607143,TRUE,16
2-3,-0.0127109851404515,0.0160844459305384,TRUE,16
3-3,-0.253582243635849,0.0288242092033593,TRUE,16
(Intercept):1,-1.05759398093422,0.0435014559222343,TRUE,16
(Intercept):2,-1.57653329301571,0.0568405384481394,TRUE,16
Covariate:1,0.527957779074016,0.0656604940092152,TRUE,16
Covariate:2,-0.421721200778469,0.0832926654952517,TRUE,16
1-1,0.048589963598128,0.0400395290344626,TRUE,16
1-2,-0.0169170104521399,0.0217374331678258,TRUE,16
1-3,-0.0243620991774974,0.01472439045232,TRUE,16
2-2,0.0908012073358779,0.063741997465373,TRUE,16
2-3,-0.0165357952848391,0.0158068584993064,TRUE,16
3-3,-0.254793787729599,0.0290761857033183,TRUE,16
(Intercept):1,-1.13572555052951,0.0432167229377421,TRUE,16
(Intercept):2,-1.63053506075304,0.0578796992540872,TRUE,16
Covariate:1,0.48712536504089,0.0674220168874489,TRUE,16
Covariate:2,-0.602966281034719,0.0778132544633199,TRUE,16
1-1,0.0605939181792447,0.0429653430485495,TRUE,16
1-2,0.00472021941006518,0.0218983627337214,TRUE,16
1-3,0.0043274479706152,0.0141079416861183,TRUE,16
2-2,0.219298799674168,0.0600421886623602,TRUE,16
2-3,0.00382439278387677,0.0162870321312657,TRUE,16
3-3,-0.247269945186226,0.0295670264904921,TRUE,16
(Intercept):1,-1.03308984123809,0.0431021460254704,TRUE,16
(Intercept):2,-1.56571643068077,0.0580981324665126,TRUE,16
Covariate:1,0.561104207157651,0.0600954693285814,TRUE,16
Covariate:2,-0.595183157243149,0.0786183531027644,TRUE,16
1-1,0.0229481911858985,0.0406180610377928,TRUE,16
1-2,-0.0179997805046457,0.0215561399339424,TRUE,16
1-3,-0.00131138515354051,0.0138917864382748,TRUE,16
2-2,0.0586338073746151,0.0634074358587202,TRUE,16
2-3,-0.0185992699849046,0.0168079716419671,TRUE,16
3-3,-0.192011786279146,0.0272129048165587,TRUE,16
(Intercept):1,-1.13835138408264,0.0448243798367631,TRUE,16
(Intercept):2,-1.68368302510761,0.0595265581491986,TRUE,16
Covariate:1,0.426007923826214,0.062813682260994,TRUE,16
Covariate:2,-0.582339105871448,0.0760797707456991,TRUE,16
1-1,0.0858215836459921,0.0449940083131818,TRUE,16
1-2,0.01141125441303,0.0215839803776136,TRUE,16
1-3,0.00651219165877669,0.0137828471779933,TRUE,16
2-2,0.189142123750636,0.0590651205972836,TRUE,16
2-3,-0.00363846722446791,0.0159922878617871,TRUE,16
3-3,-0.240609668168418,0.0283411119050702,TRUE,16
(Intercept):1,-1.06846106835091,0.0414852546013553,TRUE,16
(Intercept):2,-1.63653958819617,0.0582983418566899,TRUE,16
Covariate:1,0.522280176456084,0.0646509044150885,TRUE,16
Covariate:2,-0.571398620741144,0.0763121805989796,TRUE,16
1-1,0.0199458084175956,0.0403853709301987,TRUE,16
1-2,-0.0305889141419724,0.0202290163561768,TRUE,16
1-3,-0.0327214452883987,0.0145128115001278,FALSE,16
2-2,0.144777520170104,0.0599879772986504,TRUE,16
2-3,-0.0161939519876301,0.0158051341795827,TRUE,16
3-3,-0.276076882180129,0.0291536025797807,TRUE,16
(Intercept):1,-1.01335402045175,0.0432047268081477,FALSE,16
(Intercept):2,-1.58035152721595,0.0547606226926796,TRUE,16
Covariate:1,0.342947915772997,0.0642806591813057,FALSE,16
Covariate:2,-0.485138244069306,0.0739615033491449,TRUE,16
1-1,0.0647109062171515,0.0425771850085432,TRUE,16
1-2,-0.0191164011226052,0.0214910373959333,TRUE,16
1-3,-0.00900716083291275,0.0142535185884626,TRUE,16
2-2,0.191802687184116,0.0574240548874149,TRUE,16
2-3,-0.00121657406096711,0.0155549642879064,TRUE,16
3-3,-0.191015979636861,0.0286468192664942,TRUE,16
(Intercept):1,-1.07715413103018,0.0414792074829426,TRUE,16
(Intercept):2,-1.65092176550282,0.0558746166351805,TRUE,16
Covariate:1,0.491924198201614,0.0602427014857106,TRUE,16
Covariate:2,-0.49504066280931,0.0762592717111218,TRUE,16
1-1,0.108962370312098,0.0400184158738533,TRUE,16
1-2,0.0170166134666627,0.0209523359680018,TRUE,16
1-3,-0.0210871048414287,0.0129195743997826,TRUE,16
2-2,0.149127427451965,0.0619207454258696,TRUE,16
2-3,-0.0108549044242255,0.015329246144426,TRUE,16
3-3,-0.245067490741176,0.028196707263595,TRUE,16
(Intercept):1,-1.01277868637564,0.0437696287411223,FALSE,16
(Intercept):2,-1.68157597442135,0.0586131013055859,TRUE,16
Covariate:1,0.476017411846587,0.0651844066216512,TRUE,16
Covariate:2,-0.639984709377713,0.0814382975048246,TRUE,16
1-1,0.0220497224625346,0.0434509743424351,TRUE,16
1-2,-0.00641106447016472,0.0218626099733549,TRUE,16
1-3,-0.00603076836078453,0.0137559309995394,TRUE,16
2-2,0.2291028679566,0.0577528097833457,TRUE,16
2-3,0.00517065642868804,0.0162678341675665,TRUE,16
3-3,-0.215163126023134,0.0296392141964631,TRUE,16
(Intercept):1,-1.11817487802241,0.0429596042650765,TRUE,16
(Intercept):2,-1.58402911047167,0.0561721453296184,TRUE,16
Covariate:1,0.457548531593682,0.0665199517290002,TRUE,16
Covariate:2,-0.485785916130486,0.0779525598815794,TRUE,16
1-1,0.125504935569129,0.0403056198334876,TRUE,16
1-2,-0.0231038898839255,0.0215694576934153,TRUE,16
1-3,-0.00123619949759831,0.0138273265592247,TRUE,16
2-2,0.172438387031292,0.0579364481422,TRUE,16
2-3,-6.87588159450559e-05,0.0154157984570895,TRUE,16
3-3,-0.233673182102165,0.0288891758050063,TRUE,16
(Intercept):1,-1.05480393352017,0.0419585438087606,TRUE,16
(Intercept):2,-1.66411941932315,0.057568284952819,TRUE,16
Covariate:1,0.589683467444545,0.0658256779646881,TRUE,16
Covariate:2,-0.540909005329812,0.0800447485962205,TRUE,16
1-1,0.0429441604723436,0.0366773190977539,TRUE,16
1-2,-0.0129856344732762,0.0207313432888756,TRUE,16
1-3,-0.00328394024533085,0.0139312365155156,TRUE,16
2-2,0.181820337904106,0.0589757758985412,TRUE,16
2-3,0.00474538689488569,0.0167080914841334,TRUE,16
3-3,-0.274358460782967,0.029473009871545,TRUE,16
(Intercept):1,-1.13627459022795,0.0437807304981303,TRUE,16
(Intercept):2,-1.61530518743101,0.056570801073069,TRUE,16
Covariate:1,0.509318640857469,0.0656698745990149,TRUE,16
Covariate:2,-0.471482698880173,0.074396326775758,TRUE,16
1-1,0.088175356530342,0.0407848891944942,TRUE,16
1-2,-0.0101224395763759,0.0229528293312977,TRUE,16
1-3,-0.00423324062909983,0.0138239103462056,TRUE,16
2-2,0.195953676641489,0.055496788069261,TRUE,16
2-3,-0.00722907977812823,0.0149515918897302,TRUE,16
3-3,-0.220167056771903,0.0280297107194344,TRUE,16
(Intercept):1,-1.065841442431,0.0409219258791188,TRUE,16
(Intercept):2,-1.64780017528924,0.0578444328811506,TRUE,16
Covariate:1,0.391882171760467,0.0621421818606936,TRUE,16
Covariate:2,-0.341280096915394,0.0737747516471395,FALSE,16
1-1,0.0850519060439214,0.0427822092494183,TRUE,16
1-2,0.00446180661684157,0.0210654105961384,TRUE,16
1-3,-0.0279367400342706,0.0140595088243871,FALSE,16
2-2,0.242818230720859,0.054005397614293,TRUE,16
2-3,-0.00809113315912777,0.0160505934113654,TRUE,16
3-3,-0.233489571365039,0.0289092263244359,TRUE,16
(Intercept):1,-1.06847531460323,0.0419005609169151,TRUE,16
(Intercept):2,-1.5248054982427,0.0571114881295989,TRUE,16
Covariate:1,0.466663143182871,0.061545820808487,TRUE,16
Covariate:2,-0.407573810443074,0.0760271166248721,TRUE,16
1-1,0.0693372558042187,0.0408873131627731,TRUE,16
1-2,-0.00977351653398401,0.0204796630843268,TRUE,16
1-3,-0.0220272503220114,0.0141223671533839,TRUE,16
2-2,0.121557310967933,0.0594329739453304,TRUE,16
2-3,-0.040882127933793,0.0160502484733922,FALSE,16
3-3,-0.225025678208494,0.0284695438195482,TRUE,16
(Intercept):1,-1.04781124288319,0.0424850239481173,TRUE,16
(Intercept):2,-1.58109260575403,0.0602660473756355,TRUE,16
Covariate:1,0.484869051489117,0.0670448292341907,TRUE,16
Covariate:2,-0.437650226345617,0.0736725780171305,TRUE,16
1-1,0.0568984240382968,0.0396702525174414,TRUE,16
1-2,-0.0283956389090169,0.0210987715548446,TRUE,16
1-3,-0.0203410133720671,0.0135944570751976,TRUE,16
2-2,0.194900457087575,0.0572334402902712,TRUE,16
2-3,-0.0264395768372795,0.0157863457455122,TRUE,16
3-3,-0.209779754994974,0.0282483361332433,TRUE,16
(Intercept):1,-1.09362308252809,0.0420188370812174,TRUE,16
(Intercept):2,-1.51159358568317,0.0576990275018533,TRUE,16
Covariate:1,0.54534850333717,0.065300158146265,TRUE,16
Covariate:2,-0.394196555570524,0.0785592747977571,TRUE,16
1-1,0.085309161113311,0.0441979136642434,TRUE,16
1-2,-0.0123532629530869,0.0222660365940118,TRUE,16
1-3,-0.00408853846639851,0.0137562756240844,TRUE,16
2-2,0.235895064333049,0.0516680154190299,TRUE,16
2-3,-0.0233392420056515,0.0162760797742376,TRUE,16
3-3,-0.222239951353537,0.0297704961225613,TRUE,16
(Intercept):1,-1.05024502073008,0.0423166456549602,TRUE,16
(Intercept):2,-1.55978230273462,0.0546043236153811,TRUE,16
Covariate:1,0.468072227549398,0.064134104506642,TRUE,16
Covariate:2,-0.49994607240013,0.0771012801349721,TRUE,16
1-1,0.142357957407451,0.038736842547326,TRUE,16
1-2,-0.0431371329598673,0.0214259422736758,FALSE,16
1-3,-0.029789268934877,0.0140690693551348,FALSE,16
2-2,0.0999747835593286,0.0585795987567906,TRUE,16
2-3,-0.0047057963465117,0.0156454417927433,TRUE,16
3-3,-0.25102630667226,0.0277956344366408,TRUE,16
(Intercept):1,-1.08926248820069,0.0430599134951646,TRUE,16
(Intercept):2,-1.6088599193935,0.0580716504139132,TRUE,16
Covariate:1,0.507110978022014,0.0631358153140655,TRUE,16
Covariate:2,-0.448627790590303,0.079727306046887,TRUE,16
1-1,0.166030999856135,0.037086111456185,TRUE,16
1-2,0.0123218845880861,0.022689354117955,TRUE,16
1-3,-0.00245289333297471,0.0141161358608175,TRUE,16
2-2,0.130716079067952,0.0597649115175871,TRUE,16
2-3,0.00747363977699279,0.0160622251175905,TRUE,16
3-3,-0.197451753232953,0.0287538166745535,TRUE,16
(Intercept):1,-1.08896069255224,0.0432261602244996,TRUE,16
(Intercept):2,-1.49513174395175,0.0558719449444411,FALSE,16
Covariate:1,0.457631873587746,0.0645448794073831,TRUE,16
Covariate:2,-0.469365906136716,0.0778508657920664,TRUE,16
1-1,0.0847634348334722,0.0409883120725015,TRUE,16
1-2,-0.0105555066870599,0.0214139988488047,TRUE,16
1-3,-0.0133913721876545,0.0139532038686901,TRUE,16
2-2,0.0809464373000881,0.065382403610184,TRUE,16
2-3,-0.0201034985464894,0.015695498259806,TRUE,16
3-3,-0.239922522624914,0.0296334893650158,TRUE,16
(Intercept):1,-1.02874272518581,0.0405669963115131,TRUE,16
(Intercept):2,-1.627416816533,0.0561389389003145,TRUE,16
Covariate:1,0.443078892230105,0.0625494729960144,TRUE,16
Covariate:2,-0.500138025807298,0.074839653175423,TRUE,16
1-1,0.0321116050113163,0.0412210124659463,TRUE,16
1-2,-0.0428235279593293,0.0210710157890321,FALSE,16
1-3,-0.0321576252315154,0.0132772466288975,FALSE,16
2-2,0.219966344024201,0.0576017117180459,TRUE,16
2-3,-0.025999235013397,0.015725868909031,TRUE,16
3-3,-0.249060343438911,0.028948639177726,TRUE,16
(Intercept):1,-1.05908313796591,0.0436655467881109,TRUE,16
(Intercept):2,-1.62355221094682,0.0588513817367389,TRUE,16
Covariate:1,0.46592993438843,0.0616556425222295,TRUE,16
Covariate:2,-0.548141761828225,0.07834829840292,TRUE,16
1-1,0.114297894220008,0.041342116410153,TRUE,16
1-2,0.00990812686350322,0.0203708455212769,TRUE,16
1-3,-0.0129113066803372,0.0142872643113681,TRUE,16
2-2,0.222580839570213,0.0533209437997353,TRUE,16
2-3,-0.0229052851995141,0.01624501676856,TRUE,16
3-3,-0.203718097655718,0.0299085440116066,TRUE,16
(Intercept):1,-1.12916510344382,0.042848767216467,TRUE,16
(Intercept):2,-1.68617341257998,0.0598390678987934,TRUE,16
Covariate:1,0.507247650073422,0.0657726481888323,TRUE,16
Covariate:2,-0.530751069320092,0.0784857318687195,TRUE,16
1-1,0.0970691087624073,0.0406091454706792,TRUE,16
1-2,-0.000163251377976442,0.0212589629613577,TRUE,16
1-3,-0.0180049595242228,0.0139882309441503,TRUE,16
2-2,0.175796928057845,0.0539817358580199,TRUE,16
2-3,-0.00296724338340559,0.0164001187178808,TRUE,16
3-3,-0.253432319596938,0.0278088220968563,TRUE,16
(Intercept):1,-1.08700788156172,0.0434038635529032,TRUE,16
(Intercept):2,-1.62783921640821,0.0571574961740677,TRUE,16
Covariate:1,0.547949299375446,0.0651852342732503,TRUE,16
Covariate:2,-0.59287345134191,0.0757378535270103,TRUE,16
1-1,0.152373120221129,0.040475189927602,TRUE,16
1-2,0.0308263313075883,0.01986450351757,TRUE,16
1-3,-0.00708061052309418,0.0131175748282663,TRUE,16
2-2,0.246659880298994,0.0554909207931255,TRUE,16
2-3,0.00074523855941147,0.0159177973642076,TRUE,16
3-3,-0.202642688544545,0.0302617360530968,TRUE,16
(Intercept):1,-1.06128109214131,0.0409247203498386,TRUE,16
(Intercept):2,-1.53880543128246,0.0555194731504761,TRUE,16
Covariate:1,0.445597676279681,0.0628874011854543,TRUE,16
Covariate:2,-0.490695735898374,0.0786541829066761,TRUE,16
1-1,0.102737746497148,0.0393363910129216,TRUE,16
1-2,-0.016765593389706,0.0191512224607669,TRUE,16
1-3,-0.00234533018953167,0.0127661703583429,TRUE,16
2-2,0.171349196501275,0.0520791221213133,TRUE,16
2-3,-0.00117376402784087,0.0146465436005176,TRUE,16
3-3,-0.239845206826999,0.0289914166671939,TRUE,16
(Intercept):1,-1.11201938170305,0.0426011617562691,TRUE,16
(Intercept):2,-1.53536577886528,0.0557634830068261,TRUE,16
Covariate:1,0.522088614400666,0.063706822438072,TRUE,16
Covariate:2,-0.551734358081231,0.0800197683985495,TRUE,16
1-1,0.13589354262336,0.0387364191403229,TRUE,16
1-2,-0.028067038889371,0.0200350443494974,TRUE,16
1-3,-0.0293203890810187,0.0142420378932474,FALSE,16
2-2,0.110644083371475,0.057294709106602,TRUE,16
2-3,-0.0590138145690884,0.0164032534348724,FALSE,16
3-3,-0.266610760276369,0.0288003829356919,TRUE,16
(Intercept):1,-1.03982340215842,0.0439095001578113,TRUE,16
(Intercept):2,-1.54785463495181,0.0546275422796982,TRUE,16
Covariate:1,0.467352245691926,0.0624818993397414,TRUE,16
Covariate:2,-0.599666427872434,0.0748638585867683,TRUE,16
1-1,0.10765615164777,0.0393574918053925,TRUE,16
1-2,0.00304349922619625,0.0211894691110124,TRUE,16
1-3,-0.0193459377738301,0.0138944324703865,TRUE,16
2-2,0.150770984376426,0.0630619770561273,TRUE,16
2-3,-0.00370462220193781,0.0152102458973535,TRUE,16
3-3,-0.201116140015686,0.0284923084002397,TRUE,16
(Intercept):1,-1.01999008206224,0.0410906682186617,TRUE,16
(Intercept):2,-1.52182172762611,0.0564930754563171,TRUE,16
Covariate:1,0.439780883266437,0.0636844202087235,TRUE,16
Covariate:2,-0.427868284284422,0.0794839916040423,TRUE,16
1-1,0.0929422974804816,0.0422062024929104,TRUE,16
1-2,-0.0330126782373024,0.019982120673934,TRUE,16
1-3,-0.0110167528766399,0.0130481819433066,TRUE,16
2-2,0.119459509780318,0.0626280988042951,TRUE,16
2-3,-0.00693405302756256,0.0159166473148854,TRUE,16
3-3,-0.221936113738723,0.030352295561277,TRUE,16
(Intercept):1,-1.10573373642564,0.0409769442086954,TRUE,16
(Intercept):2,-1.58227985763478,0.0581319906563539,TRUE,16
Covariate:1,0.479076046894586,0.0650082570558792,TRUE,16
Covariate:2,-0.491952834801,0.0710823431902009,TRUE,16
1-1,0.116140406988316,0.0406329405397264,TRUE,16
1-2,-0.00986659985034111,0.0211120342183673,TRUE,16
1-3,-0.0136045897309368,0.0137890223632354,TRUE,16
2-2,0.250902201514001,0.0508006736320905,TRUE,16
2-3,-0.0246814233885574,0.0157019731884644,TRUE,16
3-3,-0.24468675102687,0.0289605637720657,TRUE,16
(Intercept):1,-1.0727778177655,0.0413340648218332,TRUE,16
(Intercept):2,-1.54745941425434,0.0577407439788755,TRUE,16
Covariate:1,0.52828206222043,0.0588617461758239,TRUE,16
Covariate:2,-0.508537034026345,0.080313613149436,TRUE,16
1-1,0.0565735657926832,0.0407112870080847,TRUE,16
1-2,-0.000783974997172645,0.020448190554112,TRUE,16
1-3,-0.034123445400709,0.0133954005454682,FALSE,16
2-2,0.0877678326531947,0.0592730905113468,TRUE,16
2-3,-0.0462404797280202,0.0158927702808134,FALSE,16
3-3,-0.244443876234572,0.0283425996564277,TRUE,16
(Intercept):1,-1.04597021736479,0.0431699981853579,TRUE,16
(Intercept):2,-1.59859693039708,0.0556608523085224,TRUE,16
Covariate:1,0.461175300480597,0.066502768080243,TRUE,16
Covariate:2,-0.360368801642921,0.0761897009049776,TRUE,16
1-1,0.0967625546667236,0.0370643054368538,TRUE,16
1-2,-0.0417727910834379,0.0210254418799499,FALSE,16
1-3,-0.00835842302609335,0.0139340390555107,TRUE,16
2-2,0.220998028480421,0.0557745230105142,TRUE,16
2-3,0.00962695052994505,0.016621976311143,TRUE,16
3-3,-0.252351468747027,0.0286089561168848,TRUE,16
(Intercept):1,-1.11400599752261,0.041965028868846,TRUE,16
(Intercept):2,-1.59101818998248,0.0575387153660294,TRUE,16
Covariate:1,0.495325539408214,0.0631665593488906,TRUE,16
Covariate:2,-0.565002659870395,0.0782015794942391,TRUE,16
1-1,0.095180894105017,0.040694353269857,TRUE,16
1-2,-0.0259614351626985,0.0203536264046771,TRUE,16
1-3,-0.0196037865729743,0.0133099933731561,TRUE,16
2-2,0.126527673799484,0.0564508622732534,TRUE,16
2-3,-0.0120953012462441,0.015858274040706,TRUE,16
3-3,-0.251863752410534,0.0278031599019793,TRUE,16
(Intercept):1,-1.14288403719812,0.0435585805116024,TRUE,16
(Intercept):2,-1.59994548878202,0.0572619536380289,TRUE,16
Covariate:1,0.462314026452915,0.0669019260441844,TRUE,16
Covariate:2,-0.605828546824467,0.0750454758057192,TRUE,16
1-1,0.131279952487132,0.0400906770973902,TRUE,16
1-2,0.0367723383249728,0.021770550979976,TRUE,16
1-3,-0.000737161356104981,0.014108653544351,TRUE,16
2-2,0.0813653525588457,0.0602938738960635,TRUE,16
2-3,-0.00672268745963768,0.0164691939766712,TRUE,16
3-3,-0.267292101399815,0.029095598901885,TRUE,16
(Intercept):1,-1.04893455900895,0.043128225447041,TRUE,16
(Intercept):2,-1.55434866996588,0.0563960103081559,TRUE,16
Covariate:1,0.564285503368369,0.0640931339511719,TRUE,16
Covariate:2,-0.519448131045795,0.0742453081794083,TRUE,16
1-1,0.0744756410434732,0.0402807879311668,TRUE,16
1-2,-0.0173784807852854,0.0218294403639757,TRUE,16
1-3,-0.0155683310603463,0.0143199361704265,TRUE,16
2-2,0.186043748685378,0.0589123332353683,TRUE,16
2-3,0.00752246820183925,0.0161697632524508,TRUE,16
3-3,-0.171141956642151,0.0282319122799398,TRUE,16
(Intercept):1,-1.10764838084303,0.0434878663201991,TRUE,16
(Intercept):2,-1.59253536065346,0.0557784904901324,TRUE,16
Covariate:1,0.453118694613497,0.0667206629150482,TRUE,16
Covariate:2,-0.404211034868037,0.0793734114857813,TRUE,16
1-1,0.149315697636535,0.0427468340927817,TRUE,16
1-2,0.0195016409468212,0.0215514131413641,TRUE,16
1-3,0.0107005077355183,0.0140551929018952,TRUE,16
2-2,0.235609353695371,0.0530657894971593,TRUE,16
2-3,-0.018555621764474,0.0159341762633158,TRUE,16
3-3,-0.173073057193148,0.0298812621845914,TRUE,16
(Intercept):1,-1.11971816117234,0.0433571329238921,TRUE,16
(Intercept):2,-1.61055708284835,0.0603294865461154,TRUE,16
Covariate:1,0.45349404597122,0.063901756751582,TRUE,16
Covariate:2,-0.549306239319933,0.0767857523724412,TRUE,16
1-1,0.144557475555502,0.0374277011505823,TRUE,16
1-2,-0.0114257171561179,0.0212001356568439,TRUE,16
1-3,-0.00310534468883256,0.0141041750257398,TRUE,16
2-2,0.159318359628105,0.0607975543521464,TRUE,16
2-3,-0.0163827971374683,0.0166803787107567,TRUE,16
3-3,-0.217598195213618,0.0284900631429691,TRUE,16
(Intercept):1,-1.14230494576953,0.0411561043912304,TRUE,16
(Intercept):2,-1.61548217544316,0.0553603706826606,TRUE,16
Covariate:1,0.470149781329491,0.0596812691266214,TRUE,16
Covariate:2,-0.414056098106856,0.0761263426406865,TRUE,16
1-1,0.179582576540727,0.0388408642827126,FALSE,16
1-2,-0.00976492373552047,0.0219643002191191,TRUE,16
1-3,0.000297969763677151,0.0139470070339336,TRUE,16
2-2,0.140977388711768,0.0640595520047043,TRUE,16
2-3,-0.00164744033237906,0.0163720212620742,TRUE,16
3-3,-0.197574372151486,0.0283202971558279,TRUE,16
(Intercept):1,-1.07762552578326,0.0443053068959905,TRUE,16
(Intercept):2,-1.70054315246022,0.0566382332801055,TRUE,16
Covariate:1,0.52868176608557,0.0654010512863714,TRUE,16
Covariate:2,-0.544395946931782,0.0791090902870603,TRUE,16
1-1,0.0595861910821537,0.0415362678295564,TRUE,16
1-2,-0.002244232429321,0.0225971302775812,TRUE,16
1-3,-0.00576701331856297,0.0144082935576959,TRUE,16
2-2,0.207354004155302,0.0574431711838806,TRUE,16
2-3,0.00581598054246271,0.0163163547555781,TRUE,16
3-3,-0.219481753055171,0.0296076525996707,TRUE,16
(Intercept):1,-1.07462332134934,0.0426467232413434,TRUE,16
(Intercept):2,-1.63843204139172,0.0539337086783347,TRUE,16
Covariate:1,0.456072958213441,0.0639103550413945,TRUE,16
Covariate:2,-0.547300646525518,0.0771251128362813,TRUE,16
1-1,0.101340979132078,0.0394324539134557,TRUE,16
1-2,0.0121494451178585,0.0204686745079811,TRUE,16
1-3,-0.0221047151943713,0.0139515039686833,TRUE,16
2-2,0.227507425914504,0.0573499492073666,TRUE,16
2-3,-0.0197997466673633,0.0148758716197503,TRUE,16
3-3,-0.217221827813702,0.0293469713283394,TRUE,16
(Intercept):1,-1.07946823493113,0.0436669467424055,TRUE,16
(Intercept):2,-1.64958160727116,0.0626338385866671,TRUE,16
Covariate:1,0.453035117554313,0.0638635951725764,TRUE,16
Covariate:2,-0.524533815453436,0.0816027691431039,TRUE,16
1-1,0.0641279976273462,0.0440268105165032,TRUE,16
1-2,-0.0269545201566309,0.0227825893784445,TRUE,16
1-3,-0.0228041656452563,0.0146981340110808,TRUE,16
2-2,0.156706029163985,0.0534298712158259,TRUE,16
2-3,-0.00451948287084037,0.0174807075239256,TRUE,16
3-3,-0.267992868134601,0.029992924192813,TRUE,16
(Intercept):1,-1.06045329168887,0.0422035458126592,TRUE,16
(Intercept):2,-1.59142948654501,0.0566801965873664,TRUE,16
Covariate:1,0.517238176988334,0.0626999212951747,TRUE,16
Covariate:2,-0.469358989001855,0.0795242691806031,TRUE,16
1-1,0.0564119540548544,0.0436137903000568,TRUE,16
1-2,-0.033894284011086,0.0222894518077925,TRUE,16
1-3,-0.0175857059463166,0.0144288508841569,TRUE,16
2-2,0.310419032950429,0.0507851325435854,FALSE,16
2-3,-0.0286253902440694,0.0161433653249301,TRUE,16
3-3,-0.222079953798583,0.0291311419688824,TRUE,16
(Intercept):1,-1.02065407435108,0.0428733232368897,TRUE,16
(Intercept):2,-1.73512633385165,0.0577025393989296,FALSE,16
Covariate:1,0.458030790061309,0.0621034244945826,TRUE,16
Covariate:2,-0.483464895864914,0.0831107106120927,TRUE,16
1-1,0.00441447063601461,0.0445331485519422,FALSE,16
1-2,-0.00291638612504091,0.0223190129098338,TRUE,16
1-3,0.0144054760624314,0.0144208762409805,TRUE,16
2-2,0.185697551583961,0.058481178828966,TRUE,16
2-3,0.0527405339650249,0.0165423163949794,FALSE,16
3-3,-0.233419477663936,0.0297236865211839,TRUE,16
(Intercept):1,-1.04785469833948,0.0432679305769602,TRUE,16
(Intercept):2,-1.55349746811564,0.0565864467478335,TRUE,16
Covariate:1,0.516865663170028,0.0627572985848297,TRUE,16
Covariate:2,-0.59200282823805,0.0746913112968247,TRUE,16
1-1,0.0670349434783899,0.0399212973558838,TRUE,16
1-2,-0.0033657624468629,0.021808584967334,TRUE,16
1-3,-0.00838999685256662,0.0138484704045038,TRUE,16
2-2,0.158223292104212,0.0609143170152928,TRUE,16
2-3,-0.010883626151931,0.0153158581922702,TRUE,16
3-3,-0.203984604078192,0.0290645831862459,TRUE,16
(Intercept):1,-1.14162065593724,0.0442594315176972,TRUE,16
(Intercept):2,-1.63628889034367,0.0573971230145138,TRUE,16
Covariate:1,0.614338908796162,0.066291908019117,TRUE,16
Covariate:2,-0.458343319609262,0.0767512259602377,TRUE,16
1-1,0.114760023418955,0.0422599946298919,TRUE,16
1-2,0.00768627391232547,0.0219525460364472,TRUE,16
1-3,-0.00884718633188436,0.0144269907613838,TRUE,16
2-2,0.0251690777613177,0.0746575506000601,FALSE,16
2-3,-0.00895152467477953,0.0161082453068009,TRUE,16
3-3,-0.217128303606122,0.0286570726330818,TRUE,16
(Intercept):1,-1.04947085751664,0.0396269983415194,TRUE,16
(Intercept):2,-1.57702687531137,0.05926110541653,TRUE,16
Covariate:1,0.393888140530641,0.0612926361479595,TRUE,16
Covariate:2,-0.616956857094313,0.0799202811772406,TRUE,16
1-1,0.0807968685866905,0.040007319011388,TRUE,16
1-2,-0.0594547556945962,0.0215274263592706,FALSE,16
1-3,-0.0406829628041135,0.0132128742324316,FALSE,16
2-2,0.12373188493526,0.0650285199671029,TRUE,16
2-3,-0.044612594251366,0.0164830016937061,FALSE,16
3-3,-0.285132200749254,0.0286021219421505,FALSE,16
(Intercept):1,-1.06196839077094,0.0416516835903647,TRUE,16
(Intercept):2,-1.6057168571445,0.0564879700653303,TRUE,16
Covariate:1,0.432289397119349,0.0626781431836452,TRUE,16
Covariate:2,-0.48894193463985,0.0797798515213273,TRUE,16
1-1,0.0872966565042542,0.0420864975900697,TRUE,16
1-2,-0.00111944743011462,0.0207686956965702,TRUE,16
1-3,-0.00208638226150256,0.0138489175269969,TRUE,16
2-2,0.150035034575852,0.0587887739946623,TRUE,16
2-3,0.0149127232167423,0.0152675607392642,TRUE,16
3-3,-0.196299982885952,0.0271433922342775,TRUE,16
(Intercept):1,-1.05049623116135,0.0424680636416388,TRUE,16
(Intercept):2,-1.5294779350402,0.057147582695063,TRUE,16
Covariate:1,0.456732243838892,0.0632739220983667,TRUE,16
Covariate:2,-0.530860020697535,0.0775209452389818,TRUE,16
1-1,0.117272295458637,0.0399543624318103,TRUE,16
1-2,-0.072452272333445,0.0219443913687058,FALSE,16
1-3,-0.0187917984096921,0.0134026781179078,TRUE,16
2-2,0.0786092065676869,0.0624705163587356,TRUE,16
2-3,-0.00182584921416338,0.0154348731345503,TRUE,16
3-3,-0.210553444561176,0.0273716887580589,TRUE,16
(Intercept):1,-1.07690919535492,0.0429253623275393,TRUE,16
(Intercept):2,-1.5771809988228,0.0575197789291233,TRUE,16
Covariate:1,0.453519804072872,0.0672690447531808,TRUE,16
Covariate:2,-0.422550576013866,0.0806205789127586,TRUE,16
1-1,0.0832550735835027,0.0381990241528701,TRUE,16
1-2,-0.0313396897414494,0.0209035260144662,TRUE,16
1-3,-0.00193702437208477,0.0138702863765616,TRUE,16
2-2,0.168506388397647,0.0619167863473563,TRUE,16
2-3,-0.00498372842895074,0.015834152019207,TRUE,16
3-3,-0.24083770674406,0.028427226528396,TRUE,16
(Intercept):1,-1.0851068175886,0.0439258343670964,TRUE,16
(Intercept):2,-1.55378372449728,0.0582191932850784,TRUE,16
Covariate:1,0.501180876713282,0.0611154885663391,TRUE,16
Covariate:2,-0.514334115663249,0.0822893912919687,TRUE,16
1-1,0.10858698084842,0.0416737390238689,TRUE,16
1-2,-0.0275904746738879,0.0217081112351116,TRUE,16
1-3,-0.00401931443755504,0.0144994961366466,TRUE,16
2-2,0.176804171093855,0.0583146680215953,TRUE,16
2-3,-0.00407727423026548,0.0159580279738138,TRUE,16
3-3,-0.225511328767595,0.030005864656922,TRUE,16
(Intercept):1,-1.11876700377849,0.0415545604494135,TRUE,16
(Intercept):2,-1.67588784490659,0.0582417527087613,TRUE,16
Covariate:1,0.480498609319868,0.0608780970564451,TRUE,16
Covariate:2,-0.603719670557707,0.0763247774014784,TRUE,16
1-1,0.10235742301383,0.0402319823793369,TRUE,16
1-2,0.00153559556328781,0.022446839679825,TRUE,16
1-3,-0.00949872807074468,0.0139066841882689,TRUE,16
2-2,0.13608036680593,0.0559051978214033,TRUE,16
2-3,0.00358346503201273,0.0154064729467369,TRUE,16
3-3,-0.242286293153682,0.0286128165716489,TRUE,16
(Intercept):1,-1.03928720789068,0.0420548458159208,TRUE,16
(Intercept):2,-1.61155212879223,0.0561668052005188,TRUE,16
Covariate:1,0.477544957519372,0.0627338274140682,TRUE,16
Covariate:2,-0.532874910770595,0.0683980194450373,TRUE,16
1-1,0.018278924189293,0.0447453794175644,TRUE,16
1-2,-0.0168103054039786,0.0204788065991531,TRUE,16
1-3,-0.0149277852556205,0.0137912977542819,TRUE,16
2-2,0.221912463708492,0.0496500982497166,TRUE,16
2-3,-0.0172073477963757,0.0151688020974302,TRUE,16
3-3,-0.250933490160678,0.0291502250069453,TRUE,16
(Intercept):1,-1.1241027082344,0.0437308537126642,TRUE,16
(Intercept):2,-1.61941727433571,0.0593199285038748,TRUE,16
Covariate:1,0.48538236510665,0.0610687147124549,TRUE,16
Covariate:2,-0.48712647245513,0.0741582573958391,TRUE,16
1-1,0.0843916186320244,0.0425338933235288,TRUE,16
1-2,0.0117266197521816,0.0219994724735473,TRUE,16
1-3,0.00546929371189033,0.0140029116504835,TRUE,16
2-2,0.147359847620954,0.0609813814318824,TRUE,16
2-3,0.00574218561995155,0.016761306127469,TRUE,16
3-3,-0.235267021783881,0.0298129702851661,TRUE,16
(Intercept):1,-1.07108510835917,0.0417478031210729,TRUE,16
(Intercept):2,-1.51409874630962,0.0542193603474834,TRUE,16
Covariate:1,0.537965162697054,0.0625703287135159,TRUE,16
Covariate:2,-0.508694265551548,0.0752449972968451,TRUE,16
1-1,0.107827082889463,0.0397344441048995,TRUE,16
1-2,-0.0167695706860637,0.0220275947217415,TRUE,16
1-3,-0.00489426109440448,0.013776237320491,TRUE,16
2-2,0.140158989723433,0.058624698878636,TRUE,16
2-3,-0.0187745266122543,0.0149259869379216,TRUE,16
3-3,-0.194458658592067,0.0279629651949181,TRUE,16
(Intercept):1,-1.07581343954648,0.0426005036527385,TRUE,16
(Intercept):2,-1.59469721424779,0.0552417619358381,TRUE,16
Covariate:1,0.414585039936363,0.0646720289709046,TRUE,16
Covariate:2,-0.49436745615304,0.069206790203416,TRUE,16
1-1,0.0663191862065516,0.0421972173630859,TRUE,16
1-2,-0.0355904740003513,0.0209644816148432,TRUE,16
1-3,-0.00966750942527695,0.0136694979598262,TRUE,16
2-2,0.311768454988898,0.0447820108310287,FALSE,16
2-3,-0.026681883992811,0.0158006752396176,TRUE,16
3-3,-0.276721881094912,0.0289905841389979,TRUE,16
(Intercept):1,-1.04865027237633,0.042824480032151,TRUE,16
(Intercept):2,-1.61567882220819,0.0604800424477477,TRUE,16
Covariate:1,0.479185776228397,0.0644701134160919,TRUE,16
Covariate:2,-0.422247416307309,0.078956108639915,TRUE,16
1-1,0.0742780472862104,0.0393467872469585,TRUE,16
1-2,0.00198099811886483,0.0218700783130422,TRUE,16
1-3,-0.00688575895146567,0.0144491045971593,TRUE,16
2-2,0.159925510390065,0.0623297192311178,TRUE,16
2-3,0.000284319496057108,0.0162200033897588,TRUE,16
3-3,-0.216795878631562,0.0295497562226401,TRUE,16
(Intercept):1,-1.09873851729478,0.0450643973995924,TRUE,16
(Intercept):2,-1.61124402253946,0.053941269009464,TRUE,16
Covariate:1,0.513131345358672,0.0643891580406237,TRUE,16
Covariate:2,-0.50667215339675,0.0786937673735535,TRUE,16
1-1,0.0850166645580099,0.0415868750440931,TRUE,16
1-2,0.0126789351916173,0.0218557609614688,TRUE,16
1-3,-0.0147605947795751,0.0136591802325827,TRUE,16
2-2,0.0755531123271949,0.062621079649875,TRUE,16
2-3,-0.0218110123411768,0.0155574052152355,TRUE,16
3-3,-0.239784312069179,0.0289313656232054,TRUE,16
(Intercept):1,-1.11376940406916,0.0440351324238511,TRUE,16
(Intercept):2,-1.73207659088414,0.0598565094949873,FALSE,16
Covariate:1,0.589967068113761,0.064638571111193,TRUE,16
Covariate:2,-0.546186342294932,0.0768674550888924,TRUE,16
1-1,0.134757460613042,0.0408903334458394,TRUE,16
1-2,0.0101924071748608,0.0211202818567203,TRUE,16
1-3,-0.0255620811984785,0.0142654067106992,TRUE,16
2-2,0.256919362345689,0.057433191235711,TRUE,16
2-3,1.33937635697702e-05,0.0169072012439781,TRUE,16
3-3,-0.225868734371632,0.0298749347575987,TRUE,16
(Intercept):1,-1.06335814818352,0.0424025541133003,TRUE,16
(Intercept):2,-1.51076866248712,0.0563917117707862,TRUE,16
Covariate:1,0.482621320388681,0.0644229632342706,TRUE,16
Covariate:2,-0.451316894021708,0.0741825428077244,TRUE,16
1-1,0.0569291888271588,0.0450883634285173,TRUE,16
1-2,-0.0248754002454521,0.0206908155477038,TRUE,16
1-3,0.00675555302774954,0.0137533117704964,TRUE,16
2-2,0.225053530034513,0.0481865219179547,TRUE,16
2-3,-0.0234972050554612,0.0154352705682129,TRUE,16
3-3,-0.215557319652499,0.0284100706847665,TRUE,16
(Intercept):1,-1.06647606069747,0.0415407086107167,TRUE,16
(Intercept):2,-1.59277862055905,0.0597303727048229,TRUE,16
Covariate:1,0.526225364730279,0.0627677406699113,TRUE,16
Covariate:2,-0.592835914137731,0.081896630433389,TRUE,16
1-1,0.0696986745991194,0.0400016371279511,TRUE,16
1-2,0.0111621317654281,0.0208142567071323,TRUE,16
1-3,-0.0182743281615316,0.0136411753646286,TRUE,16
2-2,0.193392233889873,0.0537632762856744,TRUE,16
2-3,-0.0329611404824864,0.0161127025594952,FALSE,16
3-3,-0.232070623610199,0.0289667168343325,TRUE,16
(Intercept):1,-1.06435099566876,0.0432949014398434,TRUE,16
(Intercept):2,-1.52244871884907,0.0578350261496162,TRUE,16
Covariate:1,0.500977739093395,0.0650718949510477,TRUE,16
Covariate:2,-0.502029543005168,0.0709493019014624,TRUE,16
1-1,0.133605475445178,0.0430215863532617,TRUE,16
1-2,-0.0168833097547549,0.0214987504443526,TRUE,16
1-3,-0.0147959854954675,0.0139374744406756,TRUE,16
2-2,0.209746938498951,0.059945255716719,TRUE,16
2-3,-0.0382934611560417,0.0162594489714177,FALSE,16
3-3,-0.16354015321646,0.0270297635078272,FALSE,16
(Intercept):1,-1.05749102245625,0.0424755979750117,TRUE,16
(Intercept):2,-1.60107476906243,0.0575094319221179,TRUE,16
Covariate:1,0.505299565089301,0.0652247037502874,TRUE,16
Covariate:2,-0.452254241881985,0.0765520699131436,TRUE,16
1-1,0.0347885569057673,0.0413709697931331,TRUE,16
1-2,-0.0271880188950108,0.0217425739438639,TRUE,16
1-3,-0.0154117895789848,0.0133033586756915,TRUE,16
2-2,0.197459822825345,0.0541009803418115,TRUE,16
2-3,-0.0129275879466752,0.0157791126979685,TRUE,16
3-3,-0.265694655117003,0.0295180880079138,TRUE,16
(Intercept):1,-1.05815864966433,0.0418021720911163,TRUE,16
(Intercept):2,-1.62250370869122,0.0572736605355837,TRUE,16
Covariate:1,0.463529837848174,0.060326874897054,TRUE,16
Covariate:2,-0.600175008201809,0.0805475752105157,TRUE,16
1-1,0.0502828393886703,0.0407289227230974,TRUE,16
1-2,0.0249589297642942,0.0206364766085906,TRUE,16
1-3,0.015737012930203,0.0136956056127072,TRUE,16
2-2,0.180179251451504,0.0583452470305267,TRUE,16
2-3,0.0187170776466391,0.0163420662688533,TRUE,16
3-3,-0.144837285296791,0.0274632151372785,FALSE,16
(Intercept):1,-1.10907739105587,0.0410775108641332,TRUE,16
(Intercept):2,-1.73545751318564,0.0589148409436275,FALSE,16
Covariate:1,0.589354871655409,0.0625053616394144,TRUE,16
Covariate:2,-0.557389867281273,0.077028903562321,TRUE,16
1-1,0.0695901547631139,0.0471895172072874,TRUE,16
1-2,0.0557744363383554,0.0216554696952474,FALSE,16
1-3,-0.000125505109287919,0.013664941423597,TRUE,16
2-2,0.213936422161818,0.0556090483537684,TRUE,16
2-3,0.00911347524647063,0.0165177797333967,TRUE,16
3-3,-0.208070029688784,0.0293429055841855,TRUE,16
(Intercept):1,-1.02884730597183,0.0425894019603048,TRUE,16
(Intercept):2,-1.44177948103815,0.0541950190138693,FALSE,16
Covariate:1,0.541157027869606,0.0658890629951093,TRUE,16
Covariate:2,-0.428524745342763,0.0784102478236069,TRUE,16
1-1,-0.0234520009551489,0.0451268481316571,FALSE,16
1-2,-0.0423232198300247,0.0211692735248899,FALSE,16
1-3,0.00619288616212459,0.013305460087936,TRUE,16
2-2,0.113248047281607,0.0595205986936284,TRUE,16
2-3,-0.0165158957059298,0.015506008865996,TRUE,16
3-3,-0.211898552870982,0.0282437188182696,TRUE,16
(Intercept):1,-1.10830154746073,0.0444127400062619,TRUE,16
(Intercept):2,-1.52209680397988,0.0567042540054948,TRUE,16
Covariate:1,0.457816497378892,0.0618971316784234,TRUE,16
Covariate:2,-0.456298012545439,0.0760501622760676,TRUE,16
1-1,0.158260401717309,0.0406527222840832,TRUE,16
1-2,-0.00571117841428919,0.0215770851532283,TRUE,16
1-3,0.00531088694169545,0.0141121280113369,TRUE,16
2-2,0.188369069357835,0.0536171755586042,TRUE,16
2-3,-0.00774569277474291,0.0161728609400836,TRUE,16
3-3,-0.181588873647187,0.0278413489088563,TRUE,16
(Intercept):1,-1.06537973948987,0.0418462603042917,TRUE,16
(Intercept):2,-1.58083163940961,0.0588274278725141,TRUE,16
Covariate:1,0.573487917176018,0.0610968390196324,TRUE,16
Covariate:2,-0.593816674400275,0.076781924795885,TRUE,16
1-1,0.0589259912465812,0.0430239014449259,TRUE,16
1-2,-0.0202210350131314,0.0204713941646192,TRUE,16
1-3,-0.00878238562385552,0.0139012943223669,TRUE,16
2-2,0.166894639912023,0.0597199489477936,TRUE,16
2-3,-0.000881879477808535,0.0164459298246178,TRUE,16
3-3,-0.249251386511983,0.0301249743047725,TRUE,16
(Intercept):1,-0.974794743319072,0.0397036628232714,FALSE,16
(Intercept):2,-1.62616743458598,0.0579024820102468,TRUE,16
Covariate:1,0.549643030868376,0.0594197191959059,TRUE,16
Covariate:2,-0.523991867510461,0.0780535982413714,TRUE,16
1-1,0.0341099897754412,0.0400859804105813,TRUE,16
1-2,-0.029558942983647,0.0215092426629522,TRUE,16
1-3,-0.0459903775628894,0.0134175628982482,FALSE,16
2-2,0.0723334478523704,0.0655385859845795,TRUE,16
2-3,-0.0063776440337662,0.0163902095077885,TRUE,16
3-3,-0.236398011228215,0.0291353215983227,TRUE,16
(Intercept):1,-1.11356299617693,0.0457970837518355,TRUE,16
(Intercept):2,-1.49174728866611,0.0536673188335922,FALSE,16
Covariate:1,0.515735242087754,0.0621983638526404,TRUE,16
Covariate:2,-0.471624608731586,0.073253695546057,TRUE,16
1-1,0.0629717576567289,0.0432356656668619,TRUE,16
1-2,-0.0396286514938682,0.0212400154985812,TRUE,16
1-3,-0.014071332387904,0.0144888023249207,TRUE,16
2-2,0.105985949301349,0.0563650056540888,TRUE,16
2-3,-0.0366660889305534,0.0161998964683264,FALSE,16
3-3,-0.22882960607346,0.0299338724327563,TRUE,16
(Intercept):1,-1.16242795048739,0.0442174049433544,TRUE,16
(Intercept):2,-1.59608209338825,0.0577016246006762,TRUE,16
Covariate:1,0.42835132296652,0.0651130560570294,TRUE,16
Covariate:2,-0.509391439284586,0.078503010308736,TRUE,16
1-1,0.0855343179772909,0.045101460788305,TRUE,16
1-2,0.0184267774240911,0.0218165925226972,TRUE,16
1-3,0.00163010167485261,0.0139849495143385,TRUE,16
2-2,0.237691231730884,0.0600127394040143,TRUE,16
2-3,-0.0137318974216758,0.0163032836979652,TRUE,16
3-3,-0.229911615617453,0.02941588185359,TRUE,16
(Intercept):1,-1.06814656270133,0.0410922291235613,TRUE,16
(Intercept):2,-1.60113745539062,0.0559667513478486,TRUE,16
Covariate:1,0.425175711761355,0.0632720868290342,TRUE,16
Covariate:2,-0.572739633249969,0.0795382257101345,TRUE,16
1-1,0.0986112865474609,0.0387023930729617,TRUE,16
1-2,0.00161032288941382,0.0200669669803223,TRUE,16
1-3,-0.00212155246250702,0.0135692007321267,TRUE,16
2-2,0.2260277712754,0.0590935052222605,TRUE,16
2-3,-0.000865648341945003,0.0156102882240548,TRUE,16
3-3,-0.213867651730124,0.0272517378268422,TRUE,16
(Intercept):1,-1.08452394991929,0.0421164202638436,TRUE,16
(Intercept):2,-1.56560320355166,0.0566413785921807,TRUE,16
Covariate:1,0.443807287026148,0.0645580658867053,TRUE,16
Covariate:2,-0.593661248249174,0.0712822122367281,TRUE,16
1-1,0.156000291530508,0.037706445533777,TRUE,16
1-2,-0.0358568020622391,0.0211865338486457,TRUE,16
1-3,0.0083006064091688,0.0138966142244217,TRUE,16
2-2,0.186854887991858,0.0542512897881577,TRUE,16
2-3,0.0235527335046987,0.0157897518114434,TRUE,16
3-3,-0.212827623354756,0.0286713200649099,TRUE,16
(Intercept):1,-1.09006671759393,0.0404545853778773,TRUE,16
(Intercept):2,-1.60395928592688,0.059287068577525,TRUE,16
Covariate:1,0.509150086890097,0.067058555850953,TRUE,16
Covariate:2,-0.579509698132267,0.0799493597745283,TRUE,16
1-1,0.123835249556801,0.0362069539539883,TRUE,16
1-2,-0.0426417666610914,0.0211024035025711,FALSE,16
1-3,-0.00743062551391036,0.0127973540485532,TRUE,16
2-2,0.0831730927913991,0.0614239355343836,TRUE,16
2-3,-0.00685212248576786,0.0160504092020199,TRUE,16
3-3,-0.267077130470505,0.0292521700036904,TRUE,16
(Intercept):1,-1.13563005345252,0.0439353428570403,TRUE,16
(Intercept):2,-1.57584568217317,0.0578390774663514,TRUE,16
Covariate:1,0.552475429065128,0.0640665665745503,TRUE,16
Covariate:2,-0.548286619395457,0.0828261345717331,TRUE,16
1-1,0.188084602161448,0.0413842394950053,FALSE,16
1-2,0.00698272377146435,0.0221849239554051,TRUE,16
1-3,-0.0151086298286047,0.0147688831848477,TRUE,16
2-2,0.0805119762110522,0.0654831000982009,TRUE,16
2-3,-0.0226792458487302,0.0169104751393596,TRUE,16
3-3,-0.199796599760819,0.0296846837265374,TRUE,16
(Intercept):1,-1.07488551087479,0.0418961957501427,TRUE,16
(Intercept):2,-1.64398065105829,0.0574530761231257,TRUE,16
Covariate:1,0.534810826196692,0.0632642372539208,TRUE,16
Covariate:2,-0.51266826347704,0.0773971661430702,TRUE,16
1-1,0.058378971186899,0.0411435391324954,TRUE,16
1-2,0.0160363510483472,0.0215623861661743,TRUE,16
1-3,-0.0267786232782593,0.0141472861201563,TRUE,16
2-2,0.128404606975296,0.0560187134918822,TRUE,16
2-3,-0.00632708511697327,0.0159523838141804,TRUE,16
3-3,-0.253166280275699,0.0297778767477113,TRUE,16
(Intercept):1,-1.10571442755145,0.0449460443888036,TRUE,16
(Intercept):2,-1.63735273206216,0.0553265335255532,TRUE,16
Covariate:1,0.517700426046632,0.0627345389729944,TRUE,16
Covariate:2,-0.435895411038917,0.0761463831501011,TRUE,16
1-1,0.0717509941230008,0.0431098936987204,TRUE,16
1-2,-0.000789453157100609,0.0216804228655259,TRUE,16
1-3,-0.015520305733317,0.0139758022111803,TRUE,16
2-2,0.12798837979227,0.0674338725979695,TRUE,16
2-3,-0.00973705473461619,0.0165831745422885,TRUE,16
3-3,-0.245256676126783,0.0297279764501717,TRUE,16
(Intercept):1,-1.14515164275703,0.0441506635411973,TRUE,16
(Intercept):2,-1.57171690062861,0.0598646091796968,TRUE,16
Covariate:1,0.534119756244114,0.0671578124105875,TRUE,16
Covariate:2,-0.409139830243281,0.0831545533660544,TRUE,16
1-1,0.103526210110508,0.0359677885159656,TRUE,16
1-2,-0.0193709907882013,0.0217779995872935,TRUE,16
1-3,-0.0087606619689903,0.0134577851809554,TRUE,16
2-2,0.18710487102397,0.051737526116087,TRUE,16
2-3,-0.0293467310564214,0.0163530714182027,TRUE,16
3-3,-0.250852693591565,0.0286905602066602,TRUE,16
(Intercept):1,-1.09274364188472,0.0446947461594891,TRUE,16
(Intercept):2,-1.59124348946417,0.0551413106521648,TRUE,16
Covariate:1,0.534593981459195,0.065944459032469,TRUE,16
Covariate:2,-0.563047646729082,0.0751918980692974,TRUE,16
1-1,0.0814140263538127,0.0411955560586525,TRUE,16
1-2,0.0152126041547141,0.0202195231309373,TRUE,16
1-3,0.0101912031199059,0.0142651339652266,TRUE,16
2-2,0.17819684595223,0.0532962532240204,TRUE,16
2-3,0.00552519621830799,0.0151090513235486,TRUE,16
3-3,-0.164353339454946,0.0281316726532616,FALSE,16
(Intercept):1,-0.991934940368489,0.0415192170991047,FALSE,16
(Intercept):2,-1.57740643888501,0.0563906161337329,TRUE,16
Covariate:1,0.412209648777148,0.0615300909977429,TRUE,16
Covariate:2,-0.427047361677209,0.0742573319899608,TRUE,16
1-1,0.0582778923266499,0.0445641363277746,TRUE,16
1-2,-0.0629943752605685,0.0219490588671616,FALSE,16
1-3,-0.032184840672779,0.0142065558309151,FALSE,16
2-2,0.146613799348851,0.0633628081701311,TRUE,16
2-3,-6.90325162096359e-05,0.0156605638538386,TRUE,16
3-3,-0.223282423770522,0.0297186119884461,TRUE,16
(Intercept):1,-1.09706613179833,0.0433869293823947,TRUE,16
(Intercept):2,-1.55413883577478,0.0552230222118756,TRUE,16
Covariate:1,0.4431772958187,0.0595477972124403,TRUE,16
Covariate:2,-0.450205905177231,0.0807409509968251,TRUE,16
1-1,0.111832372981076,0.0386689619503801,TRUE,16
1-2,-0.0194766103462547,0.0201077586504517,TRUE,16
1-3,-0.0112029348499305,0.0128725447994865,TRUE,16
2-2,0.133815813246209,0.0604933185059535,TRUE,16
2-3,-0.0139459218153571,0.0152252831155213,TRUE,16
3-3,-0.24253531304959,0.0274752341165707,TRUE,16
(Intercept):1,-1.06477869135319,0.0427464946294032,TRUE,16
(Intercept):2,-1.58286194018409,0.0569917624782093,TRUE,16
Covariate:1,0.570198396252633,0.0670286296732485,TRUE,16
Covariate:2,-0.492256915523138,0.0812461902837174,TRUE,16
1-1,0.0791450384628855,0.0385893463436817,TRUE,16
1-2,-0.0435983805396578,0.0213464352010619,FALSE,16
1-3,-0.0182115819198181,0.0131771696828585,TRUE,16
2-2,0.16529896575627,0.051548482228844,TRUE,16
2-3,-0.00946709543853477,0.0154952534102968,TRUE,16
3-3,-0.277299904498362,0.0285118047523708,TRUE,16
(Intercept):1,-1.10884739083121,0.0420748766936834,TRUE,16
(Intercept):2,-1.63069910789337,0.0567080306782386,TRUE,16
Covariate:1,0.436969610276706,0.0647323603082749,TRUE,16
Covariate:2,-0.521000514481591,0.0800140248164882,TRUE,16
1-1,0.149437202029538,0.0360658517281572,TRUE,16
1-2,-0.0112650621264226,0.0215453764362566,TRUE,16
1-3,0.00178668141706594,0.0144075573989516,TRUE,16
2-2,0.169423470915777,0.0613422562924589,TRUE,16
2-3,0.0127687114701776,0.0162323156989187,TRUE,16
3-3,-0.198755819759316,0.0288135249423876,TRUE,16
(Intercept):1,-1.06321254525063,0.0406535756505312,TRUE,16
(Intercept):2,-1.6023935472811,0.0570545772016055,TRUE,16
Covariate:1,0.604347692620728,0.0623702936186734,TRUE,16
Covariate:2,-0.548931584724603,0.0800052605282427,TRUE,16
1-1,0.12155856194431,0.0394409039823608,TRUE,16
1-2,-0.0115957238016808,0.0210395950051571,TRUE,16
1-3,-0.00529807697291746,0.0137432095258493,TRUE,16
2-2,0.133052292731494,0.0615061224361018,TRUE,16
2-3,-0.0125281118693429,0.0157306810758816,TRUE,16
3-3,-0.229038492805403,0.0302756441272833,TRUE,16
(Intercept):1,-1.01769329323225,0.0426903287104557,TRUE,16
(Intercept):2,-1.57144162662597,0.0563537839152162,TRUE,16
Covariate:1,0.565699248668217,0.0632193891323124,TRUE,16
Covariate:2,-0.412402002858919,0.0738563651384041,TRUE,16
1-1,-0.088705209213625,0.0475127920433945,FALSE,16
1-2,-0.0327327135492383,0.0203737988223293,TRUE,16
1-3,-0.0342388987835236,0.0136219956526915,FALSE,16
2-2,0.103716822441872,0.0637131305943175,TRUE,16
2-3,-0.0266241125888713,0.0154005196516273,TRUE,16
3-3,-0.278133344554758,0.0299773583755039,TRUE,16
(Intercept):1,-1.09983227915795,0.0419331225913658,TRUE,16
(Intercept):2,-1.63531336209685,0.0587037401376073,TRUE,16
Covariate:1,0.479500411480448,0.0629453775491043,TRUE,16
Covariate:2,-0.62677124836324,0.0768962413228132,TRUE,16
1-1,0.112568391168174,0.0419466560787574,TRUE,16
1-2,0.022206956675847,0.0225412824550184,TRUE,16
1-3,-0.0161046211938215,0.0139453838976197,TRUE,16
2-2,0.215325476938461,0.0505373819784961,TRUE,16
2-3,-0.0176288580361785,0.0164656775220071,TRUE,16
3-3,-0.205234516702411,0.02935940539624,TRUE,16
(Intercept):1,-1.07443946536579,0.0426989212562603,TRUE,16
(Intercept):2,-1.59402991317483,0.05693672444202,TRUE,16
Covariate:1,0.348772290636299,0.0646707327825972,FALSE,16
Covariate:2,-0.52667452353593,0.0773760158040016,TRUE,16
1-1,0.118169445612721,0.0388124888622169,TRUE,16
1-2,-0.0089998020383609,0.0208055506022169,TRUE,16
1-3,-0.00881883206801932,0.0134355217919354,TRUE,16
2-2,0.183995572833012,0.055894568638741,TRUE,16
2-3,-0.00113011908808708,0.0152717867213399,TRUE,16
3-3,-0.187587367125279,0.0296162319062224,TRUE,16
(Intercept):1,-1.11159426645458,0.0431107358851555,TRUE,16
(Intercept):2,-1.64062476456767,0.0606356553655123,TRUE,16
Covariate:1,0.463642074086253,0.0640362837404902,TRUE,16
Covariate:2,-0.501185846860471,0.074354161191187,TRUE,16
1-1,0.0827502530959057,0.0386213033407207,TRUE,16
1-2,-0.0208173368082527,0.0205016636297294,TRUE,16
1-3,-0.0285517956163236,0.0137429417267445,FALSE,16
2-2,0.240064573187452,0.0557879661019173,TRUE,16
2-3,-0.0279821509466791,0.0161739169496702,TRUE,16
3-3,-0.295077887499855,0.0299018836430807,FALSE,16
(Intercept):1,-1.09688918035089,0.0441245257486191,TRUE,16
(Intercept):2,-1.60183141069196,0.0585308240006365,TRUE,16
Covariate:1,0.458566636156651,0.0635344948681686,TRUE,16
Covariate:2,-0.566908357600289,0.074968756682485,TRUE,16
1-1,0.0910204880003654,0.042609204924003,TRUE,16
1-2,-0.0412681779060013,0.0225656266105345,TRUE,16
1-3,-0.0306121888278874,0.0142164878660794,FALSE,16
2-2,0.202203442792538,0.0552992265163859,TRUE,16
2-3,-0.0233336725246584,0.0157166695963734,TRUE,16
3-3,-0.25628532126035,0.0297243118543502,TRUE,16
(Intercept):1,-1.03571582902659,0.0423414327091534,TRUE,16
(Intercept):2,-1.65829721940567,0.0567378642046252,TRUE,16
Covariate:1,0.601119746337968,0.0641838228931341,TRUE,16
Covariate:2,-0.55057461666856,0.079839592795477,TRUE,16
1-1,-0.0248721268119437,0.0426174702678211,FALSE,16
1-2,-0.0135429662528999,0.0207411853276318,TRUE,16
1-3,-0.0390401757869243,0.0138833935305163,FALSE,16
2-2,0.206399520444777,0.0560314467214502,TRUE,16
2-3,-0.0147978919953848,0.0149934840098141,TRUE,16
3-3,-0.267040942372595,0.0289279460014933,TRUE,16
(Intercept):1,-1.07136772564978,0.0446476667712742,TRUE,16
(Intercept):2,-1.62012130069448,0.0583408140115597,TRUE,16
Covariate:1,0.374141008111045,0.0653843692362195,TRUE,16
Covariate:2,-0.494926362553636,0.0732491965424404,TRUE,16
1-1,0.137200820682673,0.0400102297025626,TRUE,16
1-2,-0.00333465856474417,0.0213250173008717,TRUE,16
1-3,0.00271197917951495,0.014110524816302,TRUE,16
2-2,0.204100355272132,0.059899519248812,TRUE,16
2-3,0.010222070106644,0.0165425224262276,TRUE,16
3-3,-0.174153837170032,0.0308929548491827,TRUE,16
(Intercept):1,-1.06230700361954,0.0418658391837666,TRUE,16
(Intercept):2,-1.52164960246803,0.053299568607707,TRUE,16
Covariate:1,0.502468743611036,0.0627276158442714,TRUE,16
Covariate:2,-0.389168978611521,0.0725680152016462,TRUE,16
1-1,0.102387512878391,0.0405643008419416,TRUE,16
1-2,-0.0291870091694625,0.0213726076135823,TRUE,16
1-3,-0.0157674540646852,0.0141534412440722,TRUE,16
2-2,0.203677765652179,0.0570334924182148,TRUE,16
2-3,-0.0100920338975852,0.015813933296464,TRUE,16
3-3,-0.214297710549694,0.0285055645778928,TRUE,16
(Intercept):1,-0.998493347666803,0.0395592440716458,FALSE,16
(Intercept):2,-1.60586631678189,0.0585197546057987,TRUE,16
Covariate:1,0.438828767067054,0.0619460545733788,TRUE,16
Covariate:2,-0.550119125163727,0.0805469352124031,TRUE,16
1-1,0.0435154066678709,0.0394135212137374,TRUE,16
1-2,-0.000571532930043483,0.0205914665595775,TRUE,16
1-3,-0.0253713268273408,0.0135553768289944,TRUE,16
2-2,0.209409227196748,0.0538372526812803,TRUE,16
2-3,-0.00324373236671509,0.0157732979549685,TRUE,16
3-3,-0.17980357235668,0.027922143029214,TRUE,16
(Intercept):1,-1.09407492875547,0.0421980947307798,TRUE,16
(Intercept):2,-1.6319818967762,0.0555317840832385,TRUE,16
Covariate:1,0.413032611325993,0.0672297954690391,TRUE,16
Covariate:2,-0.396301173070287,0.0777124627474508,TRUE,16
1-1,0.076064136259969,0.0424971547512816,TRUE,16
1-2,-0.0183492841159406,0.0201621494991338,TRUE,16
1-3,-0.0182312074499943,0.0135755663956922,TRUE,16
2-2,0.264777777181489,0.0538202622758973,TRUE,16
2-3,-0.0102992427473511,0.0152484719088015,TRUE,16
3-3,-0.243036152982122,0.0285601895063977,TRUE,16
(Intercept):1,-1.0537633580884,0.0437652996503072,TRUE,16
(Intercept):2,-1.63934704966959,0.055132501100276,TRUE,16
Covariate:1,0.522790911678192,0.0666654342491226,TRUE,16
Covariate:2,-0.523702555728823,0.0765545769752553,TRUE,16
1-1,0.102663299991179,0.0412742309972513,TRUE,16
1-2,-0.0230710524349244,0.0214624936489203,TRUE,16
1-3,-0.0337688763632107,0.0140966682623116,FALSE,16
2-2,0.211460671587338,0.0601927325657724,TRUE,16
2-3,-0.0187114644440894,0.0153656527228757,TRUE,16
3-3,-0.212346339959718,0.0291366375872566,TRUE,16
(Intercept):1,-1.11509658566743,0.0422678957013489,TRUE,16
(Intercept):2,-1.67419441649446,0.0579183158340943,TRUE,16
Covariate:1,0.508364131201641,0.0624219075330142,TRUE,16
Covariate:2,-0.636093952615785,0.0787670269440166,TRUE,16
1-1,0.125949581701591,0.0407435168077341,TRUE,16
1-2,0.0366826990954764,0.0195508597707169,TRUE,16
1-3,-0.020406272306142,0.0140055562837197,TRUE,16
2-2,0.197672359439935,0.0625176239565619,TRUE,16
2-3,-0.0131503123771753,0.0153006104204456,TRUE,16
3-3,-0.21939130009283,0.0280109311133845,TRUE,16
(Intercept):1,-1.1096330609506,0.0420344730617237,TRUE,16
(Intercept):2,-1.58131590092835,0.0567876046291218,TRUE,16
Covariate:1,0.4772985549692,0.0643492918852885,TRUE,16
Covariate:2,-0.556074034001797,0.0767439757120894,TRUE,16
1-1,0.147367597493815,0.0379035470642909,TRUE,16
1-2,0.00508149891699519,0.0216595440108153,TRUE,16
1-3,-0.00549528865146769,0.0133790856762684,TRUE,16
2-2,0.217518630125614,0.0539618535579239,TRUE,16
2-3,-0.0174650908025171,0.0161368621177705,TRUE,16
3-3,-0.23526298390141,0.0288174623986158,TRUE,16
(Intercept):1,-1.11832709085941,0.0447574218521223,TRUE,16
(Intercept):2,-1.71539277482549,0.0595079955517709,TRUE,16
Covariate:1,0.423668849151291,0.0614063493674084,TRUE,16
Covariate:2,-0.637124499307513,0.0783498859402036,TRUE,16
1-1,0.130278927682029,0.0398565339393348,TRUE,16
1-2,0.00326249668260395,0.0213899846337749,TRUE,16
1-3,-0.00178547968632059,0.0147778237277612,TRUE,16
2-2,0.133565479340741,0.0630724311459778,TRUE,16
2-3,0.01635209979532,0.0165273578089207,TRUE,16
3-3,-0.209867413405548,0.0285752451884484,TRUE,16
(Intercept):1,-1.04127275847556,0.0396468582717214,TRUE,16
(Intercept):2,-1.6303036656432,0.0569591557072296,TRUE,16
Covariate:1,0.397020468590969,0.0615869653286246,TRUE,16
Covariate:2,-0.560246891810224,0.0784629300284725,TRUE,16
1-1,0.0529670927310066,0.0401117544091048,TRUE,16
1-2,0.00656858735957558,0.0213638771823623,TRUE,16
1-3,-0.00750847425239181,0.0137360001940966,TRUE,16
2-2,0.180756213390194,0.0585492184687268,TRUE,16
2-3,0.0046617333756701,0.0162563567603481,TRUE,16
3-3,-0.250795374479747,0.0290603639062092,TRUE,16
(Intercept):1,-1.09252418404823,0.0429650318891083,TRUE,16
(Intercept):2,-1.63900761988862,0.0569709435352996,TRUE,16
Covariate:1,0.498092832536256,0.0666692052328682,TRUE,16
Covariate:2,-0.439671619176832,0.0774277779786781,TRUE,16
1-1,0.078249109051708,0.0421682600555455,TRUE,16
1-2,0.0147096313414615,0.0216086663574939,TRUE,16
1-3,-0.0121125178735382,0.0145520979570859,TRUE,16
2-2,0.134154831116902,0.0632003806847678,TRUE,16
2-3,-0.004491813879854,0.0158135144931839,TRUE,16
3-3,-0.227803119002101,0.0282428844618099,TRUE,16
(Intercept):1,-1.00805823621808,0.0401050480960108,FALSE,16
(Intercept):2,-1.64857072927481,0.0585392251389715,TRUE,16
Covariate:1,0.382210094685487,0.0644001394605586,TRUE,16
Covariate:2,-0.574810989955585,0.0793367236411781,TRUE,16
1-1,0.0250582217126034,0.0413342483290158,TRUE,16
1-2,-0.0420572700566759,0.0220466881801119,TRUE,16
1-3,-0.0518165140013097,0.0132664760677896,FALSE,16
2-2,0.0341682235036703,0.0645812226728968,FALSE,16
2-3,-0.0151170214760016,0.016103357530176,TRUE,16
3-3,-0.296196379636053,0.0279823160602232,FALSE,16
(Intercept):1,-1.09560702832407,0.042817769176211,TRUE,16
(Intercept):2,-1.57821507118319,0.0585230166321159,TRUE,16
Covariate:1,0.579567567119404,0.0643308050684837,TRUE,16
Covariate:2,-0.45550033654594,0.0753086575722234,TRUE,16
1-1,0.0847914120160094,0.0420845690549064,TRUE,16
1-2,0.00362709608670428,0.0210864904809149,TRUE,16
1-3,-0.0147250752126689,0.0136354728171853,TRUE,16
2-2,0.148671971694973,0.0636004045452927,TRUE,16
2-3,-0.0308636521537344,0.0161615492110175,TRUE,16
3-3,-0.230470187536279,0.0287878007508927,TRUE,16
(Intercept):1,-1.09066495646109,0.0427980356361772,TRUE,16
(Intercept):2,-1.53765875927112,0.0542263455180349,TRUE,16
Covariate:1,0.495112710225248,0.0628082766809915,TRUE,16
Covariate:2,-0.39840880467441,0.0729333102110893,TRUE,16
1-1,0.0404468872485643,0.0415052578296643,TRUE,16
1-2,-0.0248109799596858,0.0216860335011588,TRUE,16
1-3,-0.0195144145936369,0.0131461488412514,TRUE,16
2-2,0.205656670471797,0.0537619263921326,TRUE,16
2-3,-0.0411693952828446,0.0153577234133602,FALSE,16
3-3,-0.23002431212704,0.0270010723339057,TRUE,16
(Intercept):1,-1.1377585551675,0.0452365993046754,TRUE,16
(Intercept):2,-1.58406620995308,0.0586954754931868,TRUE,16
Covariate:1,0.738120398358261,0.0667388494506046,FALSE,16
Covariate:2,-0.378411973102075,0.0762989083646167,TRUE,16
1-1,0.0422092538281649,0.0406109492126271,TRUE,16
1-2,-0.0239138733704732,0.0218768567694655,TRUE,16
1-3,-0.00382603233329017,0.0132015304692045,TRUE,16
2-2,0.176807511015395,0.0567744701006919,TRUE,16
2-3,-0.00874772733089375,0.0159657552325945,TRUE,16
3-3,-0.249393220793351,0.0290400347086629,TRUE,16
(Intercept):1,-1.03841970428267,0.0424039588255573,TRUE,16
(Intercept):2,-1.61592049789841,0.0553769094652557,TRUE,16
Covariate:1,0.562232393441306,0.0629834146532103,TRUE,16
Covariate:2,-0.476500707638692,0.0768920251698715,TRUE,16
1-1,0.0903100759708469,0.0400906891732528,TRUE,16
1-2,-0.0105369634702928,0.0209395975842816,TRUE,16
1-3,0.00636189322403453,0.0140476653410253,TRUE,16
2-2,0.180741083613863,0.0577554414948967,TRUE,16
2-3,0.0104385782468135,0.0155738073499181,TRUE,16
3-3,-0.202367001877899,0.0288777728365036,TRUE,16
(Intercept):1,-1.04922891246952,0.0410478931411279,TRUE,16
(Intercept):2,-1.71264100233299,0.0573072171872015,TRUE,16
Covariate:1,0.522474509341296,0.0608437108695048,TRUE,16
Covariate:2,-0.524180917882062,0.0725918787042841,TRUE,16
1-1,0.0714496559250423,0.0372820518849761,TRUE,16
1-2,0.0238922123544175,0.021125091790463,TRUE,16
1-3,-0.023214774378612,0.0142230510562062,TRUE,16
2-2,0.160804653165098,0.0552459648320044,TRUE,16
2-3,0.00512473135422165,0.0151708118600489,TRUE,16
3-3,-0.263992436797447,0.0267934124542466,TRUE,16
(Intercept):1,-1.00452425216413,0.0443727387796696,FALSE,16
(Intercept):2,-1.67678999316676,0.0598265036032906,TRUE,16
Covariate:1,0.462907775419857,0.0633144394711969,TRUE,16
Covariate:2,-0.607632496097139,0.0798385356206607,TRUE,16
1-1,4.00128708809486e-05,0.0446030761306657,FALSE,16
1-2,0.00164751598737978,0.0218132065015585,TRUE,16
1-3,-0.00457175655769176,0.0137837686494332,TRUE,16
2-2,0.175802273006991,0.0630016873587797,TRUE,16
2-3,0.0217326297103245,0.0154343975266926,TRUE,16
3-3,-0.197222552219448,0.028898890488443,TRUE,16
(Intercept):1,-1.03386230769576,0.0418947284634671,TRUE,16
(Intercept):2,-1.55117769528984,0.0569441565748769,TRUE,16
Covariate:1,0.502773186659967,0.0652941965386125,TRUE,16
Covariate:2,-0.386700746276045,0.0759886288461264,TRUE,16
1-1,0.115407988542265,0.0389555445714425,TRUE,16
1-2,-0.0190734146197359,0.0233434870104691,TRUE,16
1-3,-0.00998950300079647,0.0141945071568258,TRUE,16
2-2,0.133891736998937,0.0603573496090911,TRUE,16
2-3,0.0166339427872662,0.0165993754335966,TRUE,16
3-3,-0.201558742941656,0.0304199264476964,TRUE,16
(Intercept):1,-1.10783789180956,0.0450331024356983,TRUE,16
(Intercept):2,-1.68275539306553,0.0596734475524065,TRUE,16
Covariate:1,0.574640757143355,0.0676936821807659,TRUE,16
Covariate:2,-0.4194358048469,0.0745682875216562,TRUE,16
1-1,0.0307204683075347,0.0464900877317576,TRUE,16
1-2,0.0344625915949761,0.0224431781263356,TRUE,16
1-3,0.00489330644356179,0.0139468262624998,TRUE,16
2-2,0.279566834377162,0.0622738054739208,TRUE,16
2-3,0.0104648631663594,0.0166345262511925,TRUE,16
3-3,-0.189098631367057,0.0301970389131402,TRUE,16
(Intercept):1,-1.13167107241401,0.0459181067919265,TRUE,16
(Intercept):2,-1.66301983158966,0.0599711685440964,TRUE,16
Covariate:1,0.485682882088362,0.0631952967070981,TRUE,16
Covariate:2,-0.552763695409859,0.0788751727052606,TRUE,16
1-1,0.143824276727176,0.0389876041467535,TRUE,16
1-2,-0.00171374211711277,0.0227561718973264,TRUE,16
1-3,-0.0203272592803455,0.0146048131824686,TRUE,16
2-2,0.152900253510838,0.0612584133581936,TRUE,16
2-3,-0.0108970993439722,0.0164655395511122,TRUE,16
3-3,-0.274146771537237,0.0306304017743116,TRUE,16
(Intercept):1,-1.1057420255032,0.0429731663837921,TRUE,16
(Intercept):2,-1.6646911461994,0.0566203612491343,TRUE,16
Covariate:1,0.382125532285241,0.0613421461017163,TRUE,16
Covariate:2,-0.554913082103494,0.0759621777607368,TRUE,16
1-1,0.0949577124420178,0.0414075487056961,TRUE,16
1-2,0.0149579891777572,0.0215671846335941,TRUE,16
1-3,0.00293973893731095,0.0141070323283572,TRUE,16
2-2,0.208831730510572,0.0506311809121843,TRUE,16
2-3,0.017272960294006,0.0153638115287166,TRUE,16
3-3,-0.192690269620504,0.0275779793331657,TRUE,16
(Intercept):1,-1.1625357421867,0.0403116060663879,TRUE,16
(Intercept):2,-1.64446745527833,0.0570512729243496,TRUE,16
Covariate:1,0.406047185949346,0.0658845931166811,TRUE,16
Covariate:2,-0.435333010653293,0.0766114368251456,TRUE,16
1-1,0.159855747686456,0.0391723830733945,TRUE,16
1-2,-0.00791571726916304,0.0221071921616716,TRUE,16
1-3,-0.00227168514927118,0.0133288947347563,TRUE,16
2-2,0.281414524094461,0.0538231523573593,TRUE,16
2-3,-0.00753501453449825,0.0157999570715929,TRUE,16
3-3,-0.227832449770164,0.0294476524192785,TRUE,16
(Intercept):1,-1.10343000887189,0.0441971409716056,TRUE,16
(Intercept):2,-1.5508402658254,0.0574247744581425,TRUE,16
Covariate:1,0.515818493387573,0.0642432890008789,TRUE,16
Covariate:2,-0.529884625537492,0.0735256841877358,TRUE,16
1-1,0.0880186200351792,0.0401361524034017,TRUE,16
1-2,-0.00355501010990693,0.0209582160417681,TRUE,16
1-3,-0.000817673487519776,0.0133853244474952,TRUE,16
2-2,0.0777567607141914,0.0659098736211587,TRUE,16
2-3,-0.0165152567709561,0.0147968291720758,TRUE,16
3-3,-0.226217633166291,0.0266680343032253,TRUE,16
(Intercept):1,-1.09102239096569,0.0420699099518372,TRUE,16
(Intercept):2,-1.52904911267942,0.0558428069567138,TRUE,16
Covariate:1,0.428428825554526,0.0666764927683923,TRUE,16
Covariate:2,-0.532499579645783,0.0777601078543915,TRUE,16
1-1,0.164418805729074,0.0376877908815054,TRUE,16
1-2,-0.0361885163045132,0.0217744076586749,TRUE,16
1-3,-0.0121381125108099,0.014191736674483,TRUE,16
2-2,0.148957822889081,0.0520863582786024,TRUE,16
2-3,-0.0185377713410395,0.0156699517154147,TRUE,16
3-3,-0.20693310606645,0.028207129914553,TRUE,16
(Intercept):1,-1.08158982167777,0.0433761341787468,TRUE,16
(Intercept):2,-1.5694029028488,0.0571405410301338,TRUE,16
Covariate:1,0.498501948151418,0.0621901183488054,TRUE,16
Covariate:2,-0.576081322187399,0.071121043404379,TRUE,16
1-1,0.0971830176446601,0.0386701271926631,TRUE,16
1-2,-0.0275297749993301,0.0210029716743946,TRUE,16
1-3,-0.0234373113954141,0.0133793930238805,TRUE,16
2-2,0.133094445473586,0.0612924099340807,TRUE,16
2-3,-0.031363390823906,0.0160380761157133,TRUE,16
3-3,-0.251577285933139,0.0291641726320955,TRUE,16
(Intercept):1,-1.10596660470497,0.0446189937488871,TRUE,16
(Intercept):2,-1.64694972572864,0.0585668469931609,TRUE,16
Covariate:1,0.565142378512654,0.0684752847794578,TRUE,16
Covariate:2,-0.447509171341172,0.0792279931685436,TRUE,16
1-1,0.0793877975343412,0.040364649233461,TRUE,16
1-2,-0.00674616083644561,0.0223056221030292,TRUE,16
1-3,0.000466115675400158,0.0144186854478004,TRUE,16
2-2,0.170145384663698,0.0581051125889177,TRUE,16
2-3,0.00270768826121101,0.0166365515698352,TRUE,16
3-3,-0.223540062452278,0.0289901929540643,TRUE,16
(Intercept):1,-1.06104235064677,0.0426414846595786,TRUE,16
(Intercept):2,-1.49565620951934,0.0526327235929086,FALSE,16
Covariate:1,0.474984974405213,0.0639387587357579,TRUE,16
Covariate:2,-0.43304674837738,0.076408537122654,TRUE,16
1-1,0.0426466922039423,0.0425813777955873,TRUE,16
1-2,-0.00108987910200858,0.0202443466390544,TRUE,16
1-3,0.0061664408943178,0.0132775425903858,TRUE,16
2-2,0.183310520583281,0.0545440197919949,TRUE,16
2-3,-0.0257425061131228,0.0150712842160431,TRUE,16
3-3,-0.196481595829963,0.0278031753604582,TRUE,16
(Intercept):1,-1.10373983882937,0.0425416815718458,TRUE,16
(Intercept):2,-1.54213550810235,0.0573778654075791,TRUE,16
Covariate:1,0.514834710499837,0.0669711413921268,TRUE,16
Covariate:2,-0.506676356321743,0.0751044135703852,TRUE,16
1-1,0.00222489635755964,0.041338372644546,FALSE,16
1-2,-0.0283903066951564,0.0218918919720016,TRUE,16
1-3,-0.011456734031337,0.0141105107248152,TRUE,16
2-2,0.111214046232533,0.0644789324392705,TRUE,16
2-3,-0.0269425452949142,0.0156507474017771,TRUE,16
3-3,-0.244713106197296,0.028709025580742,TRUE,16
(Intercept):1,-1.1140875092715,0.0434582979144265,TRUE,16
(Intercept):2,-1.65778828650422,0.0583202592466485,TRUE,16
Covariate:1,0.457814495217274,0.0659571040110435,TRUE,16
Covariate:2,-0.5645104416252,0.0771108469751404,TRUE,16
1-1,0.127501110562742,0.038437642855709,TRUE,16
1-2,0.0244021355581287,0.0205900553471474,TRUE,16
1-3,0.0205748879298428,0.01372268727887,TRUE,16
2-2,0.242795916325886,0.0605656003914768,TRUE,16
2-3,0.0239534803005507,0.0161940670892072,TRUE,16
3-3,-0.188056172676484,0.0283368496374013,TRUE,16
(Intercept):1,-0.998402157449468,0.0427650869597587,FALSE,16
(Intercept):2,-1.55519059242081,0.0585257691002397,TRUE,16
Covariate:1,0.527586859698782,0.0668216807038415,TRUE,16
Covariate:2,-0.488248534599466,0.0752843114101663,TRUE,16
1-1,-0.0149083776562003,0.0435401834972414,FALSE,16
1-2,-0.0230941016499255,0.021635069677609,TRUE,16
1-3,0.00687206983938908,0.0141498343573216,TRUE,16
2-2,0.220792676053157,0.0607547704583264,TRUE,16
2-3,0.00578300321101152,0.0170191535351808,TRUE,16
3-3,-0.193554879698165,0.0297673591536964,TRUE,16
(Intercept):1,-1.04822920210523,0.0419059239915773,TRUE,16
(Intercept):2,-1.51523457954581,0.0562355728513598,TRUE,16
Covariate:1,0.431398390212703,0.0611455283802516,TRUE,16
Covariate:2,-0.381093013869854,0.0754921023611795,TRUE,16
1-1,0.0538092142270601,0.0455370634108068,TRUE,16
1-2,-0.0299800425447337,0.0215801627704313,TRUE,16
1-3,-0.018262773746943,0.0133258275357882,TRUE,16
2-2,0.0373303010623222,0.0712434716471758,FALSE,16
2-3,-0.0225609801936022,0.0163462902204199,TRUE,16
3-3,-0.192448449853597,0.0272880172975775,TRUE,16
(Intercept):1,-1.13023555167222,0.0438351612110378,TRUE,16
(Intercept):2,-1.62448344743838,0.0572742772923572,TRUE,16
Covariate:1,0.561164382232209,0.0637546664208611,TRUE,16
Covariate:2,-0.5181958630551,0.0767076588385553,TRUE,16
1-1,0.180383489857789,0.0368293580936253,FALSE,16
1-2,-0.0178502691618316,0.0213417548388909,TRUE,16
1-3,0.0263093015036695,0.0141453032221717,TRUE,16
2-2,0.274594496122973,0.0550293059171985,TRUE,16
2-3,0.0280123743943673,0.0153748361683806,TRUE,16
3-3,-0.179429604692156,0.0273561684514956,TRUE,16
(Intercept):1,-1.10900406364283,0.0439984131316114,TRUE,16
(Intercept):2,-1.6637608980709,0.0567131970906868,TRUE,16
Covariate:1,0.512964652676588,0.0626256844880437,TRUE,16
Covariate:2,-0.578152481810846,0.0792682149139784,TRUE,16
1-1,0.0733548677308118,0.0428838309534726,TRUE,16
1-2,0.00325072859370916,0.0218041973163189,TRUE,16
1-3,-0.00178388920079466,0.013913561698948,TRUE,16
2-2,0.121033226293681,0.0646871771954495,TRUE,16
2-3,0.000402756532726055,0.015507572110447,TRUE,16
3-3,-0.233231855462618,0.0286365711076724,TRUE,16
(Intercept):1,-1.09977291233246,0.0426737280844444,TRUE,16
(Intercept):2,-1.67874453214917,0.0570365105878642,TRUE,16
Covariate:1,0.464573180275113,0.0644321596628198,TRUE,16
Covariate:2,-0.437731588251483,0.0753489198853424,TRUE,16
1-1,0.0877286969742486,0.0426943897025549,TRUE,16
1-2,0.0191235012780419,0.0215217919451641,TRUE,16
1-3,-0.00303786251904765,0.0141522406041067,TRUE,16
2-2,0.211697098930286,0.0598033577370912,TRUE,16
2-3,-0.00630620375160174,0.0159818839219219,TRUE,16
3-3,-0.234130501862629,0.028656452781673,TRUE,16
(Intercept):1,-1.07558662905007,0.0429384146848999,TRUE,16
(Intercept):2,-1.60618627783258,0.0566757416954393,TRUE,16
Covariate:1,0.558074919673001,0.0631313370407969,TRUE,16
Covariate:2,-0.46681638352735,0.0757487676282965,TRUE,16
1-1,0.0769566286367736,0.0405365896091601,TRUE,16
1-2,-0.00638309389152132,0.0205387614075252,TRUE,16
1-3,-0.020827211606416,0.013096550035607,TRUE,16
2-2,0.189613936195188,0.0580974316355773,TRUE,16
2-3,-0.014696382791583,0.0159325415806561,TRUE,16
3-3,-0.256881944258867,0.0287941448788277,TRUE,16
(Intercept):1,-1.07476315697591,0.0414124135900749,TRUE,16
(Intercept):2,-1.63827335501073,0.0581568655587985,TRUE,16
Covariate:1,0.583514948704457,0.0659818871288694,TRUE,16
Covariate:2,-0.354388583980972,0.0774676877614796,TRUE,16
1-1,0.070508577220712,0.0410365092671855,TRUE,16
1-2,-0.0232117751074801,0.020792339442802,TRUE,16
1-3,-0.0190352226702324,0.0135270744368893,TRUE,16
2-2,0.243498266783265,0.0598763203609836,TRUE,16
2-3,-0.00896488662836808,0.0161582957345893,TRUE,16
3-3,-0.215177066223658,0.0280681798637087,TRUE,16
(Intercept):1,-1.0839704409507,0.0444876453610497,TRUE,16
(Intercept):2,-1.64782588916516,0.0599652008030394,TRUE,16
Covariate:1,0.476425731435688,0.0695823606198948,TRUE,16
Covariate:2,-0.635785274942514,0.077717655728848,TRUE,16
1-1,0.152472416981884,0.0405242382880409,TRUE,16
1-2,-0.00131278926818322,0.0233471325444123,TRUE,16
1-3,0.0117011726193519,0.0138537326971474,TRUE,16
2-2,0.156139714485844,0.0646581577717118,TRUE,16
2-3,0.0127564258693786,0.016238659778264,TRUE,16
3-3,-0.170753106168764,0.0280862670635634,TRUE,16
(Intercept):1,-1.10948965979105,0.0446614762920989,TRUE,16
(Intercept):2,-1.67988458845391,0.0595269020956663,TRUE,16
Covariate:1,0.400600755596318,0.064526102841694,TRUE,16
Covariate:2,-0.580779702278914,0.0779220508129844,TRUE,16
1-1,0.0934059292644183,0.0438725592718711,TRUE,16
1-2,0.00190082864542787,0.0221219682418715,TRUE,16
1-3,-0.000573712370541946,0.0142062577006644,TRUE,16
2-2,0.222003691238314,0.0543345728558121,TRUE,16
2-3,0.0131136632176629,0.0158114988433035,TRUE,16
3-3,-0.234555477713614,0.0281620893321928,TRUE,16
(Intercept):1,-1.01192821627343,0.042994536041255,FALSE,16
(Intercept):2,-1.56842449564599,0.0568885567389261,TRUE,16
Covariate:1,0.370637723846604,0.0611142151185394,FALSE,16
Covariate:2,-0.529106156839434,0.0758820334761152,TRUE,16
1-1,0.0187910365783159,0.042697555917875,TRUE,16
1-2,-0.0193935413993018,0.0219122347474788,TRUE,16
1-3,-0.0148835916746665,0.0136154075378491,TRUE,16
2-2,0.148351785246699,0.060096880693207,TRUE,16
2-3,-0.0184662646358667,0.015337657836807,TRUE,16
3-3,-0.188547280863848,0.0286436918082365,TRUE,16
(Intercept):1,-1.1136634220254,0.0424317916178918,TRUE,16
(Intercept):2,-1.58508834168842,0.0557413866453895,TRUE,16
Covariate:1,0.437082772960802,0.0643420868808833,TRUE,16
Covariate:2,-0.57917727122196,0.077175595752574,TRUE,16
1-1,0.0887147775903881,0.0443758323394907,TRUE,16
1-2,-0.0207397063193054,0.0211184096381845,TRUE,16
1-3,0.002705554831411,0.0140704199391345,TRUE,16
2-2,0.214024575089248,0.0533539534969278,TRUE,16
2-3,-0.00160831678458966,0.0155803488598546,TRUE,16
3-3,-0.240039679235198,0.0289403835831511,TRUE,16
(Intercept):1,-1.07565400670781,0.0424089027882335,TRUE,16
(Intercept):2,-1.58275277573761,0.0559421271667444,TRUE,16
Covariate:1,0.485523380761234,0.0628803885018916,TRUE,16
Covariate:2,-0.537686340844021,0.0722124521287136,TRUE,16
1-1,0.134455204924687,0.040543887499353,TRUE,16
1-2,-0.0227017134919091,0.0213769935485255,TRUE,16
1-3,-0.0083423932836169,0.0145541453219904,TRUE,16
2-2,0.135267425610284,0.0556378148241454,TRUE,16
2-3,-0.00535696417507341,0.0161214474747326,TRUE,16
3-3,-0.26738139878529,0.0302594270400618,TRUE,16
(Intercept):1,-1.09659574458943,0.044325143334975,TRUE,16
(Intercept):2,-1.59251327298446,0.0577591632395854,TRUE,16
Covariate:1,0.516844526672887,0.0651239870092516,TRUE,16
Covariate:2,-0.490792506108071,0.0769137719164345,TRUE,16
1-1,0.0466092221716852,0.0422232443498494,TRUE,16
1-2,-0.00783932776061537,0.0208025084462354,TRUE,16
1-3,-0.0186870970007945,0.0140881431562466,TRUE,16
2-2,0.0706275481464544,0.0566510482451192,FALSE,16
2-3,-0.0281659862053168,0.0157248512964185,TRUE,16
3-3,-0.287587833486175,0.0272143533619094,FALSE,16
(Intercept):1,-1.08852101599493,0.0445052955862814,TRUE,16
(Intercept):2,-1.61193607421173,0.057577071040443,TRUE,16
Covariate:1,0.502039065676926,0.0630938294036071,TRUE,16
Covariate:2,-0.560207960135545,0.0838242829540953,TRUE,16
1-1,0.0609666792842799,0.0427646100818467,TRUE,16
1-2,0.0195124711772844,0.0212508513438476,TRUE,16
1-3,-0.00616404415665346,0.0136128201395436,TRUE,16
2-2,-0.00349442890496981,0.0704230750719585,FALSE,16
2-3,-0.00371584524736564,0.0156908083683119,TRUE,16
3-3,-0.260529723876133,0.0288698711481419,TRUE,16
(Intercept):1,-1.09735683884696,0.0432662921916884,TRUE,16
(Intercept):2,-1.59345003289901,0.0567649269070721,TRUE,16
Covariate:1,0.572239441308671,0.0653777068068044,TRUE,16
Covariate:2,-0.530943304192117,0.0779575515439238,TRUE,16
1-1,0.0928213750196459,0.0379007440156337,TRUE,16
1-2,0.0380074477169231,0.0211303438875247,TRUE,16
1-3,0.0166712347575157,0.0134372093661391,TRUE,16
2-2,0.207239303179295,0.056249013163041,TRUE,16
2-3,-0.00413337837454715,0.0158237146961523,TRUE,16
3-3,-0.186479120818841,0.0291906575230106,TRUE,16
(Intercept):1,-1.02860259114799,0.04189996919859,TRUE,16
(Intercept):2,-1.48807990353559,0.0542645987694562,FALSE,16
Covariate:1,0.348119659611548,0.0637333211052571,FALSE,16
Covariate:2,-0.66284225526884,0.0720788047094955,FALSE,16
1-1,0.0954043252198479,0.0393377632390592,TRUE,16
1-2,-0.0492547148419714,0.019767389416386,FALSE,16
1-3,-0.0206455524966332,0.0138819125341741,TRUE,16
2-2,0.139772849947976,0.0546242930129709,TRUE,16
2-3,-0.0203868699260759,0.0149688408774267,TRUE,16
3-3,-0.230677472928629,0.0289582740945442,TRUE,16
(Intercept):1,-1.07648850122292,0.0430575873435411,TRUE,16
(Intercept):2,-1.627073353187,0.0581122986550451,TRUE,16
Covariate:1,0.523175821255603,0.0652732572141827,TRUE,16
Covariate:2,-0.455361805547145,0.0768058208499482,TRUE,16
1-1,0.151236111768417,0.0388566806030852,TRUE,16
1-2,-0.0169290979155611,0.0210401370298932,TRUE,16
1-3,-0.0125837625685524,0.0135306552577457,TRUE,16
2-2,0.232068286963778,0.0565504303645835,TRUE,16
2-3,-0.00846082970020335,0.0158915845261764,TRUE,16
3-3,-0.227595456333077,0.0290289818451674,TRUE,16
(Intercept):1,-1.05096050390847,0.0429200353195612,TRUE,16
(Intercept):2,-1.57119518920038,0.0583825205479691,TRUE,16
Covariate:1,0.566802009447237,0.06503267313195,TRUE,16
Covariate:2,-0.443125688602182,0.0774063131992815,TRUE,16
1-1,0.0947916877268394,0.0431462722546643,TRUE,16
1-2,-0.0259205297428141,0.0224278768784833,TRUE,16
1-3,-0.00758250037828019,0.0142242981086456,TRUE,16
2-2,0.207240754577733,0.0659878587182115,TRUE,16
2-3,0.00042301712025619,0.0159361684270464,TRUE,16
3-3,-0.18692603254975,0.0284895719832283,TRUE,16
(Intercept):1,-1.04758576910769,0.0429750629683441,TRUE,16
(Intercept):2,-1.60040043263137,0.0581989013524176,TRUE,16
Covariate:1,0.508747454157961,0.0643102435135689,TRUE,16
Covariate:2,-0.453256675410331,0.0754229097000261,TRUE,16
1-1,0.0394173259440004,0.0416852805891767,TRUE,16
1-2,-0.0428510486736762,0.0223866156666702,TRUE,16
1-3,-0.0341453626608401,0.0141484767441987,FALSE,16
2-2,0.179667369488414,0.057542933368622,TRUE,16
2-3,-0.0307739745812994,0.0166058208113045,TRUE,16
3-3,-0.281225592770979,0.0286741061699288,FALSE,16
(Intercept):1,-1.09987123011087,0.0424982564636373,TRUE,16
(Intercept):2,-1.69757662253141,0.056562918042026,TRUE,16
Covariate:1,0.422692251076247,0.0678890225072205,TRUE,16
Covariate:2,-0.579211395839985,0.0842590723904621,TRUE,16
1-1,0.0953571670224824,0.0411719168277976,TRUE,16
1-2,0.0261954402351413,0.0208309439784953,TRUE,16
1-3,0.00242637850736794,0.0136137033118603,TRUE,16
2-2,0.222079905548066,0.0516146286991253,TRUE,16
2-3,0.0218710587029645,0.0155905661551894,TRUE,16
3-3,-0.2155934932954,0.0285656705962996,TRUE,16
(Intercept):1,-1.06600838971355,0.0431641607434178,TRUE,16
(Intercept):2,-1.67533778401718,0.0599144962091847,TRUE,16
Covariate:1,0.501543724562457,0.0648362369960376,TRUE,16
Covariate:2,-0.510552028317633,0.0772780929239769,TRUE,16
1-1,0.0691596120022936,0.043059964138064,TRUE,16
1-2,0.00398440947567942,0.0219330839416255,TRUE,16
1-3,-0.0200970128560179,0.0140819324462828,TRUE,16
2-2,0.196733235316871,0.0538060414500131,TRUE,16
2-3,0.012081479321412,0.0163991475670977,TRUE,16
3-3,-0.234615642630729,0.0297487364842451,TRUE,16
(Intercept):1,-1.04062118742861,0.0419416195592109,TRUE,16
(Intercept):2,-1.54928596601397,0.055963676433759,TRUE,16
Covariate:1,0.528700815757341,0.0632180826471171,TRUE,16
Covariate:2,-0.383284420865338,0.0729965573616717,TRUE,16
1-1,0.146010453103289,0.0371235285885275,TRUE,16
1-2,-0.0175311701687374,0.0206975098152758,TRUE,16
1-3,-0.00370244385833114,0.0132981921401116,TRUE,16
2-2,0.189989643767458,0.052620370358087,TRUE,16
2-3,0.00316978274118259,0.0155123974326273,TRUE,16
3-3,-0.204628965640191,0.0291708553494583,TRUE,16
(Intercept):1,-1.04379984294675,0.04066842900291,TRUE,16
(Intercept):2,-1.63958063407543,0.0593146974001923,TRUE,16
Covariate:1,0.437778715727398,0.0586530895783898,TRUE,16
Covariate:2,-0.576003958526771,0.0768269228177246,TRUE,16
1-1,0.0467615374674323,0.0468525323941618,TRUE,16
1-2,-0.0126722893051969,0.0230846591914749,TRUE,16
1-3,-0.0379174429383836,0.0133873393759782,FALSE,16
2-2,0.17231214583162,0.0570448624950346,TRUE,16
2-3,-0.0269857902798738,0.0162768500563642,TRUE,16
3-3,-0.207176775517358,0.0286147856045693,TRUE,16
(Intercept):1,-1.09787492448126,0.0420035972304704,TRUE,16
(Intercept):2,-1.65620567151833,0.0581073874082032,TRUE,16
Covariate:1,0.512044510040943,0.0649089786429866,TRUE,16
Covariate:2,-0.45943177594833,0.0771373594488354,TRUE,16
1-1,0.0433997913031779,0.045041960952911,TRUE,16
1-2,0.0162168348663557,0.0216550185362323,TRUE,16
1-3,-0.019541772354637,0.0134050476886109,TRUE,16
2-2,0.244704885620363,0.0517794494171641,TRUE,16
2-3,-0.0152731397047324,0.0161482237425025,TRUE,16
3-3,-0.244789836735821,0.0296500050036706,TRUE,16
(Intercept):1,-1.10587881887856,0.041364050673093,TRUE,16
(Intercept):2,-1.67404620964101,0.0558551690862426,TRUE,16
Covariate:1,0.563732224401575,0.0681825928323125,TRUE,16
Covariate:2,-0.437749718167867,0.0776080956825439,TRUE,16
1-1,0.0438220244263595,0.0419202183249514,TRUE,16
1-2,-0.00172971547343472,0.0208268552624273,TRUE,16
1-3,-0.00666831557510237,0.0139223194789342,TRUE,16
2-2,0.222224451431456,0.0484351796887485,TRUE,16
2-3,0.00712958253304736,0.0158936308255074,TRUE,16
3-3,-0.288977546351618,0.0296431150047461,FALSE,16
(Intercept):1,-1.09011206267132,0.0439677370470047,TRUE,16
(Intercept):2,-1.58491041232167,0.0602026073091312,TRUE,16
Covariate:1,0.418526904600509,0.0657384382154574,TRUE,16
Covariate:2,-0.486995533888198,0.0810318318864995,TRUE,16
1-1,0.0739213231245124,0.0435893009131826,TRUE,16
1-2,-0.0164465246562352,0.0226513560910889,TRUE,16
1-3,-0.00798132323318796,0.0139177327500002,TRUE,16
2-2,0.0293806876733378,0.0637257567876765,FALSE,16
2-3,0.0029565428101884,0.0161666403828706,TRUE,16
3-3,-0.263128534027183,0.0274059746464998,TRUE,16
(Intercept):1,-1.04850576733375,0.0414421587374196,TRUE,16
(Intercept):2,-1.56206429622809,0.0583239073613231,TRUE,16
Covariate:1,0.517988178838473,0.066291226604177,TRUE,16
Covariate:2,-0.455739034735898,0.0830697596208822,TRUE,16
1-1,0.108528801372565,0.0403022928511799,TRUE,16
1-2,-0.0210709247526802,0.0211511393472879,TRUE,16
1-3,-0.00229126874973403,0.0129775218329257,TRUE,16
2-2,0.141372326731483,0.0606826388448577,TRUE,16
2-3,-0.00200520467215697,0.0160215077301778,TRUE,16
3-3,-0.198089398587197,0.0289163097446268,TRUE,16
(Intercept):1,-1.02600831631945,0.0406473834989759,TRUE,16
(Intercept):2,-1.51370388673375,0.0538601293448592,TRUE,16
Covariate:1,0.567090983831387,0.0657718087372389,TRUE,16
Covariate:2,-0.410605240147587,0.0790909355591173,TRUE,16
1-1,0.103413611755522,0.0387755094180982,TRUE,16
1-2,-0.0475816679373614,0.020432198486752,FALSE,16
1-3,-0.0368369609454543,0.0129168647685473,FALSE,16
2-2,0.0362999765412019,0.0631865632235152,FALSE,16
2-3,-0.0405795853683145,0.0163892793674856,FALSE,16
3-3,-0.276484289346332,0.0292433565443523,TRUE,16
(Intercept):1,-1.03480970062918,0.0402728629085102,TRUE,16
(Intercept):2,-1.63491168118913,0.0579479705327663,TRUE,16
Covariate:1,0.452104941200773,0.0626551164992941,TRUE,16
Covariate:2,-0.500603389093625,0.077253131433958,TRUE,16
1-1,0.125592426129752,0.0382494987030614,TRUE,16
1-2,-0.0153505147155597,0.0205368652505616,TRUE,16
1-3,-0.0218594536332527,0.0135050132890754,TRUE,16
2-2,0.144930209550673,0.0639937681501403,TRUE,16
2-3,-0.00335485379558787,0.0156954352911297,TRUE,16
3-3,-0.215900795259649,0.0292274236306716,TRUE,16
(Intercept):1,-1.14090433088487,0.0443938311671702,TRUE,16
(Intercept):2,-1.59560188792804,0.0588166292928446,TRUE,16
Covariate:1,0.523719214058521,0.0659845099044751,TRUE,16
Covariate:2,-0.511576190707551,0.0745816900141891,TRUE,16
1-1,0.0746542474732434,0.0410487838565659,TRUE,16
1-2,0.0192415670870121,0.0205180358440597,TRUE,16
1-3,-0.0124457275453918,0.0136016002982232,TRUE,16
2-2,0.157461176452994,0.0570127370435578,TRUE,16
2-3,-0.0212281339373318,0.0152706239896447,TRUE,16
3-3,-0.234076919545773,0.0284014304221425,TRUE,16
(Intercept):1,-1.04698589181322,0.0418484305758052,TRUE,16
(Intercept):2,-1.61766845545157,0.0577956863421488,TRUE,16
Covariate:1,0.560729275487535,0.0666910210494661,TRUE,16
Covariate:2,-0.480664204071502,0.0761960147965127,TRUE,16
1-1,0.0605743647327735,0.0416719669743337,TRUE,16
1-2,-0.0456264009951226,0.0226735065911929,FALSE,16
1-3,-0.0307335149554641,0.0130079485915926,FALSE,16
2-2,0.134753252215874,0.0648826360901203,TRUE,16
2-3,-0.0042030533512174,0.0152716091653049,TRUE,16
3-3,-0.210602602794947,0.0286431841535891,TRUE,16
(Intercept):1,-1.1119640988397,0.0439117697680836,TRUE,16
(Intercept):2,-1.58849999234306,0.0562277804489908,TRUE,16
Covariate:1,0.474235408064941,0.0629550511894295,TRUE,16
Covariate:2,-0.481881453898502,0.077792861310172,TRUE,16
1-1,0.0662467429764006,0.0418637727781498,TRUE,16
1-2,0.014254339705667,0.0214344551634712,TRUE,16
1-3,0.0186010570438773,0.0137827124303733,TRUE,16
2-2,0.206175182195865,0.0536926370825822,TRUE,16
2-3,0.00640890038087589,0.0164438715422378,TRUE,16
3-3,-0.227350445829594,0.0289819177367954,TRUE,16
(Intercept):1,-1.02557993449475,0.0431255895210185,TRUE,16
(Intercept):2,-1.56800308981002,0.056053631223242,TRUE,16
Covariate:1,0.572972481980026,0.0663004544986013,TRUE,16
Covariate:2,-0.462593238410205,0.0747032505038164,TRUE,16
1-1,0.0497650333631392,0.0411406171428096,TRUE,16
1-2,-0.0431251409084127,0.0213660512089821,FALSE,16
1-3,-0.0168005938309858,0.0137760724530505,TRUE,16
2-2,0.181664508938732,0.054768510428301,TRUE,16
2-3,-0.00745498030971453,0.0162046153195116,TRUE,16
3-3,-0.272264536488447,0.0290654068886697,TRUE,16
(Intercept):1,-1.13924929275856,0.045431000968942,TRUE,16
(Intercept):2,-1.51006308976756,0.0545875298115444,TRUE,16
Covariate:1,0.507806704618572,0.0643704349507442,TRUE,16
Covariate:2,-0.552266610393521,0.0770259498840129,TRUE,16
1-1,0.0950102386146977,0.039196530818787,TRUE,16
1-2,-0.0108261515432145,0.0218145289679099,TRUE,16
1-3,0.00587716380438564,0.014431632400787,TRUE,16
2-2,0.116526259046848,0.0603715886418736,TRUE,16
2-3,-0.0184992910415242,0.0156192983531936,TRUE,16
3-3,-0.221655514854731,0.0281319847897936,TRUE,16
(Intercept):1,-1.13766514293656,0.0420491014099609,TRUE,16
(Intercept):2,-1.71076309108121,0.0625488612767857,TRUE,16
Covariate:1,0.514921494272298,0.0648089270405172,TRUE,16
Covariate:2,-0.443350269259079,0.0775775920312266,TRUE,16
1-1,0.125668366963034,0.0370045936113259,TRUE,16
1-2,0.0173934141199043,0.020583557861017,TRUE,16
1-3,-0.0052811070552773,0.013736041396122,TRUE,16
2-2,0.22029117698635,0.0545927673509118,TRUE,16
2-3,-0.000737951748573567,0.0169734529046413,TRUE,16
3-3,-0.230512142921311,0.0294132612499419,TRUE,16
(Intercept):1,-1.02528975871667,0.0431063337495077,TRUE,16
(Intercept):2,-1.57362248987017,0.0589493814098341,TRUE,16
Covariate:1,0.369432362526619,0.0611261292424328,FALSE,16
Covariate:2,-0.494479066153205,0.0759006830948179,TRUE,16
1-1,0.0964457141383168,0.0411252966208019,TRUE,16
1-2,-0.0149015961523467,0.0219626773684053,TRUE,16
1-3,-0.00720722928762399,0.0148935125923909,TRUE,16
2-2,0.210515174286749,0.0555274393320122,TRUE,16
2-3,-0.00631844765251441,0.0169030004796361,TRUE,16
3-3,-0.220892934119278,0.0290604376918087,TRUE,16
(Intercept):1,-1.13039096775518,0.0426823433182361,TRUE,16
(Intercept):2,-1.66847991244756,0.0564241386822344,TRUE,16
Covariate:1,0.395969186538029,0.0639355721208702,TRUE,16
Covariate:2,-0.593717900164901,0.0814670726394169,TRUE,16
1-1,0.0377517325525068,0.0428317235156556,TRUE,16
1-2,0.00517928904430332,0.0218842799017511,TRUE,16
1-3,-0.0123506718508212,0.0140963300978396,TRUE,16
2-2,0.138798241357944,0.062244602112888,TRUE,16
2-3,-0.00983821828936406,0.0164465536920528,TRUE,16
3-3,-0.275465648219657,0.0300592068445245,TRUE,16
(Intercept):1,-1.09063593285295,0.042096261096589,TRUE,16
(Intercept):2,-1.51304595812429,0.0547819192301071,TRUE,16
Covariate:1,0.534307196874744,0.0660193047952242,TRUE,16
Covariate:2,-0.495942830008093,0.0755060803680047,TRUE,16
1-1,0.102132580201462,0.0421794862009011,TRUE,16
1-2,-0.00730019185660056,0.0218221261885239,TRUE,16
1-3,-0.0039351676062831,0.0137128980367188,TRUE,16
2-2,0.188636723411005,0.0551190397188124,TRUE,16
2-3,-0.00331487953277866,0.0155211319909357,TRUE,16
3-3,-0.18780734957126,0.0284437619166402,TRUE,16
(Intercept):1,-1.02725305820036,0.0407560720512996,TRUE,16
(Intercept):2,-1.56332832656007,0.0564455945325518,TRUE,16
Covariate:1,0.450579722113205,0.0627708028405803,TRUE,16
Covariate:2,-0.503141436817311,0.0739064743963952,TRUE,16
1-1,0.0569033681348519,0.041941475360425,TRUE,16
1-2,-0.0470895374195885,0.0203828211428189,FALSE,16
1-3,-0.0187780475517853,0.0133251298981457,TRUE,16
2-2,0.215735002415313,0.0518817407744326,TRUE,16
2-3,-0.0139543048644285,0.0150549832276885,TRUE,16
3-3,-0.23167880863674,0.0266447011631415,TRUE,16
(Intercept):1,-1.06122600349118,0.0415092747155763,TRUE,16
(Intercept):2,-1.71193859071122,0.0557707854648805,TRUE,16
Covariate:1,0.510134051661554,0.0633612293418186,TRUE,16
Covariate:2,-0.553343592929239,0.0770982859626096,TRUE,16
1-1,0.0775381258240393,0.0421879658535526,TRUE,16
1-2,0.0285057146823174,0.0202933785181571,TRUE,16
1-3,-0.00201157096013059,0.0146463033971396,TRUE,16
2-2,0.293464610925081,0.0562956731292812,FALSE,16
2-3,0.0199406035274673,0.0157083372425918,TRUE,16
3-3,-0.19927695152648,0.0300612534508691,TRUE,16
(Intercept):1,-1.11299697302736,0.0431179120421931,TRUE,16
(Intercept):2,-1.75924923219672,0.0635462530378638,FALSE,16
Covariate:1,0.638326595380812,0.064376084520836,FALSE,16
Covariate:2,-0.511679831105179,0.0809153760028402,TRUE,16
1-1,0.0997960481219444,0.0395312605559007,TRUE,16
1-2,0.0273614357491518,0.022274178125848,TRUE,16
1-3,0.0205058266319675,0.0144626984968278,TRUE,16
2-2,0.294013307434182,0.057443079880722,TRUE,16
2-3,0.03862665543987,0.0165654295456939,FALSE,16
3-3,-0.185971770281191,0.028452560678061,TRUE,16
(Intercept):1,-1.08224550236145,0.0418068033125755,TRUE,16
(Intercept):2,-1.57076642816923,0.0558068260718691,TRUE,16
Covariate:1,0.562228372101763,0.0683485955992984,TRUE,16
Covariate:2,-0.462286026246202,0.0797815424174191,TRUE,16
1-1,0.0639250328680624,0.0405089916313905,TRUE,16
1-2,0.000733420751401957,0.0209813304062479,TRUE,16
1-3,-0.000303674640794758,0.013676027237772,TRUE,16
2-2,0.0744558272035963,0.0616119627841315,TRUE,16
2-3,-0.000348742819738203,0.016682950463057,TRUE,16
3-3,-0.225697485627837,0.0287157259759456,TRUE,16
(Intercept):1,-1.0935947225416,0.0427057784859189,TRUE,16
(Intercept):2,-1.68988567410262,0.0619545159687903,TRUE,16
Covariate:1,0.511308948934484,0.0633492065752857,TRUE,16
Covariate:2,-0.411682675019956,0.0768384871823199,TRUE,16
1-1,0.103985023831336,0.0397346435016544,TRUE,16
1-2,-0.0130670403788161,0.0210688902343253,TRUE,16
1-3,-0.00144810478823389,0.0137077724440841,TRUE,16
2-2,0.302106230158212,0.0474648615094298,FALSE,16
2-3,0.0187854078690789,0.0160984007737228,TRUE,16
3-3,-0.178591092357288,0.0278633597291492,TRUE,16
(Intercept):1,-1.04710463971231,0.0434998423078198,TRUE,16
(Intercept):2,-1.56499025006162,0.05419422148219,TRUE,16
Covariate:1,0.522604470785513,0.0629624056724789,TRUE,16
Covariate:2,-0.317830690966725,0.0726174432943939,FALSE,16
1-1,-0.00742989169086625,0.0447615319953666,FALSE,16
1-2,-0.0330596717904513,0.021816415456919,TRUE,16
1-3,-0.006830784963747,0.0139730170743289,TRUE,16
2-2,0.215260688248907,0.0575941705211353,TRUE,16
2-3,-0.00611489179026312,0.0158411485510346,TRUE,16
3-3,-0.22495543644987,0.0286832873443866,TRUE,16
(Intercept):1,-1.165571905076,0.0433290682871169,TRUE,16
(Intercept):2,-1.66657360083072,0.0603597859439591,TRUE,16
Covariate:1,0.428570877595736,0.0616292060534162,TRUE,16
Covariate:2,-0.565166550306436,0.0780988640598363,TRUE,16
1-1,0.100799567671054,0.0417094281497497,TRUE,16
1-2,0.0132214247309374,0.0213386643134779,TRUE,16
1-3,-0.0152428511469906,0.0141206723448959,TRUE,16
2-2,0.208675067342724,0.0511351604022952,TRUE,16
2-3,-0.0185013247026383,0.0160901006985001,TRUE,16
3-3,-0.286106470185052,0.0295934486196211,FALSE,16
(Intercept):1,-1.0288424876548,0.0419698711953031,TRUE,16
(Intercept):2,-1.60395240504702,0.0553481337997615,TRUE,16
Covariate:1,0.453734308054462,0.0651626870438947,TRUE,16
Covariate:2,-0.641360460179894,0.0766877348053928,TRUE,16
1-1,0.0943656192101137,0.0386674154414096,TRUE,16
1-2,0.00105022804441187,0.0192211527495519,TRUE,16
1-3,-0.0226330748232333,0.0142156359464551,TRUE,16
2-2,0.123317459789786,0.0553738507649108,TRUE,16
2-3,-0.00379890394303475,0.0162384924392395,TRUE,16
3-3,-0.259863238673756,0.0297971268199601,TRUE,16
(Intercept):1,-1.1489485853508,0.0437123230127736,TRUE,16
(Intercept):2,-1.62849513743271,0.0575924968870337,TRUE,16
Covariate:1,0.442301666764229,0.0621021085822501,TRUE,16
Covariate:2,-0.535713998377788,0.0762818790941246,TRUE,16
1-1,0.0919969588420183,0.0410991355164026,TRUE,16
1-2,-0.0242727214125703,0.0210662702248739,TRUE,16
1-3,-0.0074563668572612,0.0136736760881677,TRUE,16
2-2,0.209232996838221,0.051562660012474,TRUE,16
2-3,-0.00719437959173724,0.0155781592083892,TRUE,16
3-3,-0.296802719026517,0.0281461107117462,FALSE,16
(Intercept):1,-1.22497261288821,0.0443398189798416,FALSE,16
(Intercept):2,-1.61603975294353,0.0585694122279413,TRUE,16
Covariate:1,0.476222827872416,0.067331472060231,TRUE,16
Covariate:2,-0.49308015083102,0.0773551230571696,TRUE,16
1-1,0.08332565873827,0.043346575753944,TRUE,16
1-2,0.00667180699328554,0.0227671761738078,TRUE,16
1-3,0.00351982081382341,0.0140729255381199,TRUE,16
2-2,0.0902452045991382,0.065836036204506,TRUE,16
2-3,-0.0176289454952298,0.0163355325444409,TRUE,16
3-3,-0.273904733536332,0.0293905215049616,TRUE,16
(Intercept):1,-1.09598311922417,0.0423531565388186,TRUE,16
(Intercept):2,-1.59861844538435,0.0583306813284605,TRUE,16
Covariate:1,0.574483809692627,0.0644909873915684,TRUE,16
Covariate:2,-0.489757477027735,0.0757650051277583,TRUE,16
1-1,0.0946006725861341,0.0386095908693375,TRUE,16
1-2,0.023366511846586,0.019924892008304,TRUE,16
1-3,0.0150526010324979,0.0130494804044068,TRUE,16
2-2,0.141534464375638,0.0556701048819858,TRUE,16
2-3,0.00683016001885961,0.0157176630534104,TRUE,16
3-3,-0.212907948753529,0.0270436206158914,TRUE,16
(Intercept):1,-1.07376119930364,0.0424761593136024,TRUE,16
(Intercept):2,-1.715156437771,0.0553821910834715,TRUE,16
Covariate:1,0.489378590088804,0.0620606016790644,TRUE,16
Covariate:2,-0.526493878198286,0.0766567730572144,TRUE,16
1-1,0.139321233589833,0.0403665565363328,TRUE,16
1-2,0.00181624429558716,0.0216497303844829,TRUE,16
1-3,0.00382730810893948,0.014191344373192,TRUE,16
2-2,0.249790024429665,0.0575149351616073,TRUE,16
2-3,0.0125019955614277,0.0163611925183362,TRUE,16
3-3,-0.219032799702783,0.0277704750485101,TRUE,16
(Intercept):1,-1.04774994739901,0.0420538301375293,TRUE,16
(Intercept):2,-1.52546519862604,0.0558490464600056,TRUE,16
Covariate:1,0.439276850900981,0.0630057006859096,TRUE,16
Covariate:2,-0.517216202332734,0.0737105259383699,TRUE,16
1-1,0.0349357733071032,0.041694155370765,TRUE,16
1-2,-0.0293532132395407,0.0205988359646249,TRUE,16
1-3,-0.0146047638115108,0.0136490021715299,TRUE,16
2-2,0.110589785220824,0.0607047970282263,TRUE,16
2-3,-0.0175559634483586,0.0154321487006256,TRUE,16
3-3,-0.21193242198841,0.0292736449287018,TRUE,16
(Intercept):1,-1.08312209514089,0.0421281527568196,TRUE,16
(Intercept):2,-1.56919255238251,0.0569969579570539,TRUE,16
Covariate:1,0.447125669423002,0.0599767613940039,TRUE,16
Covariate:2,-0.441423588733615,0.0803677952283779,TRUE,16
1-1,0.0520926161083319,0.0428301918321245,TRUE,16
1-2,-0.0296940414614983,0.0217820045482661,TRUE,16
1-3,-0.00729984054766912,0.0132660548803503,TRUE,16
2-2,0.184864903938291,0.0544055492830411,TRUE,16
2-3,-0.0318644531542525,0.0165916896021642,TRUE,16
3-3,-0.240077284787799,0.0294279947890708,TRUE,16
(Intercept):1,-1.12915572657873,0.0442601411731876,TRUE,16
(Intercept):2,-1.51690950667879,0.0549892565677952,TRUE,16
Covariate:1,0.55648287135173,0.0655792142155155,TRUE,16
Covariate:2,-0.45159295159389,0.0755458126481508,TRUE,16
1-1,0.0740368192580716,0.0433307867918541,TRUE,16
1-2,0.00374561961171713,0.0205527599189499,TRUE,16
1-3,-0.00633931599502595,0.0140041348330893,TRUE,16
2-2,0.161214957243809,0.0631944997448064,TRUE,16
2-3,-0.0410290581581023,0.0160894434149939,FALSE,16
3-3,-0.242726255125235,0.0289729118774753,TRUE,16
(Intercept):1,-1.09810878440058,0.0422104087994109,TRUE,16
(Intercept):2,-1.58990175582122,0.0598330411682393,TRUE,16
Covariate:1,0.461628211695554,0.063155122662566,TRUE,16
Covariate:2,-0.545904594498357,0.0787635243412495,TRUE,16
1-1,0.12048859749945,0.0377564575894974,TRUE,16
1-2,-0.0190492661557917,0.0214994574996171,TRUE,16
1-3,-0.0191237394417215,0.0141944550874867,TRUE,16
2-2,0.175951634496452,0.0556572189719968,TRUE,16
2-3,-0.0091487137181091,0.0161848738316407,TRUE,16
3-3,-0.264059949056524,0.0302035162481827,TRUE,16
(Intercept):1,-1.08000240160292,0.0416660154768605,TRUE,16
(Intercept):2,-1.58572097866616,0.0562344973422456,TRUE,16
Covariate:1,0.551303810244791,0.0642367708139896,TRUE,16
Covariate:2,-0.274465767217386,0.069963352722765,FALSE,16
1-1,0.0834415896982602,0.0429922044433484,TRUE,16
1-2,0.000849888725776344,0.021711775749674,TRUE,16
1-3,0.0232116989774167,0.0140553277777901,TRUE,16
2-2,0.307670187289993,0.0573675033317607,FALSE,16
2-3,0.00574796198930167,0.0163035642420661,TRUE,16
3-3,-0.172988947229218,0.0297596157385296,TRUE,16
(Intercept):1,-1.11175370873457,0.04386942590911,TRUE,16
(Intercept):2,-1.68233797141412,0.0573655031990611,TRUE,16
Covariate:1,0.519874396966358,0.0630954954859574,TRUE,16
Covariate:2,-0.520749853638782,0.0784524798315389,TRUE,16
1-1,0.116497271085601,0.04149956108834,TRUE,16
1-2,0.017697521220801,0.0216068802390035,TRUE,16
1-3,-0.00387132567250554,0.0151458535556619,TRUE,16
2-2,0.108896427085729,0.0675833552231767,TRUE,16
2-3,0.0120417938446508,0.0165079287728137,TRUE,16
3-3,-0.276729193815003,0.0329367705438563,TRUE,16
(Intercept):1,-1.05241021591677,0.0429146182195822,TRUE,16
(Intercept):2,-1.56195230084215,0.0532344189839033,TRUE,16
Covariate:1,0.444296811241591,0.0626460962780248,TRUE,16
Covariate:2,-0.415618515242497,0.0781783703413048,TRUE,16
1-1,0.0924051748354801,0.0378579241172233,TRUE,16
1-2,0.0150862816206364,0.0219628766946234,TRUE,16
1-3,-0.00546896369983124,0.0138389722395314,TRUE,16
2-2,0.192616330183715,0.057453166554176,TRUE,16
2-3,-0.00624762280214879,0.0160020744779689,TRUE,16
3-3,-0.217797359168181,0.0299119717053016,TRUE,16
(Intercept):1,-1.12070627114164,0.0417365416805642,TRUE,16
(Intercept):2,-1.52686154241523,0.0547010673892015,TRUE,16
Covariate:1,0.481464581783553,0.0662933973547756,TRUE,16
Covariate:2,-0.541550904491551,0.07589235926817,TRUE,16
1-1,0.01935420643274,0.0434459615245453,TRUE,16
1-2,-0.0200100111023681,0.0214883966943421,TRUE,16
1-3,-0.010801892392474,0.0140542669368346,TRUE,16
2-2,0.156948667436864,0.0575553993172624,TRUE,16
2-3,-0.0400631377711192,0.0165866974186043,FALSE,16
3-3,-0.254294009933662,0.0296712431590822,TRUE,16
(Intercept):1,-1.04248768306753,0.0413783967105344,TRUE,16
(Intercept):2,-1.52756566647874,0.0583076849961822,TRUE,16
Covariate:1,0.511127573956552,0.0666902870577934,TRUE,16
Covariate:2,-0.481192822437886,0.0759501311892347,TRUE,16
1-1,0.0089444842124031,0.0404277124311444,FALSE,16
1-2,-0.073565252669516,0.0232518921532545,FALSE,16
1-3,-0.0344489096716528,0.0137672557278739,FALSE,16
2-2,0.0930645865523361,0.0546016260557379,TRUE,16
2-3,-0.0399654325283858,0.0163746810255615,FALSE,16
3-3,-0.270435043787078,0.0290883375390112,TRUE,16
(Intercept):1,-1.08178424614164,0.0423810065464938,TRUE,16
(Intercept):2,-1.53104130082202,0.0569117397713022,TRUE,16
Covariate:1,0.395401598360058,0.0619132569120125,TRUE,16
Covariate:2,-0.415212572848505,0.0759390180184171,TRUE,16
1-1,0.0889944705966739,0.0415191923142952,TRUE,16
1-2,-0.0329966208397136,0.0222539300856887,TRUE,16
1-3,0.00412356685447086,0.0134945257300426,TRUE,16
2-2,0.139626885239068,0.0635073058262237,TRUE,16
2-3,-0.0246939186235699,0.0158286648578022,TRUE,16
3-3,-0.236583718798998,0.0284175328047836,TRUE,16
(Intercept):1,-1.04767796954264,0.0428991436317122,TRUE,16
(Intercept):2,-1.60718612306287,0.0568854542010746,TRUE,16
Covariate:1,0.422782694224767,0.0649067006768064,TRUE,16
Covariate:2,-0.311154751890115,0.0810196830181893,FALSE,16
1-1,0.0637513685034946,0.0440138096535563,TRUE,16
1-2,-0.0242746623163875,0.0224395449656544,TRUE,16
1-3,0.0014546878439123,0.0137767666608351,TRUE,16
2-2,0.220230864305196,0.05593409641936,TRUE,16
2-3,0.00774006119057006,0.0157721489874513,TRUE,16
3-3,-0.174400249064857,0.0278017219120594,TRUE,16
(Intercept):1,-1.07058379666545,0.0445305381639474,TRUE,16
(Intercept):2,-1.68583511161997,0.056724964597658,TRUE,16
Covariate:1,0.465549001829411,0.0649344432619958,TRUE,16
Covariate:2,-0.668193887298004,0.0820227889840898,FALSE,16
1-1,0.0914826753271853,0.0423028275631073,TRUE,16
1-2,0.0178949053814526,0.020812843143,TRUE,16
1-3,-0.00671408418343444,0.0144487160302881,TRUE,16
2-2,0.123450925692797,0.0668943715467264,TRUE,16
2-3,0.00760454280943262,0.0157428448698097,TRUE,16
3-3,-0.22329126517909,0.0292626063114743,TRUE,16
(Intercept):1,-1.0444926282674,0.0412842653284568,TRUE,16
(Intercept):2,-1.58131334428838,0.0552691833956692,TRUE,16
Covariate:1,0.509237041510089,0.0616849542835205,TRUE,16
Covariate:2,-0.564221749355658,0.0787731288868827,TRUE,16
1-1,0.0909948252069873,0.0419069090876523,TRUE,16
1-2,-0.0133315815933629,0.021192268779103,TRUE,16
1-3,-0.025708643673227,0.0137630860861412,TRUE,16
2-2,0.0937020472059111,0.0567728330635368,TRUE,16
2-3,-0.00523875868901378,0.0159504534460084,TRUE,16
3-3,-0.238435459646508,0.0271405962945578,TRUE,16
(Intercept):1,-1.0245784282964,0.044499802658478,TRUE,16
(Intercept):2,-1.49664142658829,0.0542819738218485,FALSE,16
Covariate:1,0.41953841201066,0.0632285618332185,TRUE,16
Covariate:2,-0.468320608034677,0.0717221337017107,TRUE,16
1-1,0.0240019334273253,0.0405827387689636,TRUE,16
1-2,-0.0259967266040733,0.0204397082455118,TRUE,16
1-3,-0.00773231634353166,0.0135522879475618,TRUE,16
2-2,0.146569493034895,0.0536111943008244,TRUE,16
2-3,-0.0188728781629189,0.0149012836384568,TRUE,16
3-3,-0.228770899870194,0.0271169661349621,TRUE,16
(Intercept):1,-1.03225093961069,0.0436815981694718,TRUE,16
(Intercept):2,-1.62666815134819,0.0595524797240902,TRUE,16
Covariate:1,0.462881777686491,0.0624810784407928,TRUE,16
Covariate:2,-0.45706030157797,0.0743414435088257,TRUE,16
1-1,0.0957907558285842,0.0386399094559156,TRUE,16
1-2,0.00469282349947274,0.0217363371288864,TRUE,16
1-3,-0.0225993312551008,0.0143697644213824,TRUE,16
2-2,0.185113699946728,0.0563152403075836,TRUE,16
2-3,0.00434989884866192,0.0160557582421581,TRUE,16
3-3,-0.240251226985705,0.0298322600699754,TRUE,16
(Intercept):1,-1.14124072413268,0.0441399843607899,TRUE,16
(Intercept):2,-1.57666585242247,0.0541588734872213,TRUE,16
Covariate:1,0.569182663956967,0.0643555711778738,TRUE,16
Covariate:2,-0.598005975729219,0.0794521518382865,TRUE,16
1-1,0.0725614762710671,0.0401361224027438,TRUE,16
1-2,0.0130845782936756,0.0196950787010171,TRUE,16
1-3,0.00275820293984951,0.0135463796056306,TRUE,16
2-2,0.145984951390726,0.0539023186376577,TRUE,16
2-3,-0.0243693082937599,0.0150289639633931,TRUE,16
3-3,-0.235382741224848,0.0282054715300832,TRUE,16
(Intercept):1,-1.06845464595276,0.0450452062950164,TRUE,16
(Intercept):2,-1.58197770327545,0.0556810491286704,TRUE,16
Covariate:1,0.533060047148008,0.0641368234001288,TRUE,16
Covariate:2,-0.437051213914399,0.0773255465923223,TRUE,16
1-1,0.000761582644994074,0.0438319709570841,FALSE,16
1-2,-0.00806872230098893,0.0220016841326707,TRUE,16
1-3,-0.00392667967528041,0.0135733791387531,TRUE,16
2-2,0.213756283901708,0.0539846352255373,TRUE,16
2-3,-0.0193109388504597,0.015595812634329,TRUE,16
3-3,-0.219787595661454,0.027292860722212,TRUE,16
(Intercept):1,-1.04258221312139,0.0436383546374089,TRUE,16
(Intercept):2,-1.47642075710131,0.0547097385736761,FALSE,16
Covariate:1,0.443271482680375,0.0665270350505709,TRUE,16
Covariate:2,-0.48661516246722,0.0761250063870902,TRUE,16
1-1,0.0828613068014319,0.0389650519188907,TRUE,16
1-2,-0.0367018751924411,0.0216004115966143,TRUE,16
1-3,-0.0200706518643674,0.0137597141083713,TRUE,16
2-2,0.176099673214918,0.0516797857684407,TRUE,16
2-3,-0.022710494367082,0.015353629970908,TRUE,16
3-3,-0.237071231662258,0.0283993363056804,TRUE,16
(Intercept):1,-1.04301629225825,0.0412375639967227,TRUE,16
(Intercept):2,-1.53255780683792,0.0558926887889829,TRUE,16
Covariate:1,0.554421792458031,0.0640784742505471,TRUE,16
Covariate:2,-0.343553552424879,0.0769390021398018,FALSE,16
1-1,0.0595268463648415,0.042224305807518,TRUE,16
1-2,-0.0461839140216455,0.0221625162705566,FALSE,16
1-3,-0.0177340423265698,0.0141439854509735,TRUE,16
2-2,0.146153303222562,0.0623988624859813,TRUE,16
2-3,-0.0226010192743607,0.0162679030885885,TRUE,16
3-3,-0.238230285205548,0.0293842226311764,TRUE,16
(Intercept):1,-1.08572880658805,0.0427206249324553,TRUE,16
(Intercept):2,-1.64739934419151,0.0570417206937657,TRUE,16
Covariate:1,0.426119849213461,0.0645301940204025,TRUE,16
Covariate:2,-0.549568573574976,0.0735367316577438,TRUE,16
1-1,0.150280820780308,0.0383876233282218,TRUE,16
1-2,0.0245530231472126,0.0202440997948341,TRUE,16
1-3,-0.0289755254637311,0.013525988416052,FALSE,16
2-2,0.21360562424265,0.0555279411838334,TRUE,16
2-3,-0.00842935785902426,0.0150852016655712,TRUE,16
3-3,-0.206807784843193,0.0291985313662565,TRUE,16
(Intercept):1,-1.14477413791614,0.0430369565311336,TRUE,16
(Intercept):2,-1.62997821261405,0.0573466914201546,TRUE,16
Covariate:1,0.458754852679281,0.064533397936931,TRUE,16
Covariate:2,-0.593520000070872,0.0787294830284546,TRUE,16
1-1,0.0872163403897697,0.0408000733857681,TRUE,16
1-2,-0.0313584396111291,0.0216908828445769,TRUE,16
1-3,-0.0308291263767276,0.0138815526405949,FALSE,16
2-2,0.0238269434851452,0.0642987775443422,FALSE,16
2-3,-0.0155756434798485,0.0156101388266029,TRUE,16
3-3,-0.27361667450685,0.0276560511525208,TRUE,16
(Intercept):1,-1.09662177012545,0.0402014845090712,TRUE,16
(Intercept):2,-1.6301135019667,0.0572903959316781,TRUE,16
Covariate:1,0.652243629230598,0.0622687911538832,FALSE,16
Covariate:2,-0.304141914302979,0.0782009489540028,FALSE,16
1-1,0.0338551500135315,0.044090020572615,TRUE,16
1-2,-0.0298416790213714,0.0211027174231639,TRUE,16
1-3,-0.0238286691819248,0.0139891792731567,TRUE,16
2-2,0.167980074479266,0.0605537804438719,TRUE,16
2-3,-0.0147262127482926,0.0158435016671847,TRUE,16
3-3,-0.293573305385418,0.0288431963567302,FALSE,16
(Intercept):1,-1.11897011783721,0.0442298148878034,TRUE,16
(Intercept):2,-1.60413243511517,0.0581028178280163,TRUE,16
Covariate:1,0.672076220160942,0.0671828704465959,FALSE,16
Covariate:2,-0.44828735701992,0.0715854555132195,TRUE,16
1-1,0.0889033520039287,0.0424499198840066,TRUE,16
1-2,-0.00541696680769877,0.0223106799217747,TRUE,16
1-3,-0.00205370296557275,0.0139207817258733,TRUE,16
2-2,0.233116245565036,0.0542713421253957,TRUE,16
2-3,0.000476449346249386,0.0155251500009736,TRUE,16
3-3,-0.217666537848821,0.0286167067919311,TRUE,16
(Intercept):1,-1.19529539211894,0.0448821001177345,FALSE,16
(Intercept):2,-1.54054608097364,0.057727788760534,TRUE,16
Covariate:1,0.475014805781955,0.0632830994092591,TRUE,16
Covariate:2,-0.352319708290391,0.0753312299327939,FALSE,16
1-1,0.240347854111345,0.0397260062923893,FALSE,16
1-2,0.00550162328776022,0.0211934956253945,TRUE,16
1-3,0.016851989925893,0.0137770413802114,TRUE,16
2-2,0.168589466024442,0.052620767121107,TRUE,16
2-3,0.00403979457035394,0.0159374270583654,TRUE,16
3-3,-0.195511421505184,0.0272975291168154,TRUE,16
(Intercept):1,-1.00840663772631,0.0413020899988207,FALSE,16
(Intercept):2,-1.63007146908004,0.0582594258251383,TRUE,16
Covariate:1,0.498145726444514,0.0630112055240314,TRUE,16
Covariate:2,-0.447056351188626,0.0793332309649273,TRUE,16
1-1,0.0926165700726623,0.0381881481090669,TRUE,16
1-2,-0.0522616020737117,0.0222681354448875,FALSE,16
1-3,-0.028888417310021,0.0136390572266237,FALSE,16
2-2,0.20545527555015,0.0633120933590372,TRUE,16
2-3,-0.0101516545632128,0.0169370686910792,TRUE,16
3-3,-0.22039352178974,0.0298747384264227,TRUE,16
(Intercept):1,-1.06989476828586,0.0401604008106694,TRUE,16
(Intercept):2,-1.69685935857009,0.0556393336288907,TRUE,16
Covariate:1,0.561922455951826,0.061068321014625,TRUE,16
Covariate:2,-0.427065167667391,0.0744473179195241,TRUE,16
1-1,0.0978685486861987,0.0355114606598986,TRUE,16
1-2,0.00340969824977106,0.0205593939560444,TRUE,16
1-3,-0.00809005472632976,0.0138696048044125,TRUE,16
2-2,0.162044466190319,0.0580319514920139,TRUE,16
2-3,0.0170210672110815,0.0163786222546853,TRUE,16
3-3,-0.220274354111705,0.028606147346716,TRUE,16
(Intercept):1,-1.07160297160466,0.0429914468439933,TRUE,16
(Intercept):2,-1.52090098223147,0.0549308692833946,TRUE,16
Covariate:1,0.484140350109207,0.0631093073755736,TRUE,16
Covariate:2,-0.490403057990298,0.0746323551562635,TRUE,16
1-1,0.0873839988425869,0.0413708772294842,TRUE,16
1-2,-0.0342843934502554,0.0204308927235789,TRUE,16
1-3,-0.011256168217832,0.0136908730011794,TRUE,16
2-2,0.158069915651592,0.0551990006445981,TRUE,16
2-3,1.91705051671731e-05,0.0162159212186348,TRUE,16
3-3,-0.233182839486439,0.0282564585622686,TRUE,16
(Intercept):1,-1.06516637732712,0.0422912290999233,TRUE,16
(Intercept):2,-1.60251789860438,0.0589106264597211,TRUE,16
Covariate:1,0.549556808648851,0.0612851903880939,TRUE,16
Covariate:2,-0.539937807908422,0.078810463975693,TRUE,16
1-1,0.10155918354769,0.0415590285644418,TRUE,16
1-2,-0.0119698262724134,0.0220332118389327,TRUE,16
1-3,-0.0288164385314487,0.0139481596232463,FALSE,16
2-2,0.11530003347686,0.0608329058091306,TRUE,16
2-3,-0.00395132714701779,0.0161780038516349,TRUE,16
3-3,-0.249019814372259,0.0299987630176676,TRUE,16
(Intercept):1,-1.08384935290665,0.0438131725280363,TRUE,16
(Intercept):2,-1.60160564635872,0.0562930111891432,TRUE,16
Covariate:1,0.487335296050342,0.0657062382218258,TRUE,16
Covariate:2,-0.596847581293421,0.0743670145035553,TRUE,16
1-1,0.100853741939305,0.0396654381695033,TRUE,16
1-2,-0.0301845398639241,0.0202918386446479,TRUE,16
1-3,-0.00409829225972261,0.0131665835781411,TRUE,16
2-2,0.195433029430135,0.0566202651190478,TRUE,16
2-3,-0.011018627673222,0.0156069372983745,TRUE,16
3-3,-0.232927998263596,0.0293222519757893,TRUE,16
(Intercept):1,-1.07043415125239,0.042155985044057,TRUE,16
(Intercept):2,-1.51560944695352,0.0559924146098598,TRUE,16
Covariate:1,0.584645598824453,0.0618952243109764,TRUE,16
Covariate:2,-0.501639681280604,0.0769000394242915,TRUE,16
1-1,0.0824581263118737,0.0393776639592402,TRUE,16
1-2,-0.0213435955949755,0.0207967632602034,TRUE,16
1-3,-0.0184512156491807,0.0133859345448779,TRUE,16
2-2,0.14776513969319,0.0538123978804381,TRUE,16
2-3,-0.0427193773494344,0.0160629814220967,FALSE,16
3-3,-0.225435938527055,0.0287209667962851,TRUE,16
(Intercept):1,-1.13194460970008,0.0444613684126478,TRUE,16
(Intercept):2,-1.61493939685707,0.0574341047642403,TRUE,16
Covariate:1,0.596004381818221,0.0673692615804202,TRUE,16
Covariate:2,-0.513674299421209,0.0783933669877896,TRUE,16
1-1,0.135956546476696,0.0410607718796279,TRUE,16
1-2,-0.0057208926606479,0.0215291390898192,TRUE,16
1-3,-0.0211698370940132,0.0135633486532958,TRUE,16
2-2,0.0715325127324986,0.0666114626579142,TRUE,16
2-3,-0.00989850437059844,0.0159466903215299,TRUE,16
3-3,-0.209075404261203,0.0287051995682036,TRUE,16
(Intercept):1,-1.18707102108648,0.0428194465405636,FALSE,16
(Intercept):2,-1.69878986111004,0.0574160222564618,TRUE,16
Covariate:1,0.634380666000431,0.0666756535843119,FALSE,16
Covariate:2,-0.368108889686368,0.0834678382387985,TRUE,16
1-1,0.0949406027087513,0.0433690704489685,TRUE,16
1-2,0.0265888626779251,0.0222660232538678,TRUE,16
1-3,0.0168681358446997,0.0140972653658249,TRUE,16
2-2,0.14062549565961,0.0681504052504047,TRUE,16
2-3,0.00594541567180819,0.0165885365877131,TRUE,16
3-3,-0.206520621028702,0.0290876979060797,TRUE,16
(Intercept):1,-1.04915508288313,0.0417240963549735,TRUE,16
(Intercept):2,-1.48013372568436,0.0569391584682913,FALSE,16
Covariate:1,0.483601720759822,0.0621783396484633,TRUE,16
Covariate:2,-0.44909606561384,0.0777493644517907,TRUE,16
1-1,0.116430873958406,0.0375068910112046,TRUE,16
1-2,-0.0231606416791225,0.0219284557630745,TRUE,16
1-3,-0.00786496099354289,0.013344313769386,TRUE,16
2-2,0.0493487136635453,0.065064638935769,FALSE,16
2-3,-0.03077026230673,0.0161513253301448,TRUE,16
3-3,-0.224308293181399,0.0304349398860459,TRUE,16
(Intercept):1,-1.02491501354728,0.0422916193902772,TRUE,16
(Intercept):2,-1.59173527494141,0.0563552933555333,TRUE,16
Covariate:1,0.528720717011506,0.067383150821293,TRUE,16
Covariate:2,-0.417311783541318,0.0757499977706528,TRUE,16
1-1,0.0968950122710907,0.0384311724711101,TRUE,16
1-2,-0.0372604372141484,0.0211870499742929,TRUE,16
1-3,-0.0110629665780984,0.0141898599359652,TRUE,16
2-2,0.261489109285621,0.0501377748262146,TRUE,16
2-3,0.00577786407039704,0.0168675608877095,TRUE,16
3-3,-0.24473523415888,0.0280703121108259,TRUE,16
(Intercept):1,-1.04058139199763,0.0413201028936387,TRUE,16
(Intercept):2,-1.62586696953177,0.0560585744355892,TRUE,16
Covariate:1,0.379997239883346,0.0665322006555989,TRUE,16
Covariate:2,-0.509249218554234,0.0784901522734742,TRUE,16
1-1,0.0935728246815519,0.0402933741554345,TRUE,16
1-2,-0.00840709669985164,0.0205956569677342,TRUE,16
1-3,-0.0238842819725695,0.0139520205028933,TRUE,16
2-2,0.164057448689502,0.0597945062026193,TRUE,16
2-3,-0.0136474269178682,0.0163219304807033,TRUE,16
3-3,-0.282400324817378,0.0304425533339883,TRUE,16
(Intercept):1,-1.06748251799954,0.0413162808021158,TRUE,16
(Intercept):2,-1.58027086804019,0.0541096014167452,TRUE,16
Covariate:1,0.526048424005816,0.0631414649900723,TRUE,16
Covariate:2,-0.577865224766145,0.0762551958102566,TRUE,16
1-1,0.0710569828791597,0.0372829944873339,TRUE,16
1-2,-0.00185666600523463,0.020859917555833,TRUE,16
1-3,-0.0030257802930308,0.013666644743487,TRUE,16
2-2,0.211277539569278,0.0511969841198838,TRUE,16
2-3,-0.0184792395862749,0.0151709090323116,TRUE,16
3-3,-0.245127404925454,0.0285098001277168,TRUE,16
(Intercept):1,-1.06361452858531,0.0428561333416514,TRUE,16
(Intercept):2,-1.55515457600366,0.0574458642669322,TRUE,16
Covariate:1,0.327356078144129,0.0627459543366107,FALSE,16
Covariate:2,-0.625231959724421,0.0790102556195744,TRUE,16
1-1,0.0803634152736371,0.0413400713381302,TRUE,16
1-2,-0.0296993667834035,0.0218272314240575,TRUE,16
1-3,-0.0221630088675627,0.0144686668619751,TRUE,16
2-2,0.0460003109251717,0.0645660692270206,FALSE,16
2-3,-0.0190391806630927,0.0167504546848238,TRUE,16
3-3,-0.320859483251029,0.0313964046180047,FALSE,16
(Intercept):1,-1.14639502763921,0.0425683609673773,TRUE,16
(Intercept):2,-1.5052466908845,0.0550115348958305,TRUE,16
Covariate:1,0.514275294355738,0.0620985709928563,TRUE,16
Covariate:2,-0.521467640009023,0.077140172666535,TRUE,16
1-1,0.0890762946076532,0.0373819234939669,TRUE,16
1-2,-0.0321237081521417,0.0211638708774834,TRUE,16
1-3,-0.0137739070908269,0.0142253538141218,TRUE,16
2-2,0.050501497591615,0.0593628947086381,FALSE,16
2-3,-0.0434104192541171,0.0165696618327354,FALSE,16
3-3,-0.243245613335038,0.0288014656486789,TRUE,16
(Intercept):1,-1.03920595266785,0.0438107787097519,TRUE,16
(Intercept):2,-1.60398341881437,0.05751827268974,TRUE,16
Covariate:1,0.541492095961978,0.0652255671332924,TRUE,16
Covariate:2,-0.501523198305728,0.0763693912679193,TRUE,16
1-1,0.0473042076687914,0.039822770232324,TRUE,16
1-2,-0.0469990952234188,0.0218324024850372,FALSE,16
1-3,-0.0299288666194715,0.0141414844175518,FALSE,16
2-2,0.149625894162609,0.0583976560899424,TRUE,16
2-3,-0.0123388661077405,0.0165198578534136,TRUE,16
3-3,-0.268893479847163,0.0284194832902391,TRUE,16
(Intercept):1,-1.20419235014662,0.0428614259070668,FALSE,16
(Intercept):2,-1.56567272414089,0.0547337055123509,TRUE,16
Covariate:1,0.518415514210185,0.0644402400830565,TRUE,16
Covariate:2,-0.432350121233318,0.0807292821349946,TRUE,16
1-1,0.159489338993214,0.0379278442555821,TRUE,16
1-2,0.0150606959664213,0.0207160715008913,TRUE,16
1-3,0.0342367353747542,0.014122043166556,FALSE,16
2-2,0.182547349054299,0.0580154896540603,TRUE,16
2-3,-0.00514889595160422,0.0157632079241334,TRUE,16
3-3,-0.234307801541937,0.0302887739277612,TRUE,16
(Intercept):1,-1.01398820026488,0.0424835846704111,FALSE,16
(Intercept):2,-1.6576795772738,0.0585967367004603,TRUE,16
Covariate:1,0.381054063737158,0.0670222248886951,TRUE,16
Covariate:2,-0.544144075522832,0.0735901391583379,TRUE,16
1-1,-0.00673276764134689,0.0466146677791753,FALSE,16
1-2,-0.0135465910578349,0.0219451252746863,TRUE,16
1-3,-0.00223885709143156,0.013900897276102,TRUE,16
2-2,0.211721387857743,0.0627034592972141,TRUE,16
2-3,0.0126128907828981,0.0161505749729633,TRUE,16
3-3,-0.232905464166369,0.0285635708277633,TRUE,16
(Intercept):1,-1.07876716975944,0.0426618439556997,TRUE,16
(Intercept):2,-1.62330310099549,0.0611985164998964,TRUE,16
Covariate:1,0.540995183665936,0.0677775641356904,TRUE,16
Covariate:2,-0.568878516256251,0.0814483859535832,TRUE,16
1-1,0.121099136370285,0.0383511345872159,TRUE,16
1-2,-0.00917887351208047,0.0218083342656443,TRUE,16
1-3,-0.0124319627549379,0.0135728057629933,TRUE,16
2-2,0.153679417203896,0.0608548172788448,TRUE,16
2-3,0.00192456381524892,0.0166275606816298,TRUE,16
3-3,-0.25070376153721,0.0290311550760147,TRUE,16
(Intercept):1,-1.06826712454103,0.0424161135208898,TRUE,16
(Intercept):2,-1.62662473022482,0.0565657584353569,TRUE,16
Covariate:1,0.535462424075946,0.061839259756614,TRUE,16
Covariate:2,-0.411959932928983,0.0752911721870545,TRUE,16
1-1,0.105538078329875,0.0404334217310581,TRUE,16
1-2,0.00579553431992311,0.0199195463397648,TRUE,16
1-3,0.00214025969609768,0.0135227991678569,TRUE,16
2-2,0.30897740885819,0.0490390987716411,FALSE,16
2-3,0.0164312095015218,0.0145634064791543,TRUE,16
3-3,-0.213057133282542,0.0289295143375863,TRUE,16
(Intercept):1,-1.13999899158079,0.0434020383628952,TRUE,16
(Intercept):2,-1.58981312021837,0.0560020065662362,TRUE,16
Covariate:1,0.540846497234336,0.0659888462334654,TRUE,16
Covariate:2,-0.526631113318799,0.0732572075200383,TRUE,16
1-1,0.136921515572344,0.0361324584320141,TRUE,16
1-2,-0.0236668373332857,0.0209580459913359,TRUE,16
1-3,0.0113046747755574,0.0138958822334905,TRUE,16
2-2,0.15180370353829,0.0547352515760371,TRUE,16
2-3,0.00907725038003078,0.0157315431360184,TRUE,16
3-3,-0.202692587783933,0.0296954641713078,TRUE,16
(Intercept):1,-1.12285744807479,0.0410743929393011,TRUE,16
(Intercept):2,-1.60628164702661,0.0530628181359826,TRUE,16
Covariate:1,0.503776986766224,0.0634563120853086,TRUE,16
Covariate:2,-0.426450794027728,0.0744243374091199,TRUE,16
1-1,0.0489429732901284,0.0437705412508665,TRUE,16
1-2,-0.00982757802093523,0.0204453059394344,TRUE,16
1-3,-0.00211862874630106,0.0133583195218253,TRUE,16
2-2,0.173437927454529,0.0563927327498845,TRUE,16
2-3,0.0120771102190082,0.0144241581173293,TRUE,16
3-3,-0.203146763720832,0.0279266595664564,TRUE,16
(Intercept):1,-1.04554415950962,0.0414257510325203,TRUE,16
(Intercept):2,-1.55971342019299,0.053792687305305,TRUE,16
Covariate:1,0.570866919675344,0.0681013617768357,TRUE,16
Covariate:2,-0.494963699896514,0.0811943684015851,TRUE,16
1-1,0.0728735332595915,0.0409607219280418,TRUE,16
1-2,-0.0406530372443382,0.0214280054626788,TRUE,16
1-3,-0.0232052691354317,0.0137277747690912,TRUE,16
2-2,0.159389626340617,0.0568139127550373,TRUE,16
2-3,-0.0227743905728202,0.0154466308878194,TRUE,16
3-3,-0.231530586020563,0.0289922641080274,TRUE,16
(Intercept):1,-1.07660355411634,0.0432590437673261,TRUE,16
(Intercept):2,-1.59425043467207,0.0562468590344826,TRUE,16
Covariate:1,0.455753547928502,0.0608799289162355,TRUE,16
Covariate:2,-0.390356131984335,0.0751193321289471,TRUE,16
1-1,0.0464911095793326,0.0421207960321929,TRUE,16
1-2,-0.0102816380916955,0.0195163112319995,TRUE,16
1-3,-0.00868353150862185,0.0136384129194858,TRUE,16
2-2,0.178387030031061,0.0541354271114322,TRUE,16
2-3,-0.00110784447690423,0.0157960598920176,TRUE,16
3-3,-0.221979318021302,0.0274442561646055,TRUE,16
(Intercept):1,-1.09669104485086,0.0420805714687029,TRUE,16
(Intercept):2,-1.59363069384202,0.0559713277368789,TRUE,16
Covariate:1,0.549504868890781,0.066413873333178,TRUE,16
Covariate:2,-0.407473707658505,0.0784590976012385,TRUE,16
1-1,0.0311865628472689,0.0420507933038354,TRUE,16
1-2,-0.0128166389436053,0.0206021718302628,TRUE,16
1-3,-7.73080703446449e-06,0.0137541693985617,TRUE,16
2-2,0.158649385778402,0.0552335196108041,TRUE,16
2-3,-0.010237218560972,0.0172207809407429,TRUE,16
3-3,-0.255297694411903,0.0276885425658848,TRUE,16
(Intercept):1,-1.085317149556,0.0425166973430261,TRUE,16
(Intercept):2,-1.56739172657854,0.0568137675896776,TRUE,16
Covariate:1,0.630224701595537,0.0639368178932025,FALSE,16
Covariate:2,-0.492619571750486,0.0802115522936913,TRUE,16
1-1,0.063154583147942,0.0404901042712671,TRUE,16
1-2,-0.00193408644860922,0.021187141171718,TRUE,16
1-3,0.00258442052151143,0.0137341666772416,TRUE,16
2-2,0.212844432885198,0.0514417839578436,TRUE,16
2-3,-0.00132732210767807,0.0157033989303271,TRUE,16
3-3,-0.232242257342534,0.0290188117059402,TRUE,16
(Intercept):1,-1.10622603798571,0.0416380562785532,TRUE,16
(Intercept):2,-1.58082109570717,0.0572329503466316,TRUE,16
Covariate:1,0.546671489433761,0.0595164712972167,TRUE,16
Covariate:2,-0.474389192594049,0.0740205124759384,TRUE,16
1-1,0.129877462688693,0.0392684891618826,TRUE,16
1-2,-0.00833496449727035,0.0213221861553139,TRUE,16
1-3,-0.0169783791466489,0.0140324520818155,TRUE,16
2-2,0.156323047446671,0.0584169920211963,TRUE,16
2-3,-0.0141042327275351,0.0158391963434621,TRUE,16
3-3,-0.222666013581443,0.0285355651652199,TRUE,16
(Intercept):1,-1.04995452222963,0.0424201982136722,TRUE,16
(Intercept):2,-1.62858563714544,0.0571253552391109,TRUE,16
Covariate:1,0.467346440977201,0.064018217316463,TRUE,16
Covariate:2,-0.455165148076214,0.0776200521921881,TRUE,16
1-1,0.0802746021954837,0.0401748138430461,TRUE,16
1-2,-0.0255896199169079,0.02032613392916,TRUE,16
1-3,-0.0163777156167461,0.0128375259133121,TRUE,16
2-2,0.164006204372083,0.0585261839867061,TRUE,16
2-3,0.00765420733305118,0.0160261427534426,TRUE,16
3-3,-0.251568303805542,0.0289831656647886,TRUE,16
(Intercept):1,-1.05751893941142,0.0421430148972589,TRUE,16
(Intercept):2,-1.55905127025973,0.0569547613984152,TRUE,16
Covariate:1,0.464546371411083,0.0600765846659745,TRUE,16
Covariate:2,-0.543649851924036,0.0753698912458848,TRUE,16
1-1,0.114929732062745,0.040357904900007,TRUE,16
1-2,-0.0353306569802437,0.0218142707570445,TRUE,16
1-3,-0.0175370925058475,0.0142015756257128,TRUE,16
2-2,0.171990759374104,0.0577245647802679,TRUE,16
2-3,-0.0105763663133156,0.015694749551259,TRUE,16
3-3,-0.237437013781657,0.0280619206508331,TRUE,16
(Intercept):1,-1.12462394728172,0.0442737766036049,TRUE,16
(Intercept):2,-1.64106355153307,0.0543464189884733,TRUE,16
Covariate:1,0.496047761922009,0.065657829243103,TRUE,16
Covariate:2,-0.528052743948698,0.0773987869778855,TRUE,16
1-1,0.0641197646405943,0.0446874217664262,TRUE,16
1-2,-0.0104616695760704,0.0211244656635512,TRUE,16
1-3,0.0142773787756053,0.0140435727626004,TRUE,16
2-2,0.185591967679446,0.0541301119887241,TRUE,16
2-3,0.0168913260340596,0.0154853595403302,TRUE,16
3-3,-0.223828086687682,0.0298154126758688,TRUE,16
(Intercept):1,-1.12291178341241,0.044293350539258,TRUE,16
(Intercept):2,-1.69245902140569,0.0566744901903675,TRUE,16
Covariate:1,0.430839751049784,0.0619755747990524,TRUE,16
Covariate:2,-0.51988704504797,0.0823301443084307,TRUE,16
1-1,0.10894329794849,0.039871895033669,TRUE,16
1-2,0.0179474338406241,0.0206607770560732,TRUE,16
1-3,-0.0216077741974349,0.013540263727003,TRUE,16
2-2,0.11859254247994,0.0671419940234658,TRUE,16
2-3,-0.00248252833502738,0.015011988837084,TRUE,16
3-3,-0.24936267728724,0.0278434370466912,TRUE,16
(Intercept):1,-1.05396557955713,0.0420968206042864,TRUE,16
(Intercept):2,-1.50295375456283,0.0533920484175684,FALSE,16
Covariate:1,0.479490885338927,0.0636326538398233,TRUE,16
Covariate:2,-0.538070908749713,0.075565136466628,TRUE,16
1-1,0.0809968297392774,0.0407751661503664,TRUE,16
1-2,-0.0443470459623741,0.0215121647277068,FALSE,16
1-3,-0.0140436110569229,0.0140320228093576,TRUE,16
2-2,0.159471144131966,0.0549294679736994,TRUE,16
2-3,-0.016659530564201,0.0155591379106535,TRUE,16
3-3,-0.252924986302035,0.0282907558823632,TRUE,16
(Intercept):1,-1.20201407556018,0.0443746582923751,FALSE,16
(Intercept):2,-1.62977724571933,0.0575222658076626,TRUE,16
Covariate:1,0.582532432821688,0.066025238466281,TRUE,16
Covariate:2,-0.430318586037102,0.0787993826567329,TRUE,16
1-1,0.160194065408529,0.0404487449587251,TRUE,16
1-2,0.0252099687864162,0.0214100592492501,TRUE,16
1-3,0.00452491925020485,0.0142072253928422,TRUE,16
2-2,0.159574794337979,0.0611119833981959,TRUE,16
2-3,-0.0157742529406107,0.0165685088545685,TRUE,16
3-3,-0.286865351212504,0.0279467807931369,FALSE,16
(Intercept):1,-1.13153065567448,0.0428842913668796,TRUE,16
(Intercept):2,-1.54320941418563,0.0577643733248017,TRUE,16
Covariate:1,0.428701167906826,0.064388061575508,TRUE,16
Covariate:2,-0.385162036222204,0.0781819003610061,TRUE,16
1-1,0.107888505580035,0.03518457828807,TRUE,16
1-2,-0.0584335814877043,0.0199685873458274,FALSE,16
1-3,-0.0245681080363389,0.0139273866205097,TRUE,16
2-2,0.165109859049067,0.0541057232639004,TRUE,16
2-3,-0.0523390232407219,0.0169241127800132,FALSE,16
3-3,-0.293927019746728,0.0285732470912405,FALSE,16
(Intercept):1,-1.03182302020961,0.0427161592931754,TRUE,16
(Intercept):2,-1.54552313500949,0.0578239063987303,TRUE,16
Covariate:1,0.552011354097241,0.063237728168089,TRUE,16
Covariate:2,-0.405449788097765,0.0749114715057333,TRUE,16
1-1,0.0889222435158764,0.0403365727577067,TRUE,16
1-2,0.0079271460542135,0.0208191454983155,TRUE,16
1-3,-0.00153602428755569,0.013481089516593,TRUE,16
2-2,0.171002954757601,0.0574155583111314,TRUE,16
2-3,-0.00368223317460711,0.0163901168286686,TRUE,16
3-3,-0.136217038759425,0.0277913202459271,FALSE,16
(Intercept):1,-1.08079290604894,0.0433459387894206,TRUE,16
(Intercept):2,-1.63037724104546,0.0584113013871478,TRUE,16
Covariate:1,0.497757119214867,0.0672634722400525,TRUE,16
Covariate:2,-0.479534447133358,0.0748173783563357,TRUE,16
1-1,0.112515348604194,0.0400740592636308,TRUE,16
1-2,0.00887670938469327,0.0201742873589633,TRUE,16
1-3,0.0102217645624939,0.0141429401841814,TRUE,16
2-2,0.112210227562083,0.0612257019418052,TRUE,16
2-3,0.0194934304581762,0.0166506481526786,TRUE,16
3-3,-0.241506995620242,0.0301899216203328,TRUE,16
(Intercept):1,-1.08475207343263,0.0438310241499551,TRUE,16
(Intercept):2,-1.59155952233694,0.054577245772198,TRUE,16
Covariate:1,0.592383403187427,0.065120913972112,TRUE,16
Covariate:2,-0.459359483624092,0.0733781416430044,TRUE,16
1-1,0.0486453108330356,0.041826062303248,TRUE,16
1-2,0.00374376943013617,0.0213427834623444,TRUE,16
1-3,-0.0106237483686247,0.0137996729237097,TRUE,16
2-2,0.173137893300923,0.0627113453253956,TRUE,16
2-3,-0.0314985480345697,0.0155377278124799,FALSE,16
3-3,-0.242402612024817,0.0293330920024115,TRUE,16
(Intercept):1,-1.13169174921104,0.044496433600911,TRUE,16
(Intercept):2,-1.5118223432986,0.0535171969038049,TRUE,16
Covariate:1,0.505062824853475,0.0645200931121778,TRUE,16
Covariate:2,-0.540256381484264,0.0737204288209521,TRUE,16
1-1,0.0948244891826298,0.041899894605353,TRUE,16
1-2,-0.010651045023796,0.0206964565001394,TRUE,16
1-3,0.016111114475193,0.0142923547623442,TRUE,16
2-2,0.11042631987383,0.0569922409404552,TRUE,16
2-3,-0.0123603627880218,0.0150680937975612,TRUE,16
3-3,-0.203336386527965,0.0286606043876884,TRUE,16
(Intercept):1,-1.1095423622353,0.0419693099901276,TRUE,16
(Intercept):2,-1.68292129866865,0.0570976262410744,TRUE,16
Covariate:1,0.370599451309502,0.0623827791075395,FALSE,16
Covariate:2,-0.553754107633373,0.0816681109639074,TRUE,16
1-1,0.0919511377878538,0.0396993666851562,TRUE,16
1-2,0.00807208809141127,0.0213848224687572,TRUE,16
1-3,-0.015954484994817,0.0140508593466167,TRUE,16
2-2,0.190234627013179,0.061755835260522,TRUE,16
2-3,-0.0145176173651842,0.0162351846474715,TRUE,16
3-3,-0.267597448597387,0.029514381800401,TRUE,16
(Intercept):1,-1.06041925710283,0.0414631353224268,TRUE,16
(Intercept):2,-1.60633041130954,0.0568791777108661,TRUE,16
Covariate:1,0.440388114526535,0.0616546552710972,TRUE,16
Covariate:2,-0.583361741585835,0.0753380619987808,TRUE,16
1-1,0.139076916266724,0.039559965371252,TRUE,16
1-2,-0.0134967130286106,0.0211271445537568,TRUE,16
1-3,-0.0300687094794353,0.0140750773603145,FALSE,16
2-2,0.135831458893965,0.0586617869293866,TRUE,16
2-3,0.000640614329579413,0.0165976683235809,TRUE,16
3-3,-0.241290604672518,0.0295196379868034,TRUE,16
(Intercept):1,-1.05706551891337,0.0435561808996757,TRUE,16
(Intercept):2,-1.57461894922837,0.0565661734763105,TRUE,16
Covariate:1,0.442986024579523,0.0626092856096235,TRUE,16
Covariate:2,-0.627189520397401,0.0758862674250661,TRUE,16
1-1,0.0770616907108838,0.0432020812439246,TRUE,16
1-2,-0.0361230037613272,0.021338342251107,TRUE,16
1-3,-0.00685577907597055,0.0137813728527816,TRUE,16
2-2,0.22961904971346,0.0538164405489333,TRUE,16
2-3,-0.00172055163394391,0.015610830179284,TRUE,16
3-3,-0.224901755047764,0.0298865971923046,TRUE,16
(Intercept):1,-1.10849164319748,0.043312222873076,TRUE,16
(Intercept):2,-1.50140175531219,0.057033069323709,TRUE,16
Covariate:1,0.51034895598837,0.0631593099460646,TRUE,16
Covariate:2,-0.448969204026049,0.0791471510046238,TRUE,16
1-1,0.141135376421925,0.041913954464894,TRUE,16
1-2,-0.00887753510395416,0.0230642067147643,TRUE,16
1-3,0.00764577315027073,0.0136813099134958,TRUE,16
2-2,0.137681429596603,0.0594503422939796,TRUE,16
2-3,-0.0355480380700843,0.0169180513591606,FALSE,16
3-3,-0.247281347661274,0.028615053756021,TRUE,16
(Intercept):1,-1.09815011400557,0.0436845241494402,TRUE,16
(Intercept):2,-1.52462891531781,0.0551059339621828,TRUE,16
Covariate:1,0.537244121969887,0.0657431439185507,TRUE,16
Covariate:2,-0.51532955348708,0.0751401725570948,TRUE,16
1-1,0.0705547446597662,0.0414837882154836,TRUE,16
1-2,0.00896907356228136,0.0204297120599924,TRUE,16
1-3,-0.00126536324243154,0.0137013511756029,TRUE,16
2-2,0.119598464356916,0.0603464494739564,TRUE,16
2-3,-0.0145223319267173,0.0162241468585726,TRUE,16
3-3,-0.240143098016716,0.0297491627124996,TRUE,16
(Intercept):1,-1.05903696322186,0.0423240908517859,TRUE,16
(Intercept):2,-1.57980145837943,0.0564260499328341,TRUE,16
Covariate:1,0.443122577574246,0.0629677838257505,TRUE,16
Covariate:2,-0.553998230780514,0.0810818428885703,TRUE,16
1-1,0.079763701717992,0.0434060842485272,TRUE,16
1-2,-0.0379099709741131,0.0212907250718115,TRUE,16
1-3,-0.00124588626144617,0.0143140786134868,TRUE,16
2-2,0.239205395049324,0.0519899507376921,TRUE,16
2-3,-0.0145235073315884,0.0161226766013695,TRUE,16
3-3,-0.20746519437702,0.0285009699007885,TRUE,16
(Intercept):1,-1.13225074305732,0.0429999287462294,TRUE,16
(Intercept):2,-1.48766285233596,0.0571198716958865,FALSE,16
Covariate:1,0.490838328520112,0.0629034268997829,TRUE,16
Covariate:2,-0.625339579741596,0.0774808128693924,TRUE,16
1-1,0.132567814566135,0.0392550410644211,TRUE,16
1-2,-0.0303969797118305,0.020182168713106,TRUE,16
1-3,-0.00411191737306911,0.0139926500874127,TRUE,16
2-2,0.0588020657450527,0.057850900513587,FALSE,16
2-3,-0.0275945091099552,0.0162036978391932,TRUE,16
3-3,-0.251813322138504,0.0284843650802924,TRUE,16
(Intercept):1,-1.11503290548198,0.0438976727689527,TRUE,16
(Intercept):2,-1.6415427483079,0.059070560084002,TRUE,16
Covariate:1,0.460278441925825,0.0671450274951637,TRUE,16
Covariate:2,-0.592297322637566,0.0796532919609156,TRUE,16
1-1,0.0708519681504771,0.0418169170265285,TRUE,16
1-2,0.0258426216699909,0.0212837021393449,TRUE,16
1-3,0.00744205308235627,0.0139193744176268,TRUE,16
2-2,0.189922217513247,0.0574730509137238,TRUE,16
2-3,-0.0198648768127082,0.0163031306120133,TRUE,16
3-3,-0.244678972302278,0.0284582763649783,TRUE,16
(Intercept):1,-1.10022456065277,0.0419562003320208,TRUE,16
(Intercept):2,-1.69283716101739,0.0577283133667937,TRUE,16
Covariate:1,0.449743497021787,0.0636557374525922,TRUE,16
Covariate:2,-0.622738936931713,0.0759658692511998,TRUE,16
1-1,0.149647268361987,0.0386143490101657,TRUE,16
1-2,0.0312611237847973,0.0197838245067611,TRUE,16
1-3,-0.000441151522974618,0.0139027050875828,TRUE,16
2-2,0.178587350196791,0.0517154868369038,TRUE,16
2-3,0.0187632733944237,0.0157164291149924,TRUE,16
3-3,-0.218575452111193,0.0289559956949195,TRUE,16
(Intercept):1,-1.02730740927477,0.0405152357814043,TRUE,16
(Intercept):2,-1.5876855023565,0.054825803562334,TRUE,16
Covariate:1,0.463428692548813,0.0649615777764149,TRUE,16
Covariate:2,-0.619033341095363,0.0720911293158925,TRUE,16
1-1,0.128447049852012,0.037110852489074,TRUE,16
1-2,0.00332718876165333,0.0209912617176427,TRUE,16
1-3,-0.040949940626628,0.0127708354726745,FALSE,16
2-2,0.168306554190334,0.055028478013053,TRUE,16
2-3,-0.0246333498386647,0.0148768904618203,TRUE,16
3-3,-0.211237974332172,0.0291285963033254,TRUE,16
(Intercept):1,-0.985991748819747,0.0414242256654088,FALSE,16
(Intercept):2,-1.64507814092693,0.0590741360778844,TRUE,16
Covariate:1,0.456575996442229,0.0629124709720454,TRUE,16
Covariate:2,-0.457800614459656,0.0777049489593739,TRUE,16
1-1,0.0865556184415904,0.0376971778472854,TRUE,16
1-2,-0.0295982707586741,0.0206559079378156,TRUE,16
1-3,-0.026467536512729,0.013830115091487,TRUE,16
2-2,0.172396146787821,0.0584881387062368,TRUE,16
2-3,-0.0031382522346464,0.0164015979267649,TRUE,16
3-3,-0.242519724940859,0.0278055230073313,TRUE,16
(Intercept):1,-1.0479557401563,0.0415355950064898,TRUE,16
(Intercept):2,-1.64338469013772,0.0584062847284861,TRUE,16
Covariate:1,0.492006910472765,0.0632286457397255,TRUE,16
Covariate:2,-0.638514548823954,0.0786516646525448,TRUE,16
1-1,0.0454169118130339,0.0430751449677921,TRUE,16
1-2,0.0217828337457921,0.0221464637528416,TRUE,16
1-3,-0.00882081555452204,0.0135822945605421,TRUE,16
2-2,0.0751571405102496,0.0636617913944709,TRUE,16
2-3,0.0146730797993417,0.0159169249092567,TRUE,16
3-3,-0.197542623007813,0.0287939568561469,TRUE,16
(Intercept):1,-1.04926447603698,0.0421921871265128,TRUE,16
(Intercept):2,-1.58465838493783,0.0542516509990863,TRUE,16
Covariate:1,0.435558067055677,0.0607491680240875,TRUE,16
Covariate:2,-0.60780283562972,0.0748694503493707,TRUE,16
1-1,0.0532251067691431,0.0409631609899305,TRUE,16
1-2,-0.0140058600746785,0.0203201772367618,TRUE,16
1-3,-0.00864633805413353,0.0135306275838237,TRUE,16
2-2,0.137536469162065,0.0590697273321048,TRUE,16
2-3,0.00209800854682959,0.0157621841389732,TRUE,16
3-3,-0.268541245709992,0.0291623059709573,TRUE,16
(Intercept):1,-1.0899617929417,0.0433445566518858,TRUE,16
(Intercept):2,-1.65562520803283,0.0587893729254145,TRUE,16
Covariate:1,0.50716601523493,0.0640728111248481,TRUE,16
Covariate:2,-0.436536615652216,0.0772681892257934,TRUE,16
1-1,0.0735051560048877,0.0411369471065775,TRUE,16
1-2,0.00412009140719299,0.0204800788954873,TRUE,16
1-3,-0.0266891922196684,0.0137423780270337,TRUE,16
2-2,0.146286825644098,0.0610338466773256,TRUE,16
2-3,-0.000897122718438589,0.0160013807519481,TRUE,16
3-3,-0.239780387548586,0.0282855620881244,TRUE,16
(Intercept):1,-1.06816266076464,0.0420620533668075,TRUE,16
(Intercept):2,-1.57627443780745,0.0543025160588613,TRUE,16
Covariate:1,0.430519750353408,0.0624858677449554,TRUE,16
Covariate:2,-0.529345947715016,0.0731352290171333,TRUE,16
1-1,0.147974477502247,0.0370606351496113,TRUE,16
1-2,-0.019258239353713,0.0211742645313161,TRUE,16
1-3,-0.00832153147928885,0.0139836608908513,TRUE,16
2-2,0.161160213907652,0.0567162503704503,TRUE,16
2-3,-0.00258380033727469,0.0154959053560324,TRUE,16
3-3,-0.254380378926149,0.0286980999540955,TRUE,16
(Intercept):1,-1.14505616908069,0.0438386380708198,TRUE,16
(Intercept):2,-1.67657047993047,0.0573666775172513,TRUE,16
Covariate:1,0.518791921558374,0.0665810006432475,TRUE,16
Covariate:2,-0.619725318056844,0.0755426013281774,TRUE,16
1-1,0.10079276872181,0.0396581099068511,TRUE,16
1-2,0.037107735366504,0.0210088210674115,TRUE,16
1-3,0.00325154378968406,0.0137334145950996,TRUE,16
2-2,0.227329600075429,0.0543412822977048,TRUE,16
2-3,-0.0058300638322871,0.0157875699640397,TRUE,16
3-3,-0.2143904964545,0.0278112161688134,TRUE,16
(Intercept):1,-1.14402168181283,0.0446235828904527,TRUE,16
(Intercept):2,-1.59338008870217,0.058579307334508,TRUE,16
Covariate:1,0.529751882007022,0.0648931487480967,TRUE,16
Covariate:2,-0.507891718965727,0.0766598699835739,TRUE,16
1-1,0.118753342043626,0.0435502743059186,TRUE,16
1-2,0.0155212141320142,0.0228380905624437,TRUE,16
1-3,0.0133142351317747,0.0144735563769959,TRUE,16
2-2,0.202889848464257,0.0488322644524007,TRUE,16
2-3,0.00617253899617913,0.0167889481565006,TRUE,16
3-3,-0.201893311886671,0.0283015902848527,TRUE,16
(Intercept):1,-1.07719231463482,0.0452239330742042,TRUE,16
(Intercept):2,-1.64994309193669,0.058281939447108,TRUE,16
Covariate:1,0.529349153856144,0.0637772532676052,TRUE,16
Covariate:2,-0.644613567388548,0.0778339600900997,TRUE,16
1-1,0.134937046488434,0.0397745471532735,TRUE,16
1-2,-0.00711471151534962,0.022096724541977,TRUE,16
1-3,-0.0124013595232103,0.0141442890477883,TRUE,16
2-2,0.155833895566207,0.0595149962480439,TRUE,16
2-3,0.0218117494183376,0.0156749869419041,TRUE,16
3-3,-0.241085600932945,0.028099949690645,TRUE,16
(Intercept):1,-0.955827871449003,0.0416663301711075,FALSE,16
(Intercept):2,-1.51740982235992,0.057655233135376,TRUE,16
Covariate:1,0.489698090521894,0.0645127456346192,TRUE,16
Covariate:2,-0.501312754228584,0.0812382264164619,TRUE,16
1-1,-0.0214598501811133,0.0453320970235499,FALSE,16
1-2,-0.0665782566430824,0.0222438872643011,FALSE,16
1-3,-0.009096231885668,0.0144058435383353,TRUE,16
2-2,0.146560820806438,0.0572689941309587,TRUE,16
2-3,0.0126373056753368,0.0155257016836453,TRUE,16
3-3,-0.207263761387055,0.02999828022255,TRUE,16
(Intercept):1,-1.0919260580255,0.04370900773035,TRUE,16
(Intercept):2,-1.59388166801136,0.0533677711823944,TRUE,16
Covariate:1,0.368589096075102,0.0606866674978224,FALSE,16
Covariate:2,-0.59663267774318,0.0746140271559297,TRUE,16
1-1,0.106705717843888,0.04121687803433,TRUE,16
1-2,0.00602141772633791,0.0204220464882272,TRUE,16
1-3,-0.0118485138300276,0.0137395483869601,TRUE,16
2-2,0.117514419257605,0.059501861932016,TRUE,16
2-3,0.0049322286652928,0.0159584251424761,TRUE,16
3-3,-0.270857600562258,0.0288888604291797,TRUE,16
(Intercept):1,-1.15156780835564,0.0430972107968363,TRUE,16
(Intercept):2,-1.61778703499195,0.0560428732703464,TRUE,16
Covariate:1,0.511699149940502,0.0673043969698192,TRUE,16
Covariate:2,-0.482326421293033,0.0761654898470971,TRUE,16
1-1,0.108811440132858,0.0405669424251966,TRUE,16
1-2,0.00552278017228298,0.0217840228246656,TRUE,16
1-3,-0.00493060428067341,0.014691545126924,TRUE,16
2-2,0.209867103953703,0.0592013399323261,TRUE,16
2-3,-0.0179048357845911,0.0170632642337176,TRUE,16
3-3,-0.269609665339385,0.0303948802498306,TRUE,16
(Intercept):1,-1.10851567934484,0.0445538470608197,TRUE,16
(Intercept):2,-1.58125486127712,0.0570077933656612,TRUE,16
Covariate:1,0.511603721345341,0.0665529322742411,TRUE,16
Covariate:2,-0.323759154438747,0.0740080157826225,FALSE,16
1-1,0.00117346867701574,0.0426246908128137,FALSE,16
1-2,-0.0272886215578004,0.0227017379739427,TRUE,16
1-3,-0.00982830976102469,0.0148887660974874,TRUE,16
2-2,0.114562596194814,0.0612988271939076,TRUE,16
2-3,-0.00594946120903027,0.0162139147329878,TRUE,16
3-3,-0.262308767398075,0.028996132662268,TRUE,16
(Intercept):1,-1.02766438107704,0.0419766679075996,TRUE,16
(Intercept):2,-1.58170703431803,0.0602223818834199,TRUE,16
Covariate:1,0.579663138513532,0.0650592411304858,TRUE,16
Covariate:2,-0.357275732994367,0.0792958325119864,TRUE,16
1-1,0.0375656066227157,0.0421985325670692,TRUE,16
1-2,-0.0182401866497293,0.0229616346243392,TRUE,16
1-3,-0.00237545320156386,0.0143108714324303,TRUE,16
2-2,0.0878223571192436,0.0667044440918098,TRUE,16
2-3,-0.00558713483306787,0.016773694602596,TRUE,16
3-3,-0.209084332887947,0.0296277157897301,TRUE,16
(Intercept):1,-1.12254656355379,0.0417774548103537,TRUE,16
(Intercept):2,-1.53050481507599,0.0545217804763808,TRUE,16
Covariate:1,0.429548625422271,0.0624832880107068,TRUE,16
Covariate:2,-0.495466171541539,0.0748924495507869,TRUE,16
1-1,0.131435142592993,0.0427846472411844,TRUE,16
1-2,0.0146694167054281,0.0209072647723546,TRUE,16
1-3,0.00401293640944303,0.0132903526163513,TRUE,16
2-2,0.258214350531931,0.0532354975128961,TRUE,16
2-3,-0.033833089208171,0.0161525020816512,FALSE,16
3-3,-0.212903403240735,0.0304770117512973,TRUE,16
(Intercept):1,-1.05311289770214,0.0428021954868412,TRUE,16
(Intercept):2,-1.61221134567729,0.055013562189981,TRUE,16
Covariate:1,0.50917514684439,0.0654151751366474,TRUE,16
Covariate:2,-0.583790437377762,0.0753114546815963,TRUE,16
1-1,-0.00430510561494057,0.0418392391407419,FALSE,16
1-2,-0.00250962653292896,0.0211792539104812,TRUE,16
1-3,-0.0157685105787876,0.0141805420716388,TRUE,16
2-2,0.157364794119297,0.0579548122882901,TRUE,16
2-3,-0.0162141446635158,0.0160410219972907,TRUE,16
3-3,-0.245430241694581,0.027950568420926,TRUE,16
(Intercept):1,-1.12766550242254,0.0438690461031666,TRUE,16
(Intercept):2,-1.61146237104785,0.057211714850479,TRUE,16
Covariate:1,0.542969839629301,0.064331688863809,TRUE,16
Covariate:2,-0.475921798889187,0.0793546670906127,TRUE,16
1-1,0.188748551956905,0.0374094113928496,FALSE,16
1-2,-0.018846253088012,0.0217579653540273,TRUE,16
1-3,-0.0231011815302272,0.0138038008762785,TRUE,16
2-2,0.187490104072543,0.0539890913320272,TRUE,16
2-3,-0.00623620874508875,0.0160339078341115,TRUE,16
3-3,-0.247564301447067,0.0268112044234908,TRUE,16
(Intercept):1,-1.08937110655224,0.0432651295794519,TRUE,16
(Intercept):2,-1.67177362286851,0.058355523251828,TRUE,16
Covariate:1,0.417454226863186,0.0666093267176715,TRUE,16
Covariate:2,-0.589282765104877,0.0827128020984876,TRUE,16
1-1,0.134145190364849,0.0418780163060421,TRUE,16
1-2,0.0144875584459522,0.0217519300007516,TRUE,16
1-3,-0.0111336907012286,0.0134663595697021,TRUE,16
2-2,0.19054403271468,0.0545881899516488,TRUE,16
2-3,0.0128093391134222,0.0159883216404581,TRUE,16
3-3,-0.208670626909074,0.026998320221698,TRUE,16
(Intercept):1,-1.10182632961356,0.0431568507054759,TRUE,16
(Intercept):2,-1.65854553227196,0.0577227422924731,TRUE,16
Covariate:1,0.515196402574976,0.0657037855044888,TRUE,16
Covariate:2,-0.400758060990797,0.0746866746140299,TRUE,16
1-1,0.0789708127211499,0.0409363241440368,TRUE,16
1-2,0.0409281993417597,0.0208210718306479,FALSE,16
1-3,0.00126511036652812,0.0138817136395238,TRUE,16
2-2,0.208897545233451,0.0555002593315115,TRUE,16
2-3,-0.00357930303758844,0.0169227892928962,TRUE,16
3-3,-0.211499297190558,0.0293853392740577,TRUE,16
(Intercept):1,-0.998456435878869,0.042289682832819,FALSE,16
(Intercept):2,-1.52367025426461,0.0554915892901484,TRUE,16
Covariate:1,0.409478817782119,0.0597057443079522,TRUE,16
Covariate:2,-0.417842941893589,0.0746406858561712,TRUE,16
1-1,0.0764780854429672,0.0408630562367164,TRUE,16
1-2,-0.0574346260241266,0.0218423045176482,FALSE,16
1-3,-0.0273436155286934,0.0134337249571578,FALSE,16
2-2,0.0861619960812571,0.0629459673820683,TRUE,16
2-3,-0.00949817137948976,0.0154680484469258,TRUE,16
3-3,-0.228239084396002,0.0268165464534447,TRUE,16
(Intercept):1,-1.09121414453408,0.0410536742498039,TRUE,16
(Intercept):2,-1.61843017105904,0.0550568674886934,TRUE,16
Covariate:1,0.415752883063928,0.0654906251926349,TRUE,16
Covariate:2,-0.575076615522562,0.0767342881931224,TRUE,16
1-1,0.104726290274051,0.0408451367451146,TRUE,16
1-2,0.0193453720962255,0.0210065340481894,TRUE,16
1-3,-0.00439929574164791,0.0138317569031342,TRUE,16
2-2,0.146236210258889,0.0593878968028816,TRUE,16
2-3,-0.0125847687944132,0.0156302560328501,TRUE,16
3-3,-0.257223380562895,0.0299189095241168,TRUE,16
(Intercept):1,-1.06478533289913,0.0419163313661702,TRUE,16
(Intercept):2,-1.61771916372863,0.0583980266369922,TRUE,16
Covariate:1,0.521736007447296,0.0635524750957577,TRUE,16
Covariate:2,-0.502680666816587,0.0757446956471991,TRUE,16
1-1,0.0651938093018395,0.0419186893271752,TRUE,16
1-2,0.00967525299220153,0.0207368739409238,TRUE,16
1-3,0.00942045487926192,0.0137881068588404,TRUE,16
2-2,0.231124003478577,0.0559113050098778,TRUE,16
2-3,-0.013940195370966,0.0161915155231655,TRUE,16
3-3,-0.22050940151243,0.0287016769379462,TRUE,16
(Intercept):1,-1.08161368956695,0.04105917776681,TRUE,16
(Intercept):2,-1.57769841381444,0.0576519319785327,TRUE,16
Covariate:1,0.483338824511073,0.0637557453677351,TRUE,16
Covariate:2,-0.420647747116992,0.0775748475954448,TRUE,16
1-1,0.096060995673743,0.0402757155025822,TRUE,16
1-2,-0.0571469088206041,0.0212086463430093,FALSE,16
1-3,-0.0306645829120347,0.0134911566952173,FALSE,16
2-2,0.149399416200584,0.0551747480268043,TRUE,16
2-3,-0.0327592962484401,0.0164284020029081,FALSE,16
3-3,-0.274388813094961,0.0282395527184164,TRUE,16
(Intercept):1,-1.09104901962499,0.0433343884651718,TRUE,16
(Intercept):2,-1.59734537383392,0.0594245835438671,TRUE,16
Covariate:1,0.51801796688948,0.0651238355183956,TRUE,16
Covariate:2,-0.442077960395149,0.080124296148635,TRUE,16
1-1,0.0522672898185274,0.0416151705664301,TRUE,16
1-2,0.000216450233078982,0.0207110252777389,TRUE,16
1-3,0.00703926152424529,0.0138886316693558,TRUE,16
2-2,0.126508832276322,0.0596117086045042,TRUE,16
2-3,0.0163858397534716,0.0163222010101172,TRUE,16
3-3,-0.217776899535831,0.0294096003709164,TRUE,16
(Intercept):1,-1.06815301053329,0.042962566398979,TRUE,16
(Intercept):2,-1.59839045174736,0.0559920930157722,TRUE,16
Covariate:1,0.548188240824834,0.0669298286878833,TRUE,16
Covariate:2,-0.407781779233804,0.079143185329234,TRUE,16
1-1,0.0912845658234086,0.0375806758222184,TRUE,16
1-2,-0.0342927469711122,0.0222110257254546,TRUE,16
1-3,-0.00944966376963875,0.0127017305724591,TRUE,16
2-2,0.176652805494194,0.0525813006040752,TRUE,16
2-3,0.00104471548379116,0.0152444518027539,TRUE,16
3-3,-0.232279684432414,0.0285283960161054,TRUE,16
(Intercept):1,-1.14283159119162,0.0430848642965685,TRUE,16
(Intercept):2,-1.59520516012504,0.0546905980255029,TRUE,16
Covariate:1,0.439272108990714,0.0656260567488274,TRUE,16
Covariate:2,-0.468338560538506,0.0780620603437085,TRUE,16
1-1,0.162703126366971,0.0371639510597334,TRUE,16
1-2,0.0307104706604632,0.0202260361527256,TRUE,16
1-3,0.00107133277891581,0.0139273850040825,TRUE,16
2-2,0.141099265932761,0.059336206577188,TRUE,16
2-3,-0.0111508118673733,0.0159437278844119,TRUE,16
3-3,-0.24155661469581,0.0288469540040748,TRUE,16
(Intercept):1,-1.09139914071912,0.0438099936572334,TRUE,16
(Intercept):2,-1.52552745066597,0.0553835489448297,TRUE,16
Covariate:1,0.593302578250083,0.065615503791024,TRUE,16
Covariate:2,-0.346204798002138,0.0749016652122164,FALSE,16
1-1,0.0805332119157018,0.0410743281256054,TRUE,16
1-2,-0.0256048466068477,0.0215341822773165,TRUE,16
1-3,0.0258821483208818,0.0145030004569503,TRUE,16
2-2,0.183277795384657,0.0575935993011625,TRUE,16
2-3,0.00495459767578468,0.0166121787983352,TRUE,16
3-3,-0.208254945572164,0.0295570826874304,TRUE,16
(Intercept):1,-1.08558604076438,0.0437094797950118,TRUE,16
(Intercept):2,-1.61685597549406,0.05635051709082,TRUE,16
Covariate:1,0.605816207006949,0.0634940347272704,TRUE,16
Covariate:2,-0.354916506574812,0.0745685769554804,TRUE,16
1-1,0.00523734021159281,0.0433744070575318,FALSE,16
1-2,-0.0147984881427694,0.020957980182665,TRUE,16
1-3,-0.0116106941957008,0.0135357631395624,TRUE,16
2-2,0.217253392513249,0.0554940691517456,TRUE,16
2-3,-0.0200125970290382,0.0156202853138791,TRUE,16
3-3,-0.244798365424152,0.0281191159615805,TRUE,16
(Intercept):1,-1.10621731980277,0.0405136132988109,TRUE,16
(Intercept):2,-1.58643974585924,0.0561274957781792,TRUE,16
Covariate:1,0.52951794706852,0.0615106951245516,TRUE,16
Covariate:2,-0.518719821074969,0.0743995940499321,TRUE,16
1-1,0.0291505616377158,0.0410632265373325,TRUE,16
1-2,-0.000468697688787633,0.0208426641074526,TRUE,16
1-3,-0.00138497703511196,0.0139894574500988,TRUE,16
2-2,0.211785757614923,0.0496809895233637,TRUE,16
2-3,-0.0223723640000595,0.0157618499616125,TRUE,16
3-3,-0.221614214344962,0.0283126407314076,TRUE,16
(Intercept):1,-1.12394018579828,0.0438887108726841,TRUE,16
(Intercept):2,-1.60775032351243,0.0577111297269964,TRUE,16
Covariate:1,0.494946782241322,0.0654703584554882,TRUE,16
Covariate:2,-0.430119137726796,0.0761618761183997,TRUE,16
1-1,0.102611227778634,0.0411671082360766,TRUE,16
1-2,-0.025240134214026,0.0221076243025054,TRUE,16
1-3,-0.00328569161342283,0.0144516429629094,TRUE,16
2-2,0.158993459525857,0.0592006820039293,TRUE,16
2-3,0.00237017957844476,0.0163027929642496,TRUE,16
3-3,-0.295672228868828,0.0283190758545711,FALSE,16
(Intercept):1,-1.06806147058586,0.0423722605061989,TRUE,16
(Intercept):2,-1.61598344975667,0.0576916673282194,TRUE,16
Covariate:1,0.466762120708903,0.062064260913498,TRUE,16
Covariate:2,-0.570014673519158,0.0751186547074583,TRUE,16
1-1,0.101885527869946,0.0397227722830561,TRUE,16
1-2,0.00314256243901214,0.0206509523458655,TRUE,16
1-3,-0.00570936112089829,0.0138008255336343,TRUE,16
2-2,0.131214439585799,0.0591000218355778,TRUE,16
2-3,0.000375461124489987,0.0161995793679163,TRUE,16
3-3,-0.249007590130212,0.0282277457062288,TRUE,16
(Intercept):1,-1.03235714577575,0.0426978582643211,TRUE,16
(Intercept):2,-1.53815229686257,0.055894927584879,TRUE,16
Covariate:1,0.506701737396907,0.0657294180715781,TRUE,16
Covariate:2,-0.558505782442155,0.079459599751081,TRUE,16
1-1,0.0655086025517166,0.0424232064890318,TRUE,16
1-2,-0.0286426301971296,0.0203767899289422,TRUE,16
1-3,-0.0263749452057185,0.0137323910438404,TRUE,16
2-2,0.0688437267885692,0.0630705607734513,TRUE,16
2-3,-0.0272682969071101,0.0159932353545744,TRUE,16
3-3,-0.242136116635975,0.028680536230304,TRUE,16
(Intercept):1,-1.10529909913305,0.0446402029698841,TRUE,16
(Intercept):2,-1.5407960216704,0.0567163785401166,TRUE,16
Covariate:1,0.535777934150306,0.0676454240903514,TRUE,16
Covariate:2,-0.509979271715382,0.0785501612171071,TRUE,16
1-1,0.0762025563988315,0.0400989694970922,TRUE,16
1-2,-0.0255019919251067,0.021910951863133,TRUE,16
1-3,0.0135777262042471,0.0135269053764281,TRUE,16
2-2,0.0905476199378584,0.0595503162795069,TRUE,16
2-3,-0.00767719909670368,0.0161042611780166,TRUE,16
3-3,-0.228772004516586,0.0273224724980989,TRUE,16
(Intercept):1,-1.09262448281983,0.0414340340277663,TRUE,16
(Intercept):2,-1.67811210085316,0.0578630532346075,TRUE,16
Covariate:1,0.470436772962064,0.0614200585050801,TRUE,16
Covariate:2,-0.575423197023612,0.0827690218024064,TRUE,16
1-1,0.115428317430154,0.0375019452966695,TRUE,16
1-2,7.61567900578322e-05,0.0210543699306431,TRUE,16
1-3,0.00679720709893021,0.0138475851160463,TRUE,16
2-2,0.239138907345938,0.0534673875064592,TRUE,16
2-3,0.0138803797212803,0.0156228663194364,TRUE,16
3-3,-0.208494528472297,0.0283642027645093,TRUE,16
(Intercept):1,-1.09061490173891,0.0413246972878428,TRUE,16
(Intercept):2,-1.57174430064644,0.055460903026191,TRUE,16
Covariate:1,0.40852816437452,0.0642901096062275,TRUE,16
Covariate:2,-0.599126151156298,0.0750383362650389,TRUE,16
1-1,0.151552755266639,0.0374061515333375,TRUE,16
1-2,-0.018273964788969,0.0199548318409459,TRUE,16
1-3,-0.0178946444653101,0.0127397681242456,TRUE,16
2-2,0.120008703252122,0.057502789927356,TRUE,16
2-3,-0.0161771342243601,0.0152525072799039,TRUE,16
3-3,-0.209152770066663,0.0276445428033476,TRUE,16
(Intercept):1,-1.15893992321695,0.0455296189031717,TRUE,16
(Intercept):2,-1.57304830562581,0.0579195135709926,TRUE,16
Covariate:1,0.591801184251856,0.0655836023069672,TRUE,16
Covariate:2,-0.514011599915861,0.0750886188702546,TRUE,16
1-1,0.152418908124042,0.0419177884167497,TRUE,16
1-2,0.0207488294289354,0.0214162993742243,TRUE,16
1-3,0.00623072759252058,0.0144269567460991,TRUE,16
2-2,0.249418769199448,0.0534914040957889,TRUE,16
2-3,-0.0232958786908914,0.0157677727342469,TRUE,16
3-3,-0.231420575081673,0.0291835561652275,TRUE,16
(Intercept):1,-1.05566613643656,0.0427952288773607,TRUE,16
(Intercept):2,-1.64341147228768,0.0548121899039973,TRUE,16
Covariate:1,0.425320475049045,0.0619672083212265,TRUE,16
Covariate:2,-0.529100452969963,0.0745153481743605,TRUE,16
1-1,0.0124559751010142,0.0432411889954471,TRUE,16
1-2,0.00392876008047617,0.0208607729665006,TRUE,16
1-3,-0.0151643630863138,0.0147269012310762,TRUE,16
2-2,0.256903326207178,0.0519447108884307,TRUE,16
2-3,-0.0160191517117461,0.0164844597008044,TRUE,16
3-3,-0.282176680747142,0.0299179892384838,FALSE,16
(Intercept):1,-1.125201214964,0.0439964753614708,TRUE,16
(Intercept):2,-1.58828740426869,0.0597066949139328,TRUE,16
Covariate:1,0.537227057448662,0.0641664062782779,TRUE,16
Covariate:2,-0.630230857526235,0.079551055209016,TRUE,16
1-1,0.0962198386421359,0.0418140208595621,TRUE,16
1-2,-0.03082816560921,0.0223496840772777,TRUE,16
1-3,-0.0180082350399402,0.0138045724368861,TRUE,16
2-2,0.0983926767059524,0.0612213619795285,TRUE,16
2-3,-0.00491390176827038,0.0162939804700783,TRUE,16
3-3,-0.270426410872031,0.0293113283427575,TRUE,16
(Intercept):1,-1.07742724292066,0.04064044704802,TRUE,16
(Intercept):2,-1.72255184302002,0.0589275278994953,TRUE,16
Covariate:1,0.586941024996402,0.0625873367128241,TRUE,16
Covariate:2,-0.526559148382686,0.0819820470365589,TRUE,16
1-1,0.0747145768165676,0.0422233289327207,TRUE,16
1-2,0.00798804876364132,0.0209944017063031,TRUE,16
1-3,-0.00781666782613138,0.0136646394038157,TRUE,16
2-2,0.183681146110524,0.0617679232392729,TRUE,16
2-3,0.00134006383140088,0.0164758195077399,TRUE,16
3-3,-0.255848088223927,0.0279425303567289,TRUE,16
(Intercept):1,-1.07318287037181,0.0436344603931915,TRUE,16
(Intercept):2,-1.59047827465464,0.0582153753168015,TRUE,16
Covariate:1,0.604118383296198,0.0623072601883482,TRUE,16
Covariate:2,-0.371539486271924,0.0748557410986796,TRUE,16
1-1,-0.0156323236513803,0.0457071841635866,FALSE,16
1-2,0.000597219182575552,0.0218920156132069,TRUE,16
1-3,-0.0217865358669236,0.014047600357925,TRUE,16
2-2,0.126902355243897,0.0547400048757175,TRUE,16
2-3,-0.014779011906224,0.016288158968324,TRUE,16
3-3,-0.270978392162095,0.0298033458423911,TRUE,16
(Intercept):1,-1.10939564823793,0.0412734189256246,TRUE,16
(Intercept):2,-1.57342131184435,0.0564626452148542,TRUE,16
Covariate:1,0.600693765534113,0.0638694058693022,TRUE,16
Covariate:2,-0.439788193926526,0.0752322068296853,TRUE,16
1-1,0.12546498876858,0.0377340219018956,TRUE,16
1-2,0.0108849145027386,0.0202913413320387,TRUE,16
1-3,0.00266329692060917,0.0131921003089363,TRUE,16
2-2,0.237557582354109,0.0530132030769226,TRUE,16
2-3,-0.00937409421402267,0.0158085075312945,TRUE,16
3-3,-0.227427405958941,0.0281307976319606,TRUE,16
(Intercept):1,-1.06291790373083,0.0430066655084505,TRUE,16
(Intercept):2,-1.62397506570453,0.0588072850998213,TRUE,16
Covariate:1,0.627190518620759,0.0664668205125289,TRUE,16
Covariate:2,-0.33440177105519,0.0758818882986213,FALSE,16
1-1,0.050502291073218,0.0442792954406022,TRUE,16
1-2,0.00615725211171274,0.0206727529452524,TRUE,16
1-3,0.00656259733811998,0.0140854421241105,TRUE,16
2-2,0.227353462982028,0.055519729031134,TRUE,16
2-3,0.00226294148587639,0.0160349801534477,TRUE,16
3-3,-0.238414605378632,0.0302682212809008,TRUE,16
(Intercept):1,-1.11703315867577,0.0435950991475918,TRUE,16
(Intercept):2,-1.61499570178888,0.0578323265521593,TRUE,16
Covariate:1,0.527249864285615,0.0678592362589757,TRUE,16
Covariate:2,-0.516839102494752,0.0773385698581702,TRUE,16
1-1,0.037335361011871,0.0453027738593311,TRUE,16
1-2,0.00213767629560339,0.0210771134406144,TRUE,16
1-3,-0.000886561204753083,0.0141076542321981,TRUE,16
2-2,0.100942874566949,0.0680024232896394,TRUE,16
2-3,-0.0141394219217631,0.0162098012446835,TRUE,16
3-3,-0.255554797802525,0.030439777999411,TRUE,16
(Intercept):1,-1.04864482419942,0.0448265714894028,TRUE,16
(Intercept):2,-1.63346765295352,0.0566139467400894,TRUE,16
Covariate:1,0.447220549970854,0.0625981620784631,TRUE,16
Covariate:2,-0.585761452959705,0.0792961685729033,TRUE,16
1-1,0.0890561259527661,0.0404172991038304,TRUE,16
1-2,0.00654060379123327,0.0214040398445627,TRUE,16
1-3,-0.0115387782502442,0.0144331372368906,TRUE,16
2-2,0.227517061273595,0.0575179424186221,TRUE,16
2-3,0.00273639916744487,0.0152001692655532,TRUE,16
3-3,-0.226949257424286,0.0296336378377388,TRUE,16
(Intercept):1,-1.03752258029731,0.0418406764775034,TRUE,16
(Intercept):2,-1.60597391609484,0.0558512946811147,TRUE,16
Covariate:1,0.425992582222777,0.0630465361300403,TRUE,16
Covariate:2,-0.541279242426142,0.0783549003479102,TRUE,16
1-1,0.0481292880056648,0.0434165400987738,TRUE,16
1-2,-0.0217522802546148,0.021036270940714,TRUE,16
1-3,-0.0100863757182723,0.0136733509970579,TRUE,16
2-2,0.249728413993531,0.055541736904565,TRUE,16
2-3,-0.0140728528803338,0.0160408279076436,TRUE,16
3-3,-0.220420278827175,0.0282033959052688,TRUE,16
(Intercept):1,-1.04769209380802,0.0414209014062424,TRUE,16
(Intercept):2,-1.63989178672077,0.0593871848492848,TRUE,16
Covariate:1,0.389217617167742,0.066928123352204,TRUE,16
Covariate:2,-0.597425134016906,0.0759780596572105,TRUE,16
1-1,0.0325581221396474,0.0412941763909082,TRUE,16
1-2,-0.00197485926878336,0.0200813517113638,TRUE,16
1-3,-0.0213030527474729,0.0134815628641934,TRUE,16
2-2,0.237790183152042,0.0502469528853236,TRUE,16
2-3,-0.0100672882150428,0.0157574106301371,TRUE,16
3-3,-0.232926632072274,0.0285717486726351,TRUE,16
(Intercept):1,-1.16625036543772,0.0467751458579007,TRUE,16
(Intercept):2,-1.6225155675104,0.0571648388936633,TRUE,16
Covariate:1,0.540630142756034,0.065578708579796,TRUE,16
Covariate:2,-0.444158929201398,0.0754777418268046,TRUE,16
1-1,0.0678782469895041,0.0451000142248507,TRUE,16
1-2,0.031699444346752,0.021981181797343,TRUE,16
1-3,-0.00862972205799751,0.0147699780829227,TRUE,16
2-2,0.139093377766624,0.0570083012642695,TRUE,16
2-3,-0.00234542953879252,0.0163620324597228,TRUE,16
3-3,-0.262313095273502,0.0302729994924334,TRUE,16
(Intercept):1,-1.05758064346383,0.0412408756785971,TRUE,16
(Intercept):2,-1.46135638542496,0.0547403258061367,FALSE,16
Covariate:1,0.427567885818401,0.0625361866849249,TRUE,16
Covariate:2,-0.550998247757663,0.0755916382590518,TRUE,16
1-1,0.136768611972596,0.0395501319891151,TRUE,16
1-2,-0.0375249454960358,0.0218446131976414,TRUE,16
1-3,-0.0220878786704785,0.0138548367817574,TRUE,16
2-2,0.0421341407635212,0.0597601259478958,FALSE,16
2-3,-0.0413843861518024,0.0162317992791021,FALSE,16
3-3,-0.2321941002561,0.0290192792538611,TRUE,16
(Intercept):1,-1.06998648079703,0.0415691850167009,TRUE,16
(Intercept):2,-1.57463350633187,0.0584549398083534,TRUE,16
Covariate:1,0.530682241948138,0.0628189812048366,TRUE,16
Covariate:2,-0.542763706665129,0.0794049542181804,TRUE,16
1-1,0.0138500774310717,0.0432404904859697,TRUE,16
1-2,-0.0119669109843666,0.0202550862427923,TRUE,16
1-3,-0.00612966626739772,0.013676310818476,TRUE,16
2-2,0.189582009732763,0.0601051863929885,TRUE,16
2-3,-0.0341405310736723,0.0157464461078471,FALSE,16
3-3,-0.208319180246608,0.0281143111780405,TRUE,16
(Intercept):1,-1.07775132221955,0.0433962818603655,TRUE,16
(Intercept):2,-1.55061515237501,0.0550635168828549,TRUE,16
Covariate:1,0.542575223552306,0.0682283606544927,TRUE,16
Covariate:2,-0.521122973517356,0.0803998684947477,TRUE,16
1-1,0.00459423044538248,0.0461040313351217,FALSE,16
1-2,-0.0129400242390105,0.0210616575998733,TRUE,16
1-3,-0.0127790225300953,0.0145441684733853,TRUE,16
2-2,0.122994064214106,0.0614796875951591,TRUE,16
2-3,-0.0202173515080123,0.0154702282233315,TRUE,16
3-3,-0.265939220410173,0.0291931245277938,TRUE,16
(Intercept):1,-1.14873479552246,0.0437645917540063,TRUE,16
(Intercept):2,-1.58661504795283,0.0570861382711807,TRUE,16
Covariate:1,0.443526951750953,0.0631478869844109,TRUE,16
Covariate:2,-0.494520161553071,0.0741048870425301,TRUE,16
1-1,0.103731625512343,0.041422771178265,TRUE,16
1-2,0.0145915766060862,0.0216063722122756,TRUE,16
1-3,0.0107720603338655,0.0138683139718913,TRUE,16
2-2,0.116964054850253,0.0624713564810168,TRUE,16
2-3,-0.0146557224264181,0.0162812944127734,TRUE,16
3-3,-0.246551892258195,0.0295063030050901,TRUE,16
(Intercept):1,-1.06325364098753,0.0431861916373169,TRUE,16
(Intercept):2,-1.55140289350842,0.0541165129926876,TRUE,16
Covariate:1,0.425364616639654,0.0623227045323187,TRUE,16
Covariate:2,-0.418100833844535,0.0770797970984804,TRUE,16
1-1,0.0706733234842076,0.0395233165608408,TRUE,16
1-2,-0.00156673562388406,0.0210918349481487,TRUE,16
1-3,-0.00558571626630135,0.0138852663574641,TRUE,16
2-2,0.171359986492426,0.0603446920345583,TRUE,16
2-3,-0.0170381952499523,0.0159840927803559,TRUE,16
3-3,-0.219676851522035,0.0282116386308706,TRUE,16
(Intercept):1,-1.10908369161332,0.0430112598183169,TRUE,16
(Intercept):2,-1.5220862582141,0.0547886562201266,TRUE,16
Covariate:1,0.524638618640723,0.0660951435339589,TRUE,16
Covariate:2,-0.627492483732151,0.075848991852657,TRUE,16
1-1,0.0914706526145943,0.0376963232488607,TRUE,16
1-2,0.0010093007712085,0.0217592196611333,TRUE,16
1-3,0.0136681061395991,0.0135024237319047,TRUE,16
2-2,0.0724118605238441,0.071248157569028,TRUE,16
2-3,-0.00553627910046975,0.0157578160060056,TRUE,16
3-3,-0.189638294511384,0.0263613767525317,TRUE,16
(Intercept):1,-1.064117545313,0.0427122157173963,TRUE,16
(Intercept):2,-1.62782823432188,0.0554129522575307,TRUE,16
Covariate:1,0.501712345711985,0.0658823461995774,TRUE,16
Covariate:2,-0.484386384872429,0.0795479312027586,TRUE,16
1-1,0.0571105809787509,0.0426308541639242,TRUE,16
1-2,0.00662699130857778,0.021303335176982,TRUE,16
1-3,-0.0175098972028839,0.0138947257835545,TRUE,16
2-2,0.215721957599622,0.0540420645616949,TRUE,16
2-3,0.00184013216209673,0.0163125623194047,TRUE,16
3-3,-0.219779020993414,0.0294979260138225,TRUE,16
(Intercept):1,-1.05623296887779,0.0402928472451536,TRUE,16
(Intercept):2,-1.55066330668413,0.0560465043680399,TRUE,16
Covariate:1,0.528607573337095,0.0618856915983253,TRUE,16
Covariate:2,-0.437297572014135,0.0748828401921875,TRUE,16
1-1,0.0652869937868978,0.0418745532908308,TRUE,16
1-2,-0.00172648204493943,0.0205955938306452,TRUE,16
1-3,-0.020360885473037,0.0138906682564706,TRUE,16
2-2,0.14294949233694,0.0561113485943054,TRUE,16
2-3,-0.0320352944541195,0.0152999377531121,FALSE,16
3-3,-0.248620227307087,0.0288242962417428,TRUE,16
(Intercept):1,-1.10614811874188,0.0429522137817627,TRUE,16
(Intercept):2,-1.67537401194306,0.0590945519376769,TRUE,16
Covariate:1,0.482089124342537,0.0656930068396415,TRUE,16
Covariate:2,-0.457528241142499,0.0743833981872847,TRUE,16
1-1,0.0847017655362037,0.0377452018403556,TRUE,16
1-2,0.00236168371711781,0.0210569815579177,TRUE,16
1-3,-0.0140712450668796,0.0141212148614781,TRUE,16
2-2,0.204329606546585,0.0612226595839749,TRUE,16
2-3,-0.0026842720426209,0.0159479089178742,TRUE,16
3-3,-0.285860678349234,0.028820665111361,FALSE,16
(Intercept):1,-1.11277775833958,0.0421573271355166,TRUE,16
(Intercept):2,-1.54639438553954,0.0582887833633523,TRUE,16
Covariate:1,0.44188771912929,0.0615646587609015,TRUE,16
Covariate:2,-0.462430096758915,0.0720532243990296,TRUE,16
1-1,0.108782151408158,0.0417960045950669,TRUE,16
1-2,-0.032763749723354,0.0228531983934311,TRUE,16
1-3,0.014747076172033,0.0142994232374034,TRUE,16
2-2,0.210749696953473,0.0525449427672436,TRUE,16
2-3,-0.0169136956770444,0.0164052060444129,TRUE,16
3-3,-0.203998974571426,0.0301177615662467,TRUE,16
(Intercept):1,-1.04451248899099,0.0412640843538963,TRUE,16
(Intercept):2,-1.59023872477457,0.0560000526152524,TRUE,16
Covariate:1,0.492610559028995,0.0602481597419266,TRUE,16
Covariate:2,-0.444601384868482,0.0779892999674883,TRUE,16
1-1,0.0673697831625486,0.0396070871862866,TRUE,16
1-2,0.00420702367358967,0.0208581378646095,TRUE,16
1-3,-0.0266044888301692,0.0132230149130229,FALSE,16
2-2,0.22226555406929,0.0552429467359829,TRUE,16
2-3,-0.0247005160661934,0.0147545768318779,TRUE,16
3-3,-0.245393771524116,0.0282901275545858,TRUE,16
(Intercept):1,-1.09812999734627,0.0433956645832914,TRUE,16
(Intercept):2,-1.62013344383883,0.0535530232819033,TRUE,16
Covariate:1,0.580411342679485,0.06406653698447,TRUE,16
Covariate:2,-0.435660204163739,0.0765276891283269,TRUE,16
1-1,0.0686950369705923,0.0410423307154577,TRUE,16
1-2,0.0361321758883221,0.0202595813545229,TRUE,16
1-3,-0.00981277239564051,0.0138060305999994,TRUE,16
2-2,0.114143214074836,0.061804890220686,TRUE,16
2-3,-0.0177921820187131,0.0154285281781451,TRUE,16
3-3,-0.251148160031839,0.0292731855785441,TRUE,16
(Intercept):1,-1.01984489062554,0.0423804929669377,TRUE,16
(Intercept):2,-1.57410115394256,0.0602883184622905,TRUE,16
Covariate:1,0.534932087525845,0.0625264674462273,TRUE,16
Covariate:2,-0.527765203272363,0.0804208653357735,TRUE,16
1-1,0.0886206802039008,0.0431348552870651,TRUE,16
1-2,-0.0227629059910754,0.0220690860246628,TRUE,16
1-3,-0.026233687237355,0.0142125257089188,TRUE,16
2-2,0.118811942292974,0.0631649143744869,TRUE,16
2-3,-0.0119485877800044,0.0167077575972268,TRUE,16
3-3,-0.236079250718338,0.0287676945779126,TRUE,16
(Intercept):1,-0.989099834681485,0.0415302589664309,FALSE,16
(Intercept):2,-1.42911360302498,0.0546664635177956,FALSE,16
Covariate:1,0.492118423868702,0.0646565825592873,TRUE,16
Covariate:2,-0.434932962144516,0.0741902873087487,TRUE,16
1-1,-0.00925770291687524,0.0442316510751852,FALSE,16
1-2,-0.0397413809748136,0.0203642522222358,TRUE,16
1-3,-0.0190979720894518,0.0143101008844938,TRUE,16
2-2,0.0953322014230033,0.0569805442841277,TRUE,16
2-3,-0.0334768354886158,0.0162364409674241,FALSE,16
3-3,-0.229980814046195,0.0288279224784417,TRUE,16
(Intercept):1,-1.1161860081593,0.0420627483147446,TRUE,16
(Intercept):2,-1.58976964348093,0.0576626062229511,TRUE,16
Covariate:1,0.550589918659083,0.0650165372350372,TRUE,16
Covariate:2,-0.564035877693526,0.0747615931210224,TRUE,16
1-1,0.12589019675557,0.0388521930800521,TRUE,16
1-2,0.0206940603096408,0.0203043769282364,TRUE,16
1-3,-0.0121118312339631,0.0128889013858638,TRUE,16
2-2,0.0980885579655469,0.0585111618747114,TRUE,16
2-3,-0.00215892619420913,0.0156379980609997,TRUE,16
3-3,-0.1957589401852,0.0260061028014941,TRUE,16
(Intercept):1,-1.04111274946627,0.0425357027391087,TRUE,16
(Intercept):2,-1.46993315550032,0.055010422520125,FALSE,16
Covariate:1,0.422406086516303,0.0670243166424224,TRUE,16
Covariate:2,-0.3569542634783,0.0766806623815945,TRUE,16
1-1,0.0897279628383866,0.0412557535698278,TRUE,16
1-2,-0.0559772460637255,0.0218823933920647,FALSE,16
1-3,-0.0115114279629892,0.0139537788144351,TRUE,16
2-2,0.0790095469700829,0.0641295953511281,TRUE,16
2-3,-0.0143512228891927,0.0160765371077512,TRUE,16
3-3,-0.209974057287683,0.0291718277449975,TRUE,16
(Intercept):1,-1.03924651814332,0.0423327327629041,TRUE,16
(Intercept):2,-1.62672726106163,0.0603007939490011,TRUE,16
Covariate:1,0.374106659024965,0.0615653315803416,FALSE,16
Covariate:2,-0.373731595463237,0.0788558160226013,TRUE,16
1-1,0.0487536214202209,0.0388162441356889,TRUE,16
1-2,-0.013140997869913,0.0217172869893224,TRUE,16
1-3,-0.0147108023987882,0.0143539294613119,TRUE,16
2-2,0.167038674005611,0.0520089233160485,TRUE,16
2-3,-0.00894787051144221,0.0170348180420367,TRUE,16
3-3,-0.297123059775702,0.030549765386429,FALSE,16
(Intercept):1,-0.95809024710144,0.0420620444196291,FALSE,16
(Intercept):2,-1.60365799947338,0.0561860254678815,TRUE,16
Covariate:1,0.504567869408116,0.0633004969402687,TRUE,16
Covariate:2,-0.495242935500176,0.0798428941017053,TRUE,16
1-1,0.0282015501637726,0.0502338873550281,TRUE,16
1-2,-0.0322694962794959,0.0218245229165904,TRUE,16
1-3,-0.0100509817979635,0.0138209468969564,TRUE,16
2-2,0.180402070074688,0.0615164909738678,TRUE,16
2-3,0.0207818008777616,0.0155884558279734,TRUE,16
3-3,-0.195233052142284,0.0305414416862533,TRUE,16
(Intercept):1,-1.09865123547575,0.0425182030732095,TRUE,16
(Intercept):2,-1.572133953006,0.0561696277172578,TRUE,16
Covariate:1,0.511791253884164,0.0638039046196742,TRUE,16
Covariate:2,-0.359858034380707,0.0767740778494076,TRUE,16
1-1,0.0995203102643578,0.0368265253263599,TRUE,16
1-2,0.0395813897687223,0.0202717643148737,TRUE,16
1-3,0.0411194750500605,0.0136506950342769,FALSE,16
2-2,0.185765170061572,0.063018303020663,TRUE,16
2-3,0.0119684763668254,0.0165547195615814,TRUE,16
3-3,-0.184614957037167,0.0293256212889477,TRUE,16
(Intercept):1,-1.04860952218084,0.0432091532348562,TRUE,16
(Intercept):2,-1.64631098918906,0.0587192455471402,TRUE,16
Covariate:1,0.483535073355801,0.0638117419881835,TRUE,16
Covariate:2,-0.51176946246333,0.075292622715642,TRUE,16
1-1,-0.0015592706036098,0.0440815038552766,FALSE,16
1-2,0.00268047976000752,0.0218297246160464,TRUE,16
1-3,-0.00650713397531997,0.0137436616191751,TRUE,16
2-2,0.156598528945465,0.0606077535396981,TRUE,16
2-3,0.0152247383549935,0.0161267496479173,TRUE,16
3-3,-0.217945329964115,0.0291981986768446,TRUE,16
(Intercept):1,-1.08363923966616,0.0430925103582521,TRUE,16
(Intercept):2,-1.68083490323051,0.0584759654486132,TRUE,16
Covariate:1,0.48185483533743,0.066605744323315,TRUE,16
Covariate:2,-0.419799710074843,0.0785941708067973,TRUE,16
1-1,0.0764084480481741,0.0434766072610081,TRUE,16
1-2,0.0176913571037005,0.0212836758446954,TRUE,16
1-3,-0.022911951843037,0.0133916847369763,TRUE,16
2-2,0.218156820099076,0.0585749722917874,TRUE,16
2-3,0.00617555867919015,0.0164534736452815,TRUE,16
3-3,-0.239356151712508,0.0297406157912382,TRUE,16
(Intercept):1,-1.04107786889453,0.0425189179888912,TRUE,16
(Intercept):2,-1.60460481596621,0.0582357761993771,TRUE,16
Covariate:1,0.491900605606592,0.0602982951741353,TRUE,16
Covariate:2,-0.533443493934566,0.0770582280374266,TRUE,16
1-1,0.0466670510855701,0.0426607595222123,TRUE,16
1-2,-0.0237585214770696,0.0212247600494431,TRUE,16
1-3,-0.016740995317381,0.0139346791958782,TRUE,16
2-2,0.163557782186176,0.0568610262106762,TRUE,16
2-3,-0.014278817390007,0.0157028676415661,TRUE,16
3-3,-0.263600492611427,0.0286766659735516,TRUE,16
(Intercept):1,-1.00761328262047,0.0423953581642979,FALSE,16
(Intercept):2,-1.5929224531844,0.0579228563282035,TRUE,16
Covariate:1,0.49028711252722,0.0616469545492671,TRUE,16
Covariate:2,-0.581657631413511,0.0764075700097687,TRUE,16
1-1,0.051501435064553,0.0380169631870809,TRUE,16
1-2,-0.0200117028792509,0.0204672525754362,TRUE,16
1-3,-0.0147626866830106,0.0138916696353452,TRUE,16
2-2,0.249738153355215,0.0563536179622806,TRUE,16
2-3,-0.0137914279815704,0.0168090480734623,TRUE,16
3-3,-0.23731469531736,0.0293096963615991,TRUE,16
(Intercept):1,-1.11321771803419,0.0437861514454724,TRUE,16
(Intercept):2,-1.6286447928647,0.0574788751422892,TRUE,16
Covariate:1,0.426087189204443,0.0627428261391566,TRUE,16
Covariate:2,-0.614418542064751,0.075815261362828,TRUE,16
1-1,0.0830491480210036,0.0398415774434568,TRUE,16
1-2,-0.0051811574588312,0.0217683834277405,TRUE,16
1-3,-0.00574409195742425,0.0139164928796727,TRUE,16
2-2,0.0820848187818742,0.0722714226130377,TRUE,16
2-3,-0.0134756720488034,0.0162157943102179,TRUE,16
3-3,-0.259779512207507,0.0294761841893386,TRUE,16
(Intercept):1,-1.126689227199,0.0420354775383911,TRUE,16
(Intercept):2,-1.69469477401343,0.0634882833958644,TRUE,16
Covariate:1,0.583406766125709,0.065473913560955,TRUE,16
Covariate:2,-0.605619842374192,0.0789519398593418,TRUE,16
1-1,0.0639720482004641,0.0428419172852775,TRUE,16
1-2,0.0145946787858413,0.0219696728339181,TRUE,16
1-3,0.00407937115051243,0.0138557750892069,TRUE,16
2-2,0.214255015626626,0.0532183097902493,TRUE,16
2-3,0.0137345983705275,0.0163988598304469,TRUE,16
3-3,-0.242117949251077,0.0289253314039855,TRUE,16
(Intercept):1,-1.13112718050454,0.0446166357280639,TRUE,16
(Intercept):2,-1.6200562541897,0.0564950930066118,TRUE,16
Covariate:1,0.538852792879874,0.0636915602260309,TRUE,16
Covariate:2,-0.494585888971725,0.0754761576927071,TRUE,16
1-1,0.145295624777681,0.0406580768495574,TRUE,16
1-2,0.0383538748581774,0.0199206874234955,TRUE,16
1-3,-0.0147063721411157,0.0144102441306546,TRUE,16
2-2,-0.0384439199893406,0.0699063623534446,FALSE,16
2-3,0.0027144321615233,0.0151980110489202,TRUE,16
3-3,-0.192614336198617,0.0286633263266452,TRUE,16
(Intercept):1,-1.02100293322758,0.0422329700798148,TRUE,16
(Intercept):2,-1.50035746016375,0.0548564501500597,FALSE,16
Covariate:1,0.471169205798161,0.0646884335040519,TRUE,16
Covariate:2,-0.447688009103505,0.0756144357733615,TRUE,16
1-1,0.0645445782704544,0.0409466068770223,TRUE,16
1-2,-0.043402693960092,0.0222025437875286,TRUE,16
1-3,0.00601491094955873,0.0143398478673414,TRUE,16
2-2,0.177748098254023,0.058102388163561,TRUE,16
2-3,-0.0254213566621619,0.0157478549054657,TRUE,16
3-3,-0.20658652390762,0.0279776717569441,TRUE,16
(Intercept):1,-1.14128753299842,0.0430278180908299,TRUE,16
(Intercept):2,-1.64276780945346,0.0600099096675207,TRUE,16
Covariate:1,0.556933741894527,0.0653535384388044,TRUE,16
Covariate:2,-0.613110775961229,0.0775849655276377,TRUE,16
1-1,0.0322980807720615,0.0451319496341861,TRUE,16
1-2,0.0231729686628482,0.0209166485148972,TRUE,16
1-3,-0.000688054807264912,0.0148309866392547,TRUE,16
2-2,0.21768716596232,0.0535489449093011,TRUE,16
2-3,-0.0118088680042785,0.017222020927081,TRUE,16
3-3,-0.25329261677352,0.0309372183710068,TRUE,16
(Intercept):1,-1.04078212613946,0.0442728287354877,TRUE,16
(Intercept):2,-1.66404641010351,0.0566674669162069,TRUE,16
Covariate:1,0.374952773954851,0.0643535580783044,TRUE,16
Covariate:2,-0.565631973858801,0.0775241736229838,TRUE,16
1-1,0.0308995728302339,0.045470851370921,TRUE,16
1-2,-0.0219244464014054,0.0205660435039598,TRUE,16
1-3,-0.0231296787506536,0.0138235831667314,TRUE,16
2-2,0.222867126387751,0.0562474953623917,TRUE,16
2-3,0.00326910653254781,0.0159656580959693,TRUE,16
3-3,-0.213643856165194,0.0284669544469471,TRUE,16
(Intercept):1,-1.11201333242076,0.0438655210910706,TRUE,16
(Intercept):2,-1.58079920403316,0.0561600774235986,TRUE,16
Covariate:1,0.433313068300815,0.064534443395347,TRUE,16
Covariate:2,-0.511844970397803,0.0772756654514533,TRUE,16
1-1,0.0569022406469352,0.0424653888040715,TRUE,16
1-2,-0.0130284237501171,0.0209382031168533,TRUE,16
1-3,-0.0247106048559089,0.0137273052124149,TRUE,16
2-2,0.138975535162992,0.054898146124344,TRUE,16
2-3,-0.0329901437949005,0.0154901564457064,FALSE,16
3-3,-0.310264405123011,0.0303303368438196,FALSE,16
(Intercept):1,-1.05043829435071,0.0409353436285789,TRUE,16
(Intercept):2,-1.5938053090176,0.0593706315789544,TRUE,16
Covariate:1,0.489296931385908,0.0615486848529703,TRUE,16
Covariate:2,-0.477856757284351,0.0784757410367922,TRUE,16
1-1,0.0820445896588035,0.0390173568309935,TRUE,16
1-2,0.00459753399568121,0.0211146607033916,TRUE,16
1-3,-0.01525525019953,0.0142134559129255,TRUE,16
2-2,0.0871894594652787,0.0655077808966602,TRUE,16
2-3,-0.011062829398082,0.0165178261430343,TRUE,16
3-3,-0.210896173204285,0.0289667022226568,TRUE,16
(Intercept):1,-1.09459572849723,0.0420093006196828,TRUE,16
(Intercept):2,-1.55549592027307,0.0562237877897539,TRUE,16
Covariate:1,0.442307950971516,0.0637638989918896,TRUE,16
Covariate:2,-0.591278629758514,0.0743730714665739,TRUE,16
1-1,0.14195272524886,0.0387670453356529,TRUE,16
1-2,-0.00497961651482925,0.0205244372247022,TRUE,16
1-3,0.00694544804821813,0.0136757197807637,TRUE,16
2-2,0.288949210554471,0.0526595134869557,FALSE,16
2-3,-0.0124019110795726,0.0158137590250352,TRUE,16
3-3,-0.21249479839449,0.0291713022253323,TRUE,16
(Intercept):1,-1.07209802010656,0.0412190519284088,TRUE,16
(Intercept):2,-1.58642749159101,0.0559848040844022,TRUE,16
Covariate:1,0.480040725889036,0.0617184145557951,TRUE,16
Covariate:2,-0.33765360442618,0.0759365726375381,FALSE,16
1-1,0.121636401373266,0.0386529761576624,TRUE,16
1-2,-0.0159545588775483,0.0203906385981911,TRUE,16
1-3,-0.0182701371548027,0.0131717683591268,TRUE,16
2-2,0.188221711568591,0.0519585431098539,TRUE,16
2-3,-0.0191336978736842,0.0150719809619435,TRUE,16
3-3,-0.248562664029553,0.0289992077163094,TRUE,16
(Intercept):1,-1.10081027894356,0.044244236425578,TRUE,16
(Intercept):2,-1.67597778387533,0.0578900291587763,TRUE,16
Covariate:1,0.565758209444314,0.0651895071626016,TRUE,16
Covariate:2,-0.605110262995281,0.0734575128858754,TRUE,16
1-1,0.0891627125536907,0.0400903033560537,TRUE,16
1-2,0.0159847535265765,0.0214968087512888,TRUE,16
1-3,-0.0138587305132818,0.0136550181673672,TRUE,16
2-2,0.1854578699048,0.0528474199179157,TRUE,16
2-3,-0.000336269326475472,0.0157786448525897,TRUE,16
3-3,-0.242031077448553,0.0283742840263163,TRUE,16
(Intercept):1,-1.10839779215565,0.0438708453386356,TRUE,16
(Intercept):2,-1.63612144060716,0.0542282587390669,TRUE,16
Covariate:1,0.544309065737827,0.0651340747925373,TRUE,16
Covariate:2,-0.483230300298965,0.0769498218517185,TRUE,16
1-1,0.0868089723393492,0.0448929324969434,TRUE,16
1-2,-0.0124908582265247,0.0220897022326127,TRUE,16
1-3,-0.0333897345738676,0.0130972089237181,FALSE,16
2-2,0.135445234899972,0.058649626958458,TRUE,16
2-3,-0.0169987581357137,0.0157596640428163,TRUE,16
3-3,-0.256779917308741,0.0291285112133401,TRUE,16
(Intercept):1,-1.05819057613273,0.0431637282396627,TRUE,16
(Intercept):2,-1.55429943768957,0.0542076356594776,TRUE,16
Covariate:1,0.448266456543707,0.0637740231319555,TRUE,16
Covariate:2,-0.381887953975858,0.0737733706170846,TRUE,16
1-1,0.0229024630266314,0.0422922872960221,TRUE,16
1-2,-0.0195905962426278,0.0211378546152828,TRUE,16
1-3,-0.0186513958306202,0.0133764976833103,TRUE,16
2-2,0.163016480680288,0.0526503594446158,TRUE,16
2-3,-0.0276925107579641,0.0162730902014952,TRUE,16
3-3,-0.287352087039945,0.0284867801668664,FALSE,16
(Intercept):1,-1.10158083447357,0.0434386802171884,TRUE,16
(Intercept):2,-1.59670001839434,0.0602424065357751,TRUE,16
Covariate:1,0.568975879647539,0.0641229807457348,TRUE,16
Covariate:2,-0.436605959084216,0.0743890287892949,TRUE,16
1-1,0.0735890933015987,0.0394391406423227,TRUE,16
1-2,-0.0104813446901475,0.0207840614846136,TRUE,16
1-3,0.00121133296500629,0.0139342656369001,TRUE,16
2-2,0.184809023857405,0.05688285530793,TRUE,16
2-3,-0.0105773434158787,0.017110779085673,TRUE,16
3-3,-0.250708506330242,0.0287172668029824,TRUE,16
(Intercept):1,-1.06634989066836,0.044386287702672,TRUE,16
(Intercept):2,-1.55182120818097,0.0574982290526285,TRUE,16
Covariate:1,0.546582557600672,0.0669856758254931,TRUE,16
Covariate:2,-0.569742627256619,0.0792258527644111,TRUE,16
1-1,0.0197563327945114,0.0487531863764538,TRUE,16
1-2,-0.0130565094540369,0.0215102521856412,TRUE,16
1-3,0.00250809416224349,0.0143126079822143,TRUE,16
2-2,0.0944215377697722,0.0624316626587244,TRUE,16
2-3,-0.004451318242564,0.015729463010034,TRUE,16
3-3,-0.193386025127099,0.0281485924056145,TRUE,16
(Intercept):1,-1.12036160898629,0.0455732513567416,TRUE,16
(Intercept):2,-1.50986966390205,0.0546466912952053,TRUE,16
Covariate:1,0.500156341458629,0.0689991539429386,TRUE,16
Covariate:2,-0.575807601300883,0.0752048772207354,TRUE,16
1-1,0.0405052609456281,0.0451371557453078,TRUE,16
1-2,-0.0440759522027265,0.0229452142008525,TRUE,16
1-3,-0.0140125563375259,0.0141527720709971,TRUE,16
2-2,0.125730845093754,0.0529967708439301,TRUE,16
2-3,-0.043989897534698,0.0153211733806719,FALSE,16
3-3,-0.274458982529371,0.0299490293244951,TRUE,16
(Intercept):1,-1.06101627425321,0.0419010390928563,TRUE,16
(Intercept):2,-1.54497387195039,0.0586494123908839,TRUE,16
Covariate:1,0.41893962953018,0.0642092071470037,TRUE,16
Covariate:2,-0.56409537580681,0.0761844429189589,TRUE,16
1-1,0.0578333954229043,0.0375590552950521,TRUE,16
1-2,-0.0236840264598917,0.0207034927694428,TRUE,16
1-3,-0.0108511706155899,0.0135628344724011,TRUE,16
2-2,0.190506999556129,0.0529730033364843,TRUE,16
2-3,-0.0193150474353685,0.0164595214468492,TRUE,16
3-3,-0.230036780906588,0.0286493066917773,TRUE,16
(Intercept):1,-1.20240071460907,0.0442377237687272,FALSE,16
(Intercept):2,-1.6228822012946,0.0546164757673197,TRUE,16
Covariate:1,0.539890155992288,0.0635728466125825,TRUE,16
Covariate:2,-0.504828235980586,0.0742994448408889,TRUE,16
1-1,0.138429705468333,0.0391313129994999,TRUE,16
1-2,0.0259373280236482,0.0210647880791407,TRUE,16
1-3,-0.000671260629841689,0.0145418628001049,TRUE,16
2-2,0.086180325952915,0.0585039564173651,TRUE,16
2-3,-0.00558394571866356,0.0167547000474394,TRUE,16
3-3,-0.305167421990919,0.0295194227365164,FALSE,16
(Intercept):1,-1.12754294136712,0.0420288580476663,TRUE,16
(Intercept):2,-1.67998436971938,0.0582693992149177,TRUE,16
Covariate:1,0.577583570968273,0.0628105682514556,TRUE,16
Covariate:2,-0.443214035945078,0.0789399832077428,TRUE,16
1-1,0.103436525307701,0.0365339014829569,TRUE,16
1-2,0.0155465939795698,0.0202366408796728,TRUE,16
1-3,0.0115506194265936,0.01402500769839,TRUE,16
2-2,0.200691700869402,0.0535378901143137,TRUE,16
2-3,0.00436397126481179,0.0161216352060648,TRUE,16
3-3,-0.252027994736442,0.0293954834517921,TRUE,16
(Intercept):1,-1.11559783602006,0.0419357917888524,TRUE,16
(Intercept):2,-1.65862645403781,0.06040888677736,TRUE,16
Covariate:1,0.437603766512677,0.0677299643417512,TRUE,16
Covariate:2,-0.475476443365231,0.0759563044264609,TRUE,16
1-1,0.15340480268948,0.0397553349535482,TRUE,16
1-2,0.0205264481776465,0.0219312709157656,TRUE,16
1-3,0.00989388515855367,0.0132589017945392,TRUE,16
2-2,0.232315748575406,0.0557926582848145,TRUE,16
2-3,0.0215300351117341,0.0161578692755631,TRUE,16
3-3,-0.17753082962842,0.027634840770948,TRUE,16
(Intercept):1,-1.01108927993528,0.0414362673109107,FALSE,16
(Intercept):2,-1.60378486332578,0.0570971390901029,TRUE,16
Covariate:1,0.633127443317346,0.0603197743121659,FALSE,16
Covariate:2,-0.477082100523035,0.0784389758544715,TRUE,16
1-1,0.105662051424672,0.039748748708288,TRUE,16
1-2,-0.0180401022566382,0.0214448175488842,TRUE,16
1-3,-0.00779630379750983,0.0137854100263762,TRUE,16
2-2,0.046238755169979,0.0666000322098288,FALSE,16
2-3,0.0213066699144843,0.0158011458664468,TRUE,16
3-3,-0.207810621246967,0.0274890761982575,TRUE,16
(Intercept):1,-1.11312833703225,0.0435106972908544,TRUE,16
(Intercept):2,-1.68904967355646,0.0591231293499606,TRUE,16
Covariate:1,0.590547087506563,0.0645794845460221,TRUE,16
Covariate:2,-0.307164955004613,0.0793568379938897,FALSE,16
1-1,0.0356024380128823,0.0414392693033294,TRUE,16
1-2,0.028137842601372,0.022617652219342,TRUE,16
1-3,0.00909179825065184,0.014745852972235,TRUE,16
2-2,0.170638247121018,0.0594127678542373,TRUE,16
2-3,0.0218187577999205,0.0163328777001502,TRUE,16
3-3,-0.244635629490072,0.0300963395667908,TRUE,16
(Intercept):1,-1.10577143862702,0.0433052821771804,TRUE,16
(Intercept):2,-1.70488708596779,0.0598918871228688,TRUE,16
Covariate:1,0.527001234984942,0.0652066104829265,TRUE,16
Covariate:2,-0.59640380147004,0.0803056475234589,TRUE,16
1-1,0.0563044720383415,0.0418913173061219,TRUE,16
1-2,0.0174902121074131,0.020993694829473,TRUE,16
1-3,-0.0260108700941851,0.0143016868514932,TRUE,16
2-2,0.137202198716067,0.060421943146677,TRUE,16
2-3,-0.0106061654272074,0.0159760937326537,TRUE,16
3-3,-0.256150764202825,0.0291837314348777,TRUE,16
(Intercept):1,-1.08475617823915,0.044611287586909,TRUE,16
(Intercept):2,-1.52280924061953,0.0549812375010499,TRUE,16
Covariate:1,0.528093623890583,0.0634333273303473,TRUE,16
Covariate:2,-0.424480870264804,0.0775890953229693,TRUE,16
1-1,0.136937956850931,0.0377605039244693,TRUE,16
1-2,-0.024742423076382,0.0206959793296613,TRUE,16
1-3,-0.00620893073830934,0.0144581773788675,TRUE,16
2-2,0.235947987407026,0.0520605597842376,TRUE,16
2-3,-0.0129248895218048,0.0157278907129032,TRUE,16
3-3,-0.217672488258085,0.030767156477224,TRUE,16
(Intercept):1,-1.06028514311012,0.045295845048056,TRUE,16
(Intercept):2,-1.61904905284883,0.0564268790331157,TRUE,16
Covariate:1,0.581636850623475,0.0689667603078713,TRUE,16
Covariate:2,-0.611179900728819,0.0776124055919134,TRUE,16
1-1,0.0514967093401541,0.0423613178162111,TRUE,16
1-2,0.00167568619749013,0.0225320585112616,TRUE,16
1-3,0.00584650186771858,0.0142121216995937,TRUE,16
2-2,0.221118577526701,0.0526452912438777,TRUE,16
2-3,0.00201125846792014,0.0162841958764175,TRUE,16
3-3,-0.220580001887857,0.0292892253540756,TRUE,16
(Intercept):1,-1.1414845679757,0.0436935656509509,TRUE,16
(Intercept):2,-1.64719325405532,0.0566886974028364,TRUE,16
Covariate:1,0.593125304339584,0.0676320795841945,TRUE,16
Covariate:2,-0.497966241360912,0.0773648316729366,TRUE,16
1-1,0.0266592786685681,0.0444776835450282,TRUE,16
1-2,0.0138033137174096,0.0206461128052952,TRUE,16
1-3,0.00549032819133699,0.014035420025865,TRUE,16
2-2,0.227027076589482,0.0549624212405348,TRUE,16
2-3,-0.0075654619398922,0.0160537651448883,TRUE,16
3-3,-0.267301674413367,0.030638997014121,TRUE,16
(Intercept):1,-1.13403195282352,0.0433278865227539,TRUE,16
(Intercept):2,-1.58009178115899,0.0590702959657003,TRUE,16
Covariate:1,0.504188244304072,0.0640276005155616,TRUE,16
Covariate:2,-0.400876584023507,0.0738448197817954,TRUE,16
1-1,0.0678562406503813,0.0412432714323784,TRUE,16
1-2,-0.0142277622929304,0.0216427519378876,TRUE,16
1-3,0.00535116029890551,0.0139392525280612,TRUE,16
2-2,0.171508975587897,0.0598606523368484,TRUE,16
2-3,-0.00786439394792072,0.0161879678582838,TRUE,16
3-3,-0.274487824331067,0.0296166236420972,TRUE,16
(Intercept):1,-1.12407850577206,0.0422241784331063,TRUE,16
(Intercept):2,-1.61852283094378,0.0562821817568457,TRUE,16
Covariate:1,0.519460566449126,0.0628032376773395,TRUE,16
Covariate:2,-0.390610524180898,0.0713180000555156,TRUE,16
1-1,0.0975135184179172,0.0401529011863598,TRUE,16
1-2,0.0271390380786858,0.0207844414667251,TRUE,16
1-3,0.000165607818309135,0.014046869452902,TRUE,16
2-2,0.218592893971852,0.052962994345094,TRUE,16
2-3,-0.0203507721061072,0.0156855892069225,TRUE,16
3-3,-0.238402683580873,0.0281638510533551,TRUE,16
(Intercept):1,-1.1383529801526,0.0456180006478364,TRUE,16
(Intercept):2,-1.69846029401505,0.0586134327018423,TRUE,16
Covariate:1,0.450163982240522,0.0652624240992696,TRUE,16
Covariate:2,-0.682110262360238,0.0774297131628811,FALSE,16
1-1,0.114825926850525,0.0412353937615634,TRUE,16
1-2,0.0355293347961567,0.0205325317689176,TRUE,16
1-3,-0.0100741813894099,0.0137619597474135,TRUE,16
2-2,0.163322368194709,0.0591476521336662,TRUE,16
2-3,0.00555526372183252,0.015164097150656,TRUE,16
3-3,-0.237107145141194,0.0294749552207082,TRUE,16
(Intercept):1,-1.09512946659309,0.0434856681719309,TRUE,16
(Intercept):2,-1.66138635936039,0.0570671054775774,TRUE,16
Covariate:1,0.561211623695177,0.0652359187238473,TRUE,16
Covariate:2,-0.60918546587804,0.0764850761507796,TRUE,16
1-1,0.120555517834109,0.0399703398425692,TRUE,16
1-2,0.0144337855499236,0.0206026734501057,TRUE,16
1-3,-0.0127567741420775,0.0141482038173644,TRUE,16
2-2,0.147318274858474,0.0566821448082773,TRUE,16
2-3,0.0180794400087327,0.0165101956844128,TRUE,16
3-3,-0.223375298154987,0.027673077952996,TRUE,16
(Intercept):1,-1.06322665974968,0.0418775301487334,TRUE,16
(Intercept):2,-1.65308258315002,0.0590242353728598,TRUE,16
Covariate:1,0.462483617432666,0.0665115252225003,TRUE,16
Covariate:2,-0.444423501372214,0.0795743238630007,TRUE,16
1-1,0.0502700771555488,0.0427369497022148,TRUE,16
1-2,-0.00154167555553568,0.0216542743758524,TRUE,16
1-3,-0.0311578384439148,0.0140420189592706,FALSE,16
2-2,0.197162309618875,0.0553900503723507,TRUE,16
2-3,-0.0207713330726818,0.0165658875175018,TRUE,16
3-3,-0.211716680440494,0.0286962707510885,TRUE,16
(Intercept):1,-1.15836277618203,0.0444615880685716,TRUE,16
(Intercept):2,-1.57579989582912,0.0561157195631734,TRUE,16
Covariate:1,0.597446481384402,0.0637655677256184,TRUE,16
Covariate:2,-0.475364618031045,0.0774205956086008,TRUE,16
1-1,0.0554031449433854,0.0449873457027556,TRUE,16
1-2,-0.0180939878676503,0.0222230040626303,TRUE,16
1-3,-0.000237409315526116,0.0141156034939488,TRUE,16
2-2,0.0947102095026727,0.060590831903444,TRUE,16
2-3,-0.0183689200852402,0.0161281403762437,TRUE,16
3-3,-0.272284170619638,0.0292618035501231,TRUE,16
(Intercept):1,-1.09452334479919,0.0438836638096974,TRUE,16
(Intercept):2,-1.64714899673141,0.0547839269649494,TRUE,16
Covariate:1,0.474752111102772,0.0621048618519779,TRUE,16
Covariate:2,-0.440657883857077,0.0798418733230617,TRUE,16
1-1,0.0522087139208468,0.0369083627780885,TRUE,16
1-2,0.00648826545533393,0.0204855703081511,TRUE,16
1-3,-0.0111375673250232,0.0139357941140975,TRUE,16
2-2,0.154620278875366,0.0627741903513974,TRUE,16
2-3,-0.00675513063457469,0.0158795433644723,TRUE,16
3-3,-0.243391375168681,0.0277080454980818,TRUE,16
(Intercept):1,-1.08138976099679,0.0444792615060126,TRUE,16
(Intercept):2,-1.57014239028672,0.053716876597746,TRUE,16
Covariate:1,0.504842389057556,0.062179310536894,TRUE,16
Covariate:2,-0.337346599096559,0.0743040626100796,FALSE,16
1-1,0.0179440870519585,0.0441707652521543,TRUE,16
1-2,-0.0214619793898162,0.0204139339401164,TRUE,16
1-3,0.00539483029191658,0.0138592856045888,TRUE,16
2-2,0.185661879034695,0.0535518533151237,TRUE,16
2-3,0.00568993194813711,0.0148642105629448,TRUE,16
3-3,-0.253131608004718,0.0291020566969185,TRUE,16
(Intercept):1,-1.09125695282592,0.0426141375242585,TRUE,16
(Intercept):2,-1.65544245317758,0.0565011487370976,TRUE,16
Covariate:1,0.442957841749616,0.0646838488015114,TRUE,16
Covariate:2,-0.530090833086614,0.0752517826291484,TRUE,16
1-1,0.150565013799465,0.0368144342140213,TRUE,16
1-2,0.0152764327357508,0.0209036964453751,TRUE,16
1-3,0.0089525486327728,0.01400255109454,TRUE,16
2-2,0.151291889289088,0.0619582479037296,TRUE,16
2-3,0.00779101269763545,0.0157919810505096,TRUE,16
3-3,-0.195543368437148,0.0285630502964949,TRUE,16
(Intercept):1,-1.17565262845878,0.0441576025515249,TRUE,16
(Intercept):2,-1.56851714395206,0.053450136272225,TRUE,16
Covariate:1,0.649230773991318,0.0670072391811038,FALSE,16
Covariate:2,-0.398161014589514,0.0758455236853432,TRUE,16
1-1,0.0990803426707804,0.041450946361889,TRUE,16
1-2,-5.10134248830112e-07,0.021095298770856,TRUE,16
1-3,0.0149150431229196,0.0142919773159993,TRUE,16
2-2,0.166751577251549,0.0595732844154589,TRUE,16
2-3,-0.00448267957691074,0.0152148857037933,TRUE,16
3-3,-0.266881228046682,0.0290311430366712,TRUE,16
(Intercept):1,-1.051830230345,0.0426448721782615,TRUE,16
(Intercept):2,-1.64793622563805,0.0587510886732544,TRUE,16
Covariate:1,0.468585456716257,0.0631941297993178,TRUE,16
Covariate:2,-0.554502236416154,0.0797479480905568,TRUE,16
1-1,0.0497232892172148,0.0450240760343076,TRUE,16
1-2,-0.0011639268164206,0.0219417751290834,TRUE,16
1-3,-0.0125811977230782,0.0139707003963311,TRUE,16
2-2,0.239281980824212,0.0543010362979226,TRUE,16
2-3,0.00624899876841487,0.0155566017042657,TRUE,16
3-3,-0.229856898550173,0.0284052430856779,TRUE,16
(Intercept):1,-1.07675121203149,0.0419433236485072,TRUE,16
(Intercept):2,-1.64580754398645,0.0559741400245131,TRUE,16
Covariate:1,0.505414211695043,0.062691354961854,TRUE,16
Covariate:2,-0.517923835713262,0.0773120795532946,TRUE,16
1-1,0.0521489875573274,0.0427998588267307,TRUE,16
1-2,-0.00371822531606639,0.0206924326176802,TRUE,16
1-3,0.00473727309838527,0.0137907936523997,TRUE,16
2-2,0.372940233985224,0.0528157023522393,FALSE,16
2-3,-0.0144997208631229,0.0153782867415939,TRUE,16
3-3,-0.221111624408307,0.0282747154999205,TRUE,16
(Intercept):1,-1.12037601352623,0.0434278868008926,TRUE,16
(Intercept):2,-1.575188423481,0.0562959373044902,TRUE,16
Covariate:1,0.396099281839429,0.0627433950143429,TRUE,16
Covariate:2,-0.411561901713611,0.074252168813799,TRUE,16
1-1,0.15727698275776,0.0397643628177448,TRUE,16
1-2,-0.0227019291957871,0.019526404025767,TRUE,16
1-3,-0.0120043628744654,0.0134844498767312,TRUE,16
2-2,0.194523019509664,0.0537417760672047,TRUE,16
2-3,-0.00759239897292341,0.0150570960647657,TRUE,16
3-3,-0.238104096160308,0.0280025576069512,TRUE,16
(Intercept):1,-1.07699076641233,0.0408574591437918,TRUE,16
(Intercept):2,-1.58725767448645,0.0583442149134384,TRUE,16
Covariate:1,0.474089674155297,0.0645574238474431,TRUE,16
Covariate:2,-0.500671378515741,0.075215434996106,TRUE,16
1-1,0.0710637685095519,0.0388511657128566,TRUE,16
1-2,-0.0415184789597087,0.0219244407461136,TRUE,16
1-3,-0.0153805969854199,0.0130910809720628,TRUE,16
2-2,0.16103720016206,0.0539965043609269,TRUE,16
2-3,-0.0140454300126599,0.0154534866134163,TRUE,16
3-3,-0.2617990938624,0.0282342801003048,TRUE,16
(Intercept):1,-1.03073217709885,0.0426006907073297,TRUE,16
(Intercept):2,-1.54150024362391,0.057834951857845,TRUE,16
Covariate:1,0.536015181457197,0.0644015825078752,TRUE,16
Covariate:2,-0.427935303283122,0.0767734670991379,TRUE,16
1-1,0.0418815383536212,0.0422722036957278,TRUE,16
1-2,-0.0308196114284642,0.0213561405708152,TRUE,16
1-3,-0.028336715426332,0.0134894585863284,FALSE,16
2-2,0.108252460974644,0.058619195666494,TRUE,16
2-3,-0.0143851231115256,0.0154943753735095,TRUE,16
3-3,-0.222647580183179,0.0274326784188797,TRUE,16
(Intercept):1,-1.02770281881403,0.0447522122109751,TRUE,16
(Intercept):2,-1.61247092473772,0.0579846191230302,TRUE,16
Covariate:1,0.415939508764972,0.0594269093667352,TRUE,16
Covariate:2,-0.546868185814503,0.0733393853404079,TRUE,16
1-1,0.099683577561459,0.0423506008823103,TRUE,16
1-2,-0.0037011107401275,0.0222285978373893,TRUE,16
1-3,-0.0231188115548815,0.0134229443394504,TRUE,16
2-2,0.180689649175307,0.0606699744929512,TRUE,16
2-3,0.0155188059657083,0.0156428088206633,TRUE,16
3-3,-0.199919985297701,0.028133948195432,TRUE,16
(Intercept):1,-1.08726497755815,0.0420822860141477,TRUE,16
(Intercept):2,-1.67992302867965,0.05837075735082,TRUE,16
Covariate:1,0.487306780289568,0.0648385227882389,TRUE,16
Covariate:2,-0.498029411363786,0.0769726174238307,TRUE,16
1-1,0.134330815135839,0.0399586924541257,TRUE,16
1-2,0.00484374633686179,0.0214248874001789,TRUE,16
1-3,-0.0083244684041084,0.0136262554551919,TRUE,16
2-2,0.269982280194298,0.0577402994559483,TRUE,16
2-3,0.000185411622860701,0.0162207185651067,TRUE,16
3-3,-0.212875526568912,0.0312796542507158,TRUE,16
(Intercept):1,-0.977962564108482,0.0403411407679877,FALSE,16
(Intercept):2,-1.54784741178524,0.0559116824788318,TRUE,16
Covariate:1,0.4163993666641,0.061874854688861,TRUE,16
Covariate:2,-0.537870665433721,0.0730265541237177,TRUE,16
1-1,0.0440183738766136,0.0409237159325514,TRUE,16
1-2,-0.0346690365356053,0.0204801955797593,TRUE,16
1-3,-0.032480626548463,0.0131501387874879,FALSE,16
2-2,0.169624102384969,0.0609649886377362,TRUE,16
2-3,-0.0150865424511538,0.0156577310715508,TRUE,16
3-3,-0.218619790882554,0.0280343126190611,TRUE,16
(Intercept):1,-1.09431933025071,0.043419091118781,TRUE,16
(Intercept):2,-1.51420426984904,0.0554842993453721,TRUE,16
Covariate:1,0.550784883120578,0.0607169851656324,TRUE,16
Covariate:2,-0.414879191999966,0.0728202347912218,TRUE,16
1-1,-0.0218900575080097,0.0460817809901285,FALSE,16
1-2,-0.0173332056375361,0.0222722401245957,TRUE,16
1-3,-0.00625802276854977,0.0138976015882971,TRUE,16
2-2,0.147699749009659,0.0565808970592289,TRUE,16
2-3,-0.0230678277530646,0.0153859193924221,TRUE,16
3-3,-0.254170555683013,0.0274766352377905,TRUE,16
(Intercept):1,-1.08808114397829,0.0423116614892538,TRUE,16
(Intercept):2,-1.53106339985428,0.0567113994402573,TRUE,16
Covariate:1,0.465610666363263,0.0646035179461811,TRUE,16
Covariate:2,-0.403628611310653,0.0786614788437369,TRUE,16
1-1,0.0506055527900608,0.0431347299291388,TRUE,16
1-2,-0.0124413338723262,0.0211947461293054,TRUE,16
1-3,-0.0198594763477998,0.0133027099772979,TRUE,16
2-2,0.24256238824077,0.0540189168909007,TRUE,16
2-3,-0.0530124180601191,0.0159341641223944,FALSE,16
3-3,-0.236702568087446,0.0293303428292228,TRUE,16
(Intercept):1,-1.0548253119406,0.0405610047779808,TRUE,16
(Intercept):2,-1.51982076375137,0.0551905685114419,TRUE,16
Covariate:1,0.564025324119198,0.063516760670966,TRUE,16
Covariate:2,-0.548953815624155,0.0778113084382889,TRUE,16
1-1,0.116884837644945,0.0392919140675094,TRUE,16
1-2,-0.0312420742933808,0.0205479525495235,TRUE,16
1-3,-0.0196550569034105,0.0137504801042409,TRUE,16
2-2,0.0597587105903144,0.0580167726399427,FALSE,16
2-3,-0.011076966491098,0.0161113553961509,TRUE,16
3-3,-0.208491900673524,0.0282992469124262,TRUE,16
(Intercept):1,-1.12567684824825,0.041691538404846,TRUE,16
(Intercept):2,-1.67326755496327,0.0547215353086255,TRUE,16
Covariate:1,0.466459503034854,0.0641071697483706,TRUE,16
Covariate:2,-0.470207995465221,0.0760157302560303,TRUE,16
1-1,0.137391646746148,0.0389228906187557,TRUE,16
1-2,0.0388707701258758,0.0216430117591374,TRUE,16
1-3,0.00601100595182578,0.0139347669872622,TRUE,16
2-2,0.183907082865352,0.052362918588748,TRUE,16
2-3,0.0136458166308655,0.0172910239976016,TRUE,16
3-3,-0.212069008483408,0.0290100687975343,TRUE,16
(Intercept):1,-1.20217548701299,0.0442567601192731,FALSE,16
(Intercept):2,-1.58070674544853,0.0583829252245977,TRUE,16
Covariate:1,0.602237475137138,0.0680152249801887,TRUE,16
Covariate:2,-0.461123172451083,0.0724519835946155,TRUE,16
1-1,0.136136068574986,0.0425609221646611,TRUE,16
1-2,-0.0116048971535615,0.0209650720283839,TRUE,16
1-3,0.0089264811671292,0.0137077014852508,TRUE,16
2-2,0.200792936163255,0.0578281958981946,TRUE,16
2-3,-0.0116863332994153,0.0156352292731345,TRUE,16
3-3,-0.228473340199635,0.0272273686274347,TRUE,16
(Intercept):1,-1.0601013726603,0.0438737657257802,TRUE,16
(Intercept):2,-1.52087278334297,0.0539372370967435,TRUE,16
Covariate:1,0.423893377499031,0.0628075053145458,TRUE,16
Covariate:2,-0.490135797259501,0.0792734963627224,TRUE,16
1-1,0.0600006469951458,0.0406913439562865,TRUE,16
1-2,-0.00327297785199416,0.0211511079077067,TRUE,16
1-3,-0.00363748066997746,0.0135201421332467,TRUE,16
2-2,0.167563857574842,0.0591891833127245,TRUE,16
2-3,-0.00887368196519486,0.0150499793451216,TRUE,16
3-3,-0.194680272838236,0.0297378338231742,TRUE,16
(Intercept):1,-1.08795151291833,0.0430010329686238,TRUE,16
(Intercept):2,-1.52512934523636,0.0568179653237846,TRUE,16
Covariate:1,0.463179859743226,0.0625757619325814,TRUE,16
Covariate:2,-0.439691671629768,0.0762771692693077,TRUE,16
1-1,0.107429487221693,0.0393655855530126,TRUE,16
1-2,-0.0104848044165506,0.0210635247838144,TRUE,16
1-3,-0.0184263528336043,0.0135845822483323,TRUE,16
2-2,0.0870454643489428,0.0507668834174475,TRUE,16
2-3,-0.0364114686136487,0.0160094293686011,FALSE,16
3-3,-0.218746415915038,0.0284050848107472,TRUE,16
(Intercept):1,-1.11108856196888,0.0431471844494153,TRUE,16
(Intercept):2,-1.56525090923377,0.0587360709122406,TRUE,16
Covariate:1,0.475544475192608,0.0629538310606934,TRUE,16
Covariate:2,-0.515475137613144,0.0783815231940234,TRUE,16
1-1,0.123016955759722,0.0416241845599932,TRUE,16
1-2,0.00183419734225819,0.021756127832047,TRUE,16
1-3,-0.0243969749014015,0.0140375365123193,TRUE,16
2-2,0.0511736969397292,0.0622709079507768,FALSE,16
2-3,-0.0212674638623654,0.0159332663085444,TRUE,16
3-3,-0.233547411645567,0.0281186484254645,TRUE,16
(Intercept):1,-1.05279252610837,0.0443758881560292,TRUE,16
(Intercept):2,-1.52812383215431,0.0537790184799777,TRUE,16
Covariate:1,0.537518917739593,0.0643750417827522,TRUE,16
Covariate:2,-0.36189502294583,0.0742031916077019,TRUE,16
1-1,0.0566759961733926,0.0421614097026716,TRUE,16
1-2,-0.00996558605885335,0.0219027881657147,TRUE,16
1-3,-0.0272934335975806,0.0145378803615197,TRUE,16
2-2,0.153371661025031,0.059981420933183,TRUE,16
2-3,-0.0291784031877613,0.0152770399524267,TRUE,16
3-3,-0.241052305684822,0.0291255760628531,TRUE,16
(Intercept):1,-1.12270259277685,0.0420376161993687,TRUE,16
(Intercept):2,-1.64658103341185,0.0544312133949275,TRUE,16
Covariate:1,0.577059633096481,0.0633801594337481,TRUE,16
Covariate:2,-0.464850123869574,0.0753633042366436,TRUE,16
1-1,0.0570716542627181,0.043782257313586,TRUE,16
1-2,0.0022567450355864,0.0205930904974107,TRUE,16
1-3,-0.00279973231303052,0.0137322186958674,TRUE,16
2-2,0.212683720482033,0.0538580512377175,TRUE,16
2-3,-0.00494427453562575,0.0160794838223925,TRUE,16
3-3,-0.254274816461506,0.0285734437549716,TRUE,16
(Intercept):1,-1.09983473296294,0.0414497325716227,TRUE,16
(Intercept):2,-1.61275608364306,0.0571642196659185,TRUE,16
Covariate:1,0.451954543113489,0.0634379907273852,TRUE,16
Covariate:2,-0.615677052742545,0.0747503466666838,TRUE,16
1-1,0.0709927219843922,0.0416535201705368,TRUE,16
1-2,0.0153191182845802,0.0195335255700733,TRUE,16
1-3,-0.00933085559574438,0.0132715607521805,TRUE,16
2-2,0.0850058532789487,0.0567430143164289,TRUE,16
2-3,-0.0105630281112812,0.0159049064730612,TRUE,16
3-3,-0.226856725962421,0.0288682671480398,TRUE,16
(Intercept):1,-0.953772061071158,0.0419653957141038,FALSE,16
(Intercept):2,-1.56228565539821,0.0587330660614866,TRUE,16
Covariate:1,0.490974337098136,0.0648184464389514,TRUE,16
Covariate:2,-0.493009764991,0.0752114952519036,TRUE,16
1-1,-0.00374256052316133,0.0419607043611559,FALSE,16
1-2,-0.0569162049309386,0.0212895169630687,FALSE,16
1-3,-0.0327953509614375,0.0133838710700427,FALSE,16
2-2,0.194979559404932,0.0559124217195355,TRUE,16
2-3,-0.0235655466386245,0.0162579616137388,TRUE,16
3-3,-0.2390376636878,0.0282260564722673,TRUE,16
(Intercept):1,-1.14010593549838,0.0416382360399932,TRUE,16
(Intercept):2,-1.62204377643822,0.0583469666214371,TRUE,16
Covariate:1,0.369011405294314,0.0682296238196692,TRUE,16
Covariate:2,-0.493684923965926,0.0763360627350983,TRUE,16
1-1,0.0894630025156939,0.038565319055389,TRUE,16
1-2,0.00854025912138009,0.0214800304262585,TRUE,16
1-3,-0.0227108379076002,0.0137411703999768,TRUE,16
2-2,0.158393477468889,0.0635732154130482,TRUE,16
2-3,-0.0396472582258391,0.0166361338400101,FALSE,16
3-3,-0.28731965068361,0.0298949661302781,FALSE,16
(Intercept):1,-1.10812827637219,0.044083119204414,TRUE,16
(Intercept):2,-1.51391243047903,0.0527305563489892,TRUE,16
Covariate:1,0.626596485181946,0.0681776032332192,TRUE,16
Covariate:2,-0.387098034379545,0.0736349886527826,TRUE,16
1-1,0.0814843239758647,0.0395147290063448,TRUE,16
1-2,-0.00796039374499904,0.0199094093833168,TRUE,16
1-3,0.0198335167351818,0.0139142971971891,TRUE,16
2-2,0.227201204344528,0.0573878646222601,TRUE,16
2-3,-0.0218680287781783,0.0154321302412463,TRUE,16
3-3,-0.195708665589908,0.0282485970895201,TRUE,16
(Intercept):1,-1.10124074298249,0.0442941816189599,TRUE,16
(Intercept):2,-1.51144974166019,0.0556401796626128,TRUE,16
Covariate:1,0.37862805199556,0.0637352106930839,TRUE,16
Covariate:2,-0.470853697614162,0.078239810181248,TRUE,16
1-1,0.105202024360171,0.0404674234236319,TRUE,16
1-2,-0.0515968654087213,0.0219894867673406,FALSE,16
1-3,-0.0189792610625313,0.0140261525872096,TRUE,16
2-2,0.0967708653717403,0.0554639180910826,TRUE,16
2-3,-0.00777246512429981,0.0158774389787439,TRUE,16
3-3,-0.233637471833474,0.0274777856767525,TRUE,16
(Intercept):1,-1.10503116269901,0.0412378441281106,TRUE,16
(Intercept):2,-1.60389344874697,0.0576311937845558,TRUE,16
Covariate:1,0.40507448140782,0.0649921968160695,TRUE,16
Covariate:2,-0.450626081084408,0.0771911625905019,TRUE,16
1-1,0.145052417731339,0.0383288122908133,TRUE,16
1-2,-0.00848530749306017,0.0212909594260731,TRUE,16
1-3,0.00711752345091133,0.0139061252083859,TRUE,16
2-2,0.181472664271804,0.0561009104843565,TRUE,16
2-3,0.0120945416659262,0.0161790857904811,TRUE,16
3-3,-0.19803442077507,0.0288148071774979,TRUE,16
(Intercept):1,-1.11139992687871,0.0432973769150845,TRUE,16
(Intercept):2,-1.62480048020948,0.0589211834869097,TRUE,16
Covariate:1,0.490630127785634,0.0641449466405857,TRUE,16
Covariate:2,-0.501476418819194,0.0796658825957015,TRUE,16
1-1,0.0500891246829595,0.0434795810857662,TRUE,16
1-2,-0.023438255926547,0.0216341308554859,TRUE,16
1-3,0.0244355840521516,0.0140931961463405,TRUE,16
2-2,0.181577811735945,0.0577656455656487,TRUE,16
2-3,0.0268711768894186,0.0160890973926932,TRUE,16
3-3,-0.218765801732838,0.0287647676632376,TRUE,16
(Intercept):1,-1.05617949897612,0.0418518760511604,TRUE,16
(Intercept):2,-1.64793141060742,0.0581995752559539,TRUE,16
Covariate:1,0.480705000832341,0.06528051759207,TRUE,16
Covariate:2,-0.580823547618452,0.0839331343077615,TRUE,16
1-1,0.135914062063007,0.0399534558845316,TRUE,16
1-2,-0.0374907966738612,0.0212722500753085,TRUE,16
1-3,-0.0163969126694707,0.0130784159162433,TRUE,16
2-2,0.237867347897421,0.0602781634240289,TRUE,16
2-3,0.00755330011896093,0.0155870190081785,TRUE,16
3-3,-0.232363361701621,0.0270380224597678,TRUE,16
(Intercept):1,-1.13294447852114,0.0443466254158368,TRUE,16
(Intercept):2,-1.4742940901829,0.0547106051770541,FALSE,16
Covariate:1,0.515695639726663,0.0644530849988992,TRUE,16
Covariate:2,-0.449739257692803,0.0727278439315482,TRUE,16
1-1,0.128171739130472,0.041929927532045,TRUE,16
1-2,0.0103941796248085,0.0207661688371514,TRUE,16
1-3,0.00590314568114849,0.0145718361201493,TRUE,16
2-2,0.201411473211411,0.0496497733772486,TRUE,16
2-3,-0.0154633656220588,0.0161028303841756,TRUE,16
3-3,-0.217591301383524,0.0287221827466176,TRUE,16
(Intercept):1,-1.06019555697268,0.0416942601654593,TRUE,16
(Intercept):2,-1.74191584156896,0.0588454926304774,FALSE,16
Covariate:1,0.591585721104796,0.0659995189694104,TRUE,16
Covariate:2,-0.599360161703034,0.0793706638755936,TRUE,16
1-1,0.0527368545630812,0.0424769733933998,TRUE,16
1-2,0.0287426595790278,0.0209544150799142,TRUE,16
1-3,-0.0261569371790831,0.0136657532386956,TRUE,16
2-2,0.19978688493411,0.0555672425857707,TRUE,16
2-3,0.0151041996659156,0.0161946774489632,TRUE,16
3-3,-0.216521111122735,0.0275519331764564,TRUE,16
(Intercept):1,-1.08817442227368,0.0437135525071639,TRUE,16
(Intercept):2,-1.59389143182592,0.0541106806645486,TRUE,16
Covariate:1,0.550683779703854,0.0598069180059022,TRUE,16
Covariate:2,-0.464166570063074,0.0758702301698738,TRUE,16
1-1,0.129453912043963,0.0371384930656723,TRUE,16
1-2,-0.00061339107313521,0.0201800561682781,TRUE,16
1-3,-0.0188091905434494,0.0134308440023214,TRUE,16
2-2,0.178296412038097,0.053399289790446,TRUE,16
2-3,-0.021909922474491,0.0149464880673534,TRUE,16
3-3,-0.226684876143817,0.0278944100571206,TRUE,16
(Intercept):1,-1.16063049671424,0.0469265601992019,TRUE,16
(Intercept):2,-1.69724288878616,0.0593615452509882,TRUE,16
Covariate:1,0.651496127010546,0.0647417130285085,FALSE,16
Covariate:2,-0.478667269996059,0.0781546306420693,TRUE,16
1-1,0.130546581607518,0.0417793994525281,TRUE,16
1-2,0.0246322367476821,0.0213900786808996,TRUE,16
1-3,-0.00845517342064462,0.0143297476827836,TRUE,16
2-2,0.224210026650284,0.0561377737490903,TRUE,16
2-3,0.0101401689881293,0.0160572306560888,TRUE,16
3-3,-0.230231876530793,0.0285065606803375,TRUE,16
(Intercept):1,-1.049115001888,0.0439195905539239,TRUE,16
(Intercept):2,-1.57043931113931,0.0577637681214145,TRUE,16
Covariate:1,0.50160441004851,0.0657348350162188,TRUE,16
Covariate:2,-0.424046132303087,0.0771314473098989,TRUE,16
1-1,0.0402043453704226,0.0423190946562745,TRUE,16
1-2,-0.013548740693286,0.0219212040270897,TRUE,16
1-3,-0.00867671408167514,0.0141563645002475,TRUE,16
2-2,0.153004916511601,0.0547531847943207,TRUE,16
2-3,-0.0172374211115605,0.0166253964298797,TRUE,16
3-3,-0.242402870693405,0.0295390540441335,TRUE,16
(Intercept):1,-1.08590150589429,0.0439297620788635,TRUE,16
(Intercept):2,-1.66521736824797,0.0568738002335763,TRUE,16
Covariate:1,0.592006916764982,0.0631007179622579,TRUE,16
Covariate:2,-0.431556340238205,0.0803799214551632,TRUE,16
1-1,0.077708363449837,0.0412152100619417,TRUE,16
1-2,0.0239376112583692,0.0208821697314035,TRUE,16
1-3,0.00111272495019419,0.0139112995981542,TRUE,16
2-2,0.236742777206865,0.0578504621115152,TRUE,16
2-3,0.00483373620294547,0.0162589606122748,TRUE,16
3-3,-0.167170997106329,0.0296569783300151,TRUE,16
(Intercept):1,-1.06157785747221,0.0419151470831111,TRUE,16
(Intercept):2,-1.53645329108453,0.0566060998053628,TRUE,16
Covariate:1,0.379970808522112,0.0634595187512641,TRUE,16
Covariate:2,-0.580704105426941,0.0773923523925949,TRUE,16
1-1,0.118005264005379,0.0363544341461545,TRUE,16
1-2,-0.0202926196262342,0.0215860634809274,TRUE,16
1-3,0.00294481227803548,0.0138472377407201,TRUE,16
2-2,0.0909630819321773,0.0679116000365306,TRUE,16
2-3,-0.0107083741324713,0.0161656652428099,TRUE,16
3-3,-0.242464568155981,0.0292369028800947,TRUE,16
(Intercept):1,-1.13424914123346,0.0457039405665589,TRUE,16
(Intercept):2,-1.72498438271634,0.0580482065492067,FALSE,16
Covariate:1,0.45214219121325,0.0655252611552595,TRUE,16
Covariate:2,-0.44910859973584,0.0799967537758945,TRUE,16
1-1,0.0617355434308817,0.0459887754937369,TRUE,16
1-2,0.00133522168836532,0.0218460850946763,TRUE,16
1-3,-0.0145134209107731,0.0145612353363974,TRUE,16
2-2,0.122865263326806,0.0657975968004337,TRUE,16
2-3,0.0127374801912327,0.0159587459100422,TRUE,16
3-3,-0.257854910144942,0.0279781724127077,TRUE,16
(Intercept):1,-1.0626233822738,0.0431744276278385,TRUE,16
(Intercept):2,-1.57665897753517,0.0581105061331888,TRUE,16
Covariate:1,0.406063723627296,0.0630431128405572,TRUE,16
Covariate:2,-0.525077284648507,0.0788933428423468,TRUE,16
1-1,0.0768699720202705,0.0413863373472447,TRUE,16
1-2,-0.00323395565959349,0.0208004798525984,TRUE,16
1-3,-0.00786469796744409,0.0135518381621264,TRUE,16
2-2,0.115886144779057,0.0578535464525047,TRUE,16
2-3,-0.00757604090115082,0.0163169759043723,TRUE,16
3-3,-0.210969127610549,0.0286717114272233,TRUE,16
(Intercept):1,-1.08613573925387,0.0423260838615347,TRUE,16
(Intercept):2,-1.66194756064786,0.0591678597960478,TRUE,16
Covariate:1,0.524919312316946,0.0594851158565492,TRUE,16
Covariate:2,-0.398868726084566,0.0715893208899063,TRUE,16
1-1,0.0790852085309644,0.039337978503351,TRUE,16
1-2,0.00809748770314497,0.0218014397334822,TRUE,16
1-3,-0.0116649339944129,0.0136501398633998,TRUE,16
2-2,0.232500855101487,0.0536888233877556,TRUE,16
2-3,-0.000338392275926235,0.0159105137913868,TRUE,16
3-3,-0.252335156925511,0.0291036422589906,TRUE,16
(Intercept):1,-0.984771191983972,0.042269503181727,FALSE,16
(Intercept):2,-1.47333698647689,0.0576045992158771,FALSE,16
Covariate:1,0.366533028756378,0.0642346849498316,FALSE,16
Covariate:2,-0.503100378454745,0.0736076294611518,TRUE,16
1-1,0.00883790606897462,0.0411423778587525,FALSE,16
1-2,-0.115695375749813,0.0226709364355174,FALSE,16
1-3,-0.0228740877634128,0.0131074933706562,TRUE,16
2-2,0.0980693588594675,0.0618017521765541,TRUE,16
2-3,-0.0244703444980102,0.0154355191192965,TRUE,16
3-3,-0.28355138311746,0.0280194622512587,FALSE,16
(Intercept):1,-1.02804173137365,0.0431052379960518,TRUE,16
(Intercept):2,-1.67478636979639,0.0581913329892752,TRUE,16
Covariate:1,0.485888922876495,0.061713134126263,TRUE,16
Covariate:2,-0.522229086839459,0.0763174095034907,TRUE,16
1-1,-0.00890781969637273,0.0419546095728783,FALSE,16
1-2,-0.0018238353450036,0.0213926644771938,TRUE,16
1-3,-0.0208933661040384,0.0137483810865102,TRUE,16
2-2,0.218360282973086,0.0566417892457819,TRUE,16
2-3,0.00932479729814564,0.0158380960977127,TRUE,16
3-3,-0.243609877572474,0.0273367813419111,TRUE,16
(Intercept):1,-1.04027670735688,0.0415309223804753,TRUE,16
(Intercept):2,-1.63548598618362,0.0576848282053695,TRUE,16
Covariate:1,0.455111985234931,0.062717184523565,TRUE,16
Covariate:2,-0.517122565685182,0.0768024747040658,TRUE,16
1-1,0.0219366763647011,0.0407100610403885,TRUE,16
1-2,-0.0307175220862109,0.0203562721558296,TRUE,16
1-3,-0.0241432486863093,0.0135956408891209,TRUE,16
2-2,0.258598593075839,0.0514078672531159,TRUE,16
2-3,-0.0116539752081898,0.0161330454951736,TRUE,16
3-3,-0.253809581204157,0.0288798132694855,TRUE,16
(Intercept):1,-1.16307282231287,0.0440582670046117,TRUE,16
(Intercept):2,-1.6385618740772,0.0598723001891147,TRUE,16
Covariate:1,0.470881119452822,0.063393647863352,TRUE,16
Covariate:2,-0.584382445761699,0.0740990149562259,TRUE,16
1-1,0.156946730082857,0.0414961723170145,TRUE,16
1-2,0.00585914636338136,0.0215239896043669,TRUE,16
1-3,0.0145839386123871,0.0128509481409904,TRUE,16
2-2,0.246156103490759,0.0583867151879732,TRUE,16
2-3,-0.00981107972734854,0.0162842389237918,TRUE,16
3-3,-0.211673584551894,0.0286751010842287,TRUE,16
(Intercept):1,-1.03595469681634,0.0416537919755839,TRUE,16
(Intercept):2,-1.51578222355334,0.0562669102049266,TRUE,16
Covariate:1,0.518066078681377,0.0657063866333549,TRUE,16
Covariate:2,-0.431962675457678,0.0717983608600246,TRUE,16
1-1,0.13533902107451,0.0377456942572772,TRUE,16
1-2,-0.0192417198024667,0.0206645879300199,TRUE,16
1-3,-0.0225037567158037,0.0140627932689611,TRUE,16
2-2,0.197297564077976,0.0528193178466185,TRUE,16
2-3,-0.0251776188541842,0.0163362350019433,TRUE,16
3-3,-0.198294912548048,0.030076840381555,TRUE,16
(Intercept):1,-1.06782730424701,0.0421601062724754,TRUE,16
(Intercept):2,-1.57279801439914,0.0548012984347214,TRUE,16
Covariate:1,0.421882882739841,0.0623785911122364,TRUE,16
Covariate:2,-0.560868099661858,0.0798615314084112,TRUE,16
1-1,0.0706699623991835,0.0420962363425789,TRUE,16
1-2,-0.0381780337278289,0.0217433165374643,TRUE,16
1-3,-0.026074689470639,0.0143862914573099,TRUE,16
2-2,0.205325021529574,0.0541695812810327,TRUE,16
2-3,-0.0329858291344895,0.0160182264139324,FALSE,16
3-3,-0.256181886211862,0.0291740072697705,TRUE,16
(Intercept):1,-1.0878905468582,0.0420157470123915,TRUE,16
(Intercept):2,-1.62168320563079,0.0556988995063121,TRUE,16
Covariate:1,0.524040607877812,0.0625223672440206,TRUE,16
Covariate:2,-0.523813609095075,0.076826097566989,TRUE,16
1-1,0.0402950378605079,0.0425054672397493,TRUE,16
1-2,0.00601496099102539,0.020367610528721,TRUE,16
1-3,-0.0167027288057327,0.013688860863077,TRUE,16
2-2,0.143628522713584,0.0549038569786517,TRUE,16
2-3,-0.0188941970827627,0.015527913653503,TRUE,16
3-3,-0.247689873923038,0.0278472010243028,TRUE,16
(Intercept):1,-1.04303047357329,0.0423304177906359,TRUE,16
(Intercept):2,-1.62543075562946,0.056288318291733,TRUE,16
Covariate:1,0.427925188992475,0.0642382038083402,TRUE,16
Covariate:2,-0.546566552919626,0.0831272805379835,TRUE,16
1-1,0.0930628170412936,0.0400405946881733,TRUE,16
1-2,-0.0161400002630656,0.0206862465907952,TRUE,16
1-3,-0.0232059173844315,0.0142884297839013,TRUE,16
2-2,0.206338733676792,0.0585648015457062,TRUE,16
2-3,-0.0143364784205188,0.0156980181842859,TRUE,16
3-3,-0.244084120615639,0.029150302689098,TRUE,16
(Intercept):1,-1.08097447147222,0.0427997491150509,TRUE,16
(Intercept):2,-1.66717864822693,0.0600182868599096,TRUE,16
Covariate:1,0.542601551948347,0.0629394892889931,TRUE,16
Covariate:2,-0.533767566190932,0.0807481387131224,TRUE,16
1-1,0.0848774275936234,0.0390706672912738,TRUE,16
1-2,0.00637417621423702,0.020534703897732,TRUE,16
1-3,-0.0174681254814971,0.0135162017982103,TRUE,16
2-2,0.123568146139665,0.0627652136468012,TRUE,16
2-3,-0.00514662987394929,0.0154832982542937,TRUE,16
3-3,-0.251800529583439,0.0289192177261032,TRUE,16
(Intercept):1,-1.10871766895708,0.0428481734389409,TRUE,16
(Intercept):2,-1.63416581595931,0.0567833223030081,TRUE,16
Covariate:1,0.548637505762352,0.0663638249945102,TRUE,16
Covariate:2,-0.420596418353959,0.0764305685320009,TRUE,16
1-1,0.220331526764474,0.0377602907163812,FALSE,16
1-2,0.0169063324138369,0.0201275260268802,TRUE,16
1-3,-0.0130076038167469,0.0137356803135286,TRUE,16
2-2,0.264473498553868,0.0546341664840761,TRUE,16
2-3,-0.000721051119887378,0.0154721706661536,TRUE,16
3-3,-0.203771698205099,0.0285457231983311,TRUE,16
(Intercept):1,-1.15269313938534,0.0427231667875692,TRUE,16
(Intercept):2,-1.61933053562154,0.0569578097108142,TRUE,16
Covariate:1,0.522993431161415,0.0666481907829936,TRUE,16
Covariate:2,-0.524913207958837,0.0765837418569996,TRUE,16
1-1,0.0645362561160956,0.0410413492287138,TRUE,16
1-2,0.0109322136368053,0.0199156979550443,TRUE,16
1-3,0.00338870590337672,0.0136076324061702,TRUE,16
2-2,0.153940914661938,0.056507770087023,TRUE,16
2-3,-0.00919089545206758,0.0154136917911737,TRUE,16
3-3,-0.233292748291422,0.0272396515782316,TRUE,16
(Intercept):1,-0.996289209630465,0.0416867932566109,FALSE,16
(Intercept):2,-1.64417048579446,0.060349502658138,TRUE,16
Covariate:1,0.467079124112549,0.0651453481514083,TRUE,16
Covariate:2,-0.594017386442518,0.0784020743735263,TRUE,16
1-1,-0.0185368822795613,0.0387474423292525,FALSE,16
1-2,-0.0369097453784918,0.0213024305206334,TRUE,16
1-3,-0.0450216580631736,0.0136197115572062,FALSE,16
2-2,0.180185212936526,0.0494662247767362,TRUE,16
2-3,-0.0184503676370372,0.016527254854779,TRUE,16
3-3,-0.313604575823729,0.0299729414728257,FALSE,16
(Intercept):1,-1.07850659343679,0.0431412261842675,TRUE,16
(Intercept):2,-1.67418371141513,0.0562305921038264,TRUE,16
Covariate:1,0.364099850265732,0.0608014758065306,FALSE,16
Covariate:2,-0.576068815196052,0.0749965758298878,TRUE,16
1-1,0.0982584525697063,0.0402420569972846,TRUE,16
1-2,-0.0263468598987098,0.0212224276522701,TRUE,16
1-3,-0.0125814327170871,0.0137951365743565,TRUE,16
2-2,0.167992832547782,0.0605011581899993,TRUE,16
2-3,0.0102718475714146,0.0153012268492596,TRUE,16
3-3,-0.276972672723394,0.0286055902539712,TRUE,16
(Intercept):1,-1.17192322796914,0.044943278767351,TRUE,16
(Intercept):2,-1.57057581631954,0.0578901042351999,TRUE,16
Covariate:1,0.664143183943078,0.0646050244531668,FALSE,16
Covariate:2,-0.559555866559245,0.0801664492215213,TRUE,16
1-1,0.0792576012461778,0.0406554854162246,TRUE,16
1-2,0.0168301220357404,0.021787548278789,TRUE,16
1-3,-0.0218841777011578,0.013706882060539,TRUE,16
2-2,0.0205392047857841,0.0626929693795795,FALSE,16
2-3,-0.0352460207999269,0.0159405745452739,FALSE,16
3-3,-0.27389372653616,0.0295790587153566,TRUE,16
(Intercept):1,-1.1273039201965,0.0411611660410015,TRUE,16
(Intercept):2,-1.73911863202487,0.0606425966991595,FALSE,16
Covariate:1,0.500987482100499,0.0619814191529532,TRUE,16
Covariate:2,-0.499666669075886,0.0810538551749989,TRUE,16
1-1,0.0711437932256938,0.0391249007915759,TRUE,16
1-2,0.0162099182189725,0.0212982868892062,TRUE,16
1-3,-0.00543428092681057,0.0136903052186981,TRUE,16
2-2,0.196371916836554,0.0538091321749449,TRUE,16
2-3,0.00582016239401845,0.0170009775451493,TRUE,16
3-3,-0.302200330874591,0.0290882066616332,FALSE,16
(Intercept):1,-1.09598271210659,0.042411432114063,TRUE,16
(Intercept):2,-1.54480888608963,0.0570409498256248,TRUE,16
Covariate:1,0.499718465463677,0.0646248927743026,TRUE,16
Covariate:2,-0.370476210263442,0.0757910282427663,TRUE,16
1-1,0.116263089834988,0.0421496528598578,TRUE,16
1-2,-0.0103025038377997,0.0224224768493074,TRUE,16
1-3,0.0115429584877154,0.0134444647320956,TRUE,16
2-2,0.191460175327515,0.0623021245616307,TRUE,16
2-3,-0.00395923916684714,0.0160693789784849,TRUE,16
3-3,-0.210082948654617,0.0292266728272574,TRUE,16
(Intercept):1,-1.09782990774583,0.0420717731609401,TRUE,16
(Intercept):2,-1.57842934034115,0.0557320971959883,TRUE,16
Covariate:1,0.528122503334736,0.0667482188958346,TRUE,16
Covariate:2,-0.368119917641291,0.0743675894248121,TRUE,16
1-1,0.116323386943503,0.0414307650519504,TRUE,16
1-2,0.00993018928463531,0.0203518774426657,TRUE,16
1-3,-0.00107882246985455,0.013448708016824,TRUE,16
2-2,0.162709902520763,0.063466331384847,TRUE,16
2-3,-0.0196822485847766,0.0158998578037715,TRUE,16
3-3,-0.257176869159891,0.0291301367579216,TRUE,16
(Intercept):1,-1.07981623877464,0.0446316398340875,TRUE,16
(Intercept):2,-1.51157388491974,0.0584414344279596,TRUE,16
Covariate:1,0.504671951071492,0.0644383140316155,TRUE,16
Covariate:2,-0.437698183956218,0.0759036748596087,TRUE,16
1-1,0.0786688328050295,0.042379829205726,TRUE,16
1-2,-0.00942574372933854,0.0207351197220827,TRUE,16
1-3,-0.0219083332262992,0.0148020182856185,TRUE,16
2-2,0.0126402128527516,0.0639379908057308,FALSE,16
2-3,-0.00797424521400419,0.0171603997975121,TRUE,16
3-3,-0.260264330571064,0.0298273601300068,TRUE,16
(Intercept):1,-1.08858664619165,0.0423143680475309,TRUE,16
(Intercept):2,-1.53930098790534,0.0580323852431514,TRUE,16
Covariate:1,0.447404552276889,0.0603722004879133,TRUE,16
Covariate:2,-0.556687148552155,0.0767559746667684,TRUE,16
1-1,0.0916004953195188,0.0389249856102806,TRUE,16
1-2,-0.00270436078420109,0.0209906391155178,TRUE,16
1-3,-0.0100077699683941,0.0130335949982724,TRUE,16
2-2,0.18718121110904,0.0583133753554913,TRUE,16
2-3,-0.0347855727556951,0.0150372785297199,FALSE,16
3-3,-0.19141177342319,0.0274909181772409,TRUE,16
(Intercept):1,-1.06773952602386,0.0441976449343193,TRUE,16
(Intercept):2,-1.58331953018175,0.0570284220967241,TRUE,16
Covariate:1,0.603204872281915,0.0656697513934278,TRUE,16
Covariate:2,-0.416598871851724,0.0747864985493585,TRUE,16
1-1,0.0881763492307412,0.0402523199604378,TRUE,16
1-2,0.0067964267297768,0.0203929419235304,TRUE,16
1-3,0.0023120409730726,0.0134448109402681,TRUE,16
2-2,0.165440027142953,0.0591839601679823,TRUE,16
2-3,0.00704625114939711,0.0154089910235642,TRUE,16
3-3,-0.233099958902589,0.028882762604266,TRUE,16
(Intercept):1,-1.12318571250101,0.0428336834743367,TRUE,16
(Intercept):2,-1.59769756473239,0.0558666527346772,TRUE,16
Covariate:1,0.448534634047934,0.0653195596648438,TRUE,16
Covariate:2,-0.474159237781878,0.0776377274969579,TRUE,16
1-1,0.041419863430586,0.0435960507596901,TRUE,16
1-2,0.0156763283153814,0.0212514202029355,TRUE,16
1-3,-0.0205585183522362,0.0145594038374373,TRUE,16
2-2,0.0878721969890287,0.0601891021551522,TRUE,16
2-3,-0.0284207547232946,0.0167782015722425,TRUE,16
3-3,-0.260300087579626,0.0290589824371661,TRUE,16
(Intercept):1,-1.13176303767735,0.0434515222028471,TRUE,16
(Intercept):2,-1.63157936570195,0.0545202635856064,TRUE,16
Covariate:1,0.540773631611712,0.0622264774355017,TRUE,16
Covariate:2,-0.536970549977885,0.0783242864453303,TRUE,16
1-1,0.0167630136697685,0.0418525282719524,TRUE,16
1-2,0.022098820679715,0.0197714594611006,TRUE,16
1-3,-0.00727289945852204,0.0142740813738513,TRUE,16
2-2,0.202198703658617,0.0515543992518077,TRUE,16
2-3,-0.021908784835918,0.0162344581145472,TRUE,16
3-3,-0.228178274533025,0.0280408642313408,TRUE,16
(Intercept):1,-1.15769114136058,0.0433815652043698,TRUE,16
(Intercept):2,-1.63210899609101,0.0577991674002314,TRUE,16
Covariate:1,0.36723983071559,0.0637776790260539,FALSE,16
Covariate:2,-0.537507394129039,0.0796191514765535,TRUE,16
1-1,0.173916081864073,0.0382352068326493,FALSE,16
1-2,0.00251502212672236,0.0210199802831739,TRUE,16
1-3,-2.55805017373768e-05,0.0135704285034521,TRUE,16
2-2,0.165516580716531,0.0497308580608855,TRUE,16
2-3,-0.00371089000920688,0.016166482471048,TRUE,16
3-3,-0.240439247811476,0.0274717682530986,TRUE,16
(Intercept):1,-1.13210507017236,0.0439803691200024,TRUE,16
(Intercept):2,-1.51531122140018,0.0571517577089409,TRUE,16
Covariate:1,0.495859687895705,0.0664362671411869,TRUE,16
Covariate:2,-0.409767948429649,0.0726987032192006,TRUE,16
1-1,0.0704654231669904,0.0410585922395788,TRUE,16
1-2,-0.0243409343659429,0.0208774188565981,TRUE,16
1-3,-0.000469152059942602,0.0139692363612596,TRUE,16
2-2,0.203447938330439,0.0530733864752063,TRUE,16
2-3,-0.0217607671335698,0.0161356866726122,TRUE,16
3-3,-0.236436334091585,0.0296020657214241,TRUE,16
(Intercept):1,-1.1467201441464,0.0439532241681331,TRUE,16
(Intercept):2,-1.66897244673534,0.0580787204461271,TRUE,16
Covariate:1,0.522545288341023,0.0638911887514828,TRUE,16
Covariate:2,-0.365220300091713,0.0770763357749254,TRUE,16
1-1,0.178800153040038,0.0402492816737547,FALSE,16
1-2,0.0133209844177233,0.0210281111895802,TRUE,16
1-3,0.00998003525302037,0.0144452174792496,TRUE,16
2-2,0.280681848670241,0.0536386402889254,TRUE,16
2-3,0.0146012128420917,0.0164955106557413,TRUE,16
3-3,-0.217956982589766,0.0294068696434342,TRUE,16
(Intercept):1,-0.986605053067586,0.0403838134738522,FALSE,16
(Intercept):2,-1.60147208137346,0.0599320177951183,TRUE,16
Covariate:1,0.554586149768438,0.0642361063622446,TRUE,16
Covariate:2,-0.512569873476736,0.0785412629242554,TRUE,16
1-1,0.0491969402140957,0.0425530448099873,TRUE,16
1-2,-0.0378866745640284,0.0209491547018857,TRUE,16
1-3,-0.0157466132679849,0.0132105248921101,TRUE,16
2-2,0.150430425503529,0.0579596225510644,TRUE,16
2-3,-2.66675425551813e-05,0.0162774095422256,TRUE,16
3-3,-0.206401525511927,0.0291689698608272,TRUE,16
(Intercept):1,-1.10947808101369,0.0431665227628211,TRUE,16
(Intercept):2,-1.57874983649478,0.0557341005143527,TRUE,16
Covariate:1,0.538065114393837,0.0632207935853789,TRUE,16
Covariate:2,-0.445502782893385,0.0751303148949896,TRUE,16
1-1,0.119309500249077,0.0416375033482179,TRUE,16
1-2,-0.00333991252613143,0.021731990011408,TRUE,16
1-3,-0.0032334915471021,0.0136021892889592,TRUE,16
2-2,0.277102437767408,0.0529585449021246,TRUE,16
2-3,-0.0244115202652918,0.0156035298184184,TRUE,16
3-3,-0.215086806312475,0.0290796381788355,TRUE,16
(Intercept):1,-1.10711786968601,0.0439293111937818,TRUE,16
(Intercept):2,-1.75960514793052,0.058418111443528,FALSE,16
Covariate:1,0.545099610820836,0.0620573484710758,TRUE,16
Covariate:2,-0.436068399523394,0.0742330876834127,TRUE,16
1-1,0.0869506354402415,0.0408180627616877,TRUE,16
1-2,0.044150528843279,0.0207024791321207,FALSE,16
1-3,-0.0112690521671404,0.0140601877977641,TRUE,16
2-2,0.24828239479128,0.0490777314141012,TRUE,16
2-3,0.0249690773534703,0.0159272904276959,TRUE,16
3-3,-0.22769646633782,0.0305008359102475,TRUE,16
(Intercept):1,-1.1128148678793,0.0436320748602396,TRUE,16
(Intercept):2,-1.63990094003484,0.0545461519810512,TRUE,16
Covariate:1,0.601331875916292,0.0643283852959923,TRUE,16
Covariate:2,-0.45374639654432,0.07904471543562,TRUE,16
1-1,0.0154714858833355,0.0418632807840307,TRUE,16
1-2,0.00561920419603998,0.0208096975536559,TRUE,16
1-3,-0.0173094387621365,0.0142448159514279,TRUE,16
2-2,0.140297457499308,0.0491135716697698,TRUE,16
2-3,0.00748395555460822,0.01523077097434,TRUE,16
3-3,-0.249554837575762,0.0278570102837596,TRUE,16
(Intercept):1,-1.18798204602488,0.0425599268929697,FALSE,16
(Intercept):2,-1.68648000176664,0.059808135375362,TRUE,16
Covariate:1,0.482034782066367,0.0635418419448685,TRUE,16
Covariate:2,-0.484533831456061,0.0785093383373037,TRUE,16
1-1,0.165491407707339,0.0409219104372128,TRUE,16
1-2,0.0167581807067171,0.0221502857088659,TRUE,16
1-3,0.0117307094930844,0.0133939074622545,TRUE,16
2-2,0.131708688895435,0.0555761642110157,TRUE,16
2-3,0.0203968154840835,0.0162297928696352,TRUE,16
3-3,-0.213878917222722,0.0282613063359895,TRUE,16
(Intercept):1,-1.11747409492272,0.0456351446005734,TRUE,16
(Intercept):2,-1.64765103901461,0.0562974465226194,TRUE,16
Covariate:1,0.549087438086975,0.067040049284717,TRUE,16
Covariate:2,-0.351247849461416,0.0771464328462443,TRUE,16
1-1,0.0599099649538607,0.0424612909793897,TRUE,16
1-2,0.00486493104475801,0.0203453573066895,TRUE,16
1-3,0.0033362088923632,0.013465360313472,TRUE,16
2-2,0.231582510878351,0.0557188711901053,TRUE,16
2-3,0.00450974521223047,0.0152962523168324,TRUE,16
3-3,-0.205312867946935,0.0273948070667178,TRUE,16
(Intercept):1,-1.15801266201798,0.0450701468004252,TRUE,16
(Intercept):2,-1.60551400258988,0.0600744686708271,TRUE,16
Covariate:1,0.483669285917241,0.0650042647076741,TRUE,16
Covariate:2,-0.360780810898342,0.0783873813486915,TRUE,16
1-1,0.0490488068086209,0.0429249605931687,TRUE,16
1-2,0.0296587141343287,0.0224571386515628,TRUE,16
1-3,0.0119238985840497,0.0147394543733526,TRUE,16
2-2,0.148716975519978,0.0589747602985917,TRUE,16
2-3,-0.0144655392064023,0.0172334111662467,TRUE,16
3-3,-0.233738699678057,0.0281629226835725,TRUE,16
(Intercept):1,-1.08783844919952,0.0434456461365422,TRUE,16
(Intercept):2,-1.55454548558502,0.0547838861678823,TRUE,16
Covariate:1,0.507806680142213,0.066397298636117,TRUE,16
Covariate:2,-0.389599765934108,0.0787276693793622,TRUE,16
1-1,0.0777290499695088,0.040829909661659,TRUE,16
1-2,0.00652648220929562,0.0202493667280224,TRUE,16
1-3,-0.0151031865406524,0.013449495754568,TRUE,16
2-2,0.0693224651803978,0.0571264880803938,FALSE,16
2-3,-0.0124196044979478,0.0158597327261036,TRUE,16
3-3,-0.197452519535503,0.0276945281613393,TRUE,16
(Intercept):1,-1.08156747215217,0.0423892851686921,TRUE,16
(Intercept):2,-1.55352141272262,0.0560338942960959,TRUE,16
Covariate:1,0.492601134851071,0.0625149738737119,TRUE,16
Covariate:2,-0.544433278669596,0.0773338389165885,TRUE,16
1-1,0.0859768786332103,0.0395548683753876,TRUE,16
1-2,-0.0009207257284382,0.0202339759003655,TRUE,16
1-3,-0.00385158464697232,0.0140125691288518,TRUE,16
2-2,0.183608856912658,0.0587229160912387,TRUE,16
2-3,-0.0152229775646714,0.0154952524135674,TRUE,16
3-3,-0.186445042037327,0.0266982964392316,TRUE,16
(Intercept):1,-1.05884005639228,0.0420253677110738,TRUE,16
(Intercept):2,-1.56987997302972,0.056667232047917,TRUE,16
Covariate:1,0.5183696691048,0.0656888065464452,TRUE,16
Covariate:2,-0.412333937459145,0.0730033566711232,TRUE,16
1-1,0.11098202282734,0.0410099643373386,TRUE,16
1-2,-0.0385605975566391,0.0212864577282546,TRUE,16
1-3,-0.0138415614808894,0.013168388749161,TRUE,16
2-2,0.225023076090136,0.0595269748029339,TRUE,16
2-3,-0.0111919218900206,0.0165318468814149,TRUE,16
3-3,-0.223290110267831,0.029834626618362,TRUE,16
(Intercept):1,-1.10512758266086,0.0426384989425007,TRUE,16
(Intercept):2,-1.61689554666961,0.0564197309254798,TRUE,16
Covariate:1,0.506900170004945,0.0640999666321307,TRUE,16
Covariate:2,-0.565508798573849,0.0763701557050518,TRUE,16
1-1,0.0983521645569831,0.041490580985316,TRUE,16
1-2,-0.0112684871371627,0.0208226601209137,TRUE,16
1-3,-0.0142473369096191,0.013914263065438,TRUE,16
2-2,0.183834823281368,0.0519876908882443,TRUE,16
2-3,-0.0249878815341362,0.0156358600013382,TRUE,16
3-3,-0.265595753388936,0.0295522984554977,TRUE,16
(Intercept):1,-1.05348641546012,0.0429074802986262,TRUE,16
(Intercept):2,-1.47812755644273,0.0565952180138351,FALSE,16
Covariate:1,0.649662272186082,0.0650697268531347,FALSE,16
Covariate:2,-0.419310426895372,0.0802048745967377,TRUE,16
1-1,0.123374389059278,0.0391304935576188,TRUE,16
1-2,-0.0346471525721413,0.0232403365244754,TRUE,16
1-3,0.00196236173822113,0.0140926297686597,TRUE,16
2-2,0.162594067322878,0.0642569304083773,TRUE,16
2-3,-0.0169124005666771,0.0162251780515073,TRUE,16
3-3,-0.175046269087133,0.0292271303253868,TRUE,16
(Intercept):1,-1.07406855854585,0.0423813257089112,TRUE,16
(Intercept):2,-1.51454324006201,0.0589561942320833,TRUE,16
Covariate:1,0.545681033366536,0.063733456615296,TRUE,16
Covariate:2,-0.426529353036489,0.0762767301860387,TRUE,16
1-1,0.0694749857041975,0.0406540062680754,TRUE,16
1-2,-0.0362951188821295,0.0207592932144606,TRUE,16
1-3,0.00650102148114278,0.0135454388815643,TRUE,16
2-2,0.175068282731499,0.0568162442977473,TRUE,16
2-3,-0.0247792522374711,0.0170985396078191,TRUE,16
3-3,-0.235305729833592,0.0289186602219799,TRUE,16
(Intercept):1,-1.05193526204601,0.0424076425846026,TRUE,16
(Intercept):2,-1.5819639812638,0.0585082873782416,TRUE,16
Covariate:1,0.48924203843925,0.0628887848026356,TRUE,16
Covariate:2,-0.411964413304289,0.0761373233293722,TRUE,16
1-1,0.0596448499559187,0.0396372539741691,TRUE,16
1-2,-0.0219901794097795,0.0220145032352259,TRUE,16
1-3,-0.0119283574534932,0.014188734576828,TRUE,16
2-2,0.172788783159677,0.0518892995176947,TRUE,16
2-3,-0.00667473763948238,0.0164501494343433,TRUE,16
3-3,-0.27944589511044,0.0306128410901783,TRUE,16
(Intercept):1,-1.17954561686331,0.0422508608036727,TRUE,16
(Intercept):2,-1.57341112846989,0.0542136078685167,TRUE,16
Covariate:1,0.612600010389699,0.063715835445789,TRUE,16
Covariate:2,-0.404059512057618,0.0716629887929421,TRUE,16
1-1,0.12100251755263,0.0408084845058574,TRUE,16
1-2,0.0129194589677796,0.0219557032188277,TRUE,16
1-3,0.00155260381506036,0.0135626332863012,TRUE,16
2-2,0.152610610187972,0.0582154185018561,TRUE,16
2-3,-0.01878587962062,0.0152018884127041,TRUE,16
3-3,-0.241520973026234,0.0278005839355162,TRUE,16
(Intercept):1,-1.13306939168403,0.0437157342937234,TRUE,16
(Intercept):2,-1.60655582114467,0.0557520576866273,TRUE,16
Covariate:1,0.512376781846461,0.0634036042747955,TRUE,16
Covariate:2,-0.380168746081555,0.0754581272580675,TRUE,16
1-1,0.104798710711111,0.0403842365768959,TRUE,16
1-2,-0.000849730297598266,0.0211332559478226,TRUE,16
1-3,0.00485808800475109,0.0135454781846282,TRUE,16
2-2,0.138511195558384,0.0565942740950608,TRUE,16
2-3,0.000772936131585472,0.0153758822433174,TRUE,16
3-3,-0.25636352807097,0.0289559140113827,TRUE,16
(Intercept):1,-1.0207576369236,0.0416157841176667,TRUE,16
(Intercept):2,-1.47145065494305,0.0569951211385857,FALSE,16
Covariate:1,0.525195367062938,0.0618435158786598,TRUE,16
Covariate:2,-0.481648309598985,0.0742522340415326,TRUE,16
1-1,0.090163418715305,0.0406117071456247,TRUE,16
1-2,-0.0446518483184924,0.0216951714899134,FALSE,16
1-3,-0.0204123916293517,0.0138407812355242,TRUE,16
2-2,0.0567922762967411,0.0642486154237846,TRUE,16
2-3,-0.0225574471565807,0.0155726445099054,TRUE,16
3-3,-0.204025938080674,0.028116213250166,TRUE,16
(Intercept):1,-1.15769820013491,0.0448080478147212,TRUE,16
(Intercept):2,-1.66017278102312,0.0566663411297133,TRUE,16
Covariate:1,0.456657950995731,0.0680142183747394,TRUE,16
Covariate:2,-0.49552337194872,0.0769558377149166,TRUE,16
1-1,0.0657951761320199,0.0433563639755516,TRUE,16
1-2,0.0119666750704754,0.0213630599792894,TRUE,16
1-3,-0.0134935137003598,0.014296423898857,TRUE,16
2-2,0.252913061980659,0.0487342748224544,TRUE,16
2-3,-0.0015238859891166,0.0156798986232053,TRUE,16
3-3,-0.246959667891563,0.0296815310538821,TRUE,16
(Intercept):1,-1.00226636823592,0.041768869486225,FALSE,16
(Intercept):2,-1.48968729977981,0.0559540713430201,FALSE,16
Covariate:1,0.45378202084146,0.0612472325794438,TRUE,16
Covariate:2,-0.382710739888155,0.0757923779745426,TRUE,16
1-1,0.082239302455,0.0407972290630801,TRUE,16
1-2,-0.0429479499189667,0.0210796363588602,FALSE,16
1-3,-0.0199109217837436,0.0136295447341987,TRUE,16
2-2,0.14579274950998,0.0576851262612906,TRUE,16
2-3,-0.0221341280085012,0.0163735760202385,TRUE,16
3-3,-0.213142008733929,0.027442513942335,TRUE,16
(Intercept):1,-1.06800782705779,0.0411205566148107,TRUE,16
(Intercept):2,-1.60861997169073,0.056581166599652,TRUE,16
Covariate:1,0.531237432042674,0.0651501110540141,TRUE,16
Covariate:2,-0.563514987472529,0.0736838822193856,TRUE,16
1-1,0.0212098307290653,0.0428043890262865,TRUE,16
1-2,-0.0200538795638205,0.0199440457326355,TRUE,16
1-3,-0.0332263183296039,0.0130790589232647,FALSE,16
2-2,0.0596992141388275,0.0601798795275283,FALSE,16
2-3,-0.0132500115318405,0.0156637520924063,TRUE,16
3-3,-0.297288090766801,0.0302195240019381,FALSE,16
(Intercept):1,-1.09290732912689,0.0430842029178034,TRUE,16
(Intercept):2,-1.69536780248159,0.0572025380061509,TRUE,16
Covariate:1,0.480582683808318,0.0617133155083259,TRUE,16
Covariate:2,-0.52984177159596,0.0794457162288408,TRUE,16
1-1,0.0680654556224853,0.044704480400445,TRUE,16
1-2,-0.00271932094276196,0.0216046471752897,TRUE,16
1-3,-0.0138938375132267,0.0140782506347188,TRUE,16
2-2,0.285431612845052,0.0525038315667576,FALSE,16
2-3,0.0094309531449029,0.0162917021033569,TRUE,16
3-3,-0.247907674440672,0.0292188126224681,TRUE,16
(Intercept):1,-1.13831734142092,0.0440349594711632,TRUE,16
(Intercept):2,-1.57294032902383,0.0598982692449131,TRUE,16
Covariate:1,0.49433963918104,0.0657239760410362,TRUE,16
Covariate:2,-0.472410808461373,0.0752367687215852,TRUE,16
1-1,0.143669731390126,0.0409630233790961,TRUE,16
1-2,0.0243440956761213,0.0223950086637307,TRUE,16
1-3,0.00709880935065788,0.0143243625795968,TRUE,16
2-2,0.134977374479139,0.0622515807987908,TRUE,16
2-3,-0.0174086545436047,0.0163635122712624,TRUE,16
3-3,-0.226922704619097,0.0316133453346694,TRUE,16
(Intercept):1,-1.1023389605417,0.0410048225976349,TRUE,16
(Intercept):2,-1.57190616875086,0.0566002204541479,TRUE,16
Covariate:1,0.493679241937401,0.0611420753088945,TRUE,16
Covariate:2,-0.478924976120506,0.0790727194828151,TRUE,16
1-1,0.0962141470795446,0.0390334962777544,TRUE,16
1-2,-0.0179224780584882,0.0215948940472111,TRUE,16
1-3,-0.0199281647805837,0.0138911336609263,TRUE,16
2-2,0.163409756149046,0.0539505935522347,TRUE,16
2-3,-0.0215947660171423,0.0171234872225212,TRUE,16
3-3,-0.287081310027304,0.0284334336273487,FALSE,16
(Intercept):1,-1.05881208213616,0.0430482379023324,TRUE,16
(Intercept):2,-1.56872923448426,0.0573724516505236,TRUE,16
Covariate:1,0.47512968809756,0.0644638891174979,TRUE,16
Covariate:2,-0.566588914470674,0.0778257475722037,TRUE,16
1-1,0.0754021899901315,0.041359517647625,TRUE,16
1-2,-0.00693999791806442,0.0211937995338679,TRUE,16
1-3,-0.0166559224320523,0.0135252932559988,TRUE,16
2-2,0.116721292820438,0.0578664558969384,TRUE,16
2-3,-0.0375313456353135,0.0166991615322653,FALSE,16
3-3,-0.253830632770786,0.029771830304616,TRUE,16
(Intercept):1,-1.051585645877,0.0419988112392432,TRUE,16
(Intercept):2,-1.66076794386288,0.0581442916206987,TRUE,16
Covariate:1,0.503934278160816,0.0639148673634843,TRUE,16
Covariate:2,-0.440935568874457,0.0788847567845861,TRUE,16
1-1,0.0184274583082377,0.0419006500163779,TRUE,16
1-2,-0.00325798695238174,0.0206815662241056,TRUE,16
1-3,-0.0372592982984532,0.0136030269977052,FALSE,16
2-2,0.106277376749424,0.0574721336974073,TRUE,16
2-3,-0.0135396647488963,0.0158375639934726,TRUE,16
3-3,-0.279536708713407,0.0285135101443772,FALSE,16
(Intercept):1,-1.02808505873669,0.0405980052805173,TRUE,16
(Intercept):2,-1.5766486226595,0.0553706736016126,TRUE,16
Covariate:1,0.610907018035382,0.0634549476791046,TRUE,16
Covariate:2,-0.362656793269202,0.0750069429248901,TRUE,16
1-1,0.082661890591643,0.0379314886887612,TRUE,16
1-2,-0.0106877300956481,0.0193210056904078,TRUE,16
1-3,-0.0241526819613266,0.0131144425696019,TRUE,16
2-2,0.197390217484547,0.0543116447359772,TRUE,16
2-3,0.000329863526634312,0.0153772793854281,TRUE,16
3-3,-0.227918845867522,0.028009031779778,TRUE,16
(Intercept):1,-1.09900700281741,0.0429661397127724,TRUE,16
(Intercept):2,-1.64274597135347,0.0578558091005309,TRUE,16
Covariate:1,0.500649009494212,0.0650316279964709,TRUE,16
Covariate:2,-0.562071288126311,0.0775444264151906,TRUE,16
1-1,0.105722658299578,0.0408402890332612,TRUE,16
1-2,-0.00975988246818675,0.0214069649807871,TRUE,16
1-3,0.00299345461252523,0.0136453108729776,TRUE,16
2-2,0.211561507335436,0.0569186680201106,TRUE,16
2-3,0.00545246911313267,0.0152459213677017,TRUE,16
3-3,-0.230628449279361,0.0285662117731653,TRUE,16
(Intercept):1,-1.05645651352307,0.0416315802778747,TRUE,16
(Intercept):2,-1.6011007182715,0.0539057142636099,TRUE,16
Covariate:1,0.490147765180098,0.0606421757959196,TRUE,16
Covariate:2,-0.584162199871254,0.0737390021140658,TRUE,16
1-1,0.151228999741707,0.0392114888914714,TRUE,16
1-2,0.00674087550987059,0.0200453210305488,TRUE,16
1-3,-0.0031745432555376,0.0135761379355125,TRUE,16
2-2,0.314964668470537,0.0529575346447548,FALSE,16
2-3,0.00225173919321745,0.0157562397717151,TRUE,16
3-3,-0.189220395456737,0.0279425806171246,TRUE,16
(Intercept):1,-1.07746389133118,0.0409428626305869,TRUE,16
(Intercept):2,-1.58186791204108,0.059838209641883,TRUE,16
Covariate:1,0.471384910445688,0.0606001487544199,TRUE,16
Covariate:2,-0.318766109931458,0.0759891007827971,FALSE,16
1-1,0.163343364116007,0.0396045371282073,TRUE,16
1-2,-0.0334377434367233,0.0217571063150499,TRUE,16
1-3,-0.00240631239215885,0.0135057295411442,TRUE,16
2-2,0.117733853152145,0.0634002625436019,TRUE,16
2-3,-0.0140081273425919,0.0158491284940355,TRUE,16
3-3,-0.200215811332069,0.0271994484062371,TRUE,16
(Intercept):1,-1.10015280903919,0.0447586336744344,TRUE,16
(Intercept):2,-1.59707704060995,0.0591826175662383,TRUE,16
Covariate:1,0.619966636173871,0.0677090410257956,TRUE,16
Covariate:2,-0.481698659173477,0.0764222297706941,TRUE,16
1-1,0.0798607754826559,0.0409200094148798,TRUE,16
1-2,-0.0126402525535128,0.0217368315778248,TRUE,16
1-3,-0.0185617946218401,0.0136683554137411,TRUE,16
2-2,0.184832687463278,0.0576409327955018,TRUE,16
2-3,-0.022170613462152,0.016271981970166,TRUE,16
3-3,-0.2309836922705,0.0273132166512209,TRUE,16
(Intercept):1,-1.14915738753724,0.0450378233212994,TRUE,16
(Intercept):2,-1.58862630598632,0.0571332734551097,TRUE,16
Covariate:1,0.543923398169047,0.0646476266611321,TRUE,16
Covariate:2,-0.526167664439418,0.079322330027328,TRUE,16
1-1,0.116641180765438,0.0411789594031327,TRUE,16
1-2,0.00214200573573229,0.021759461733316,TRUE,16
1-3,0.00229675327703659,0.0136878762940686,TRUE,16
2-2,-0.0546743342032216,0.0732387077645909,FALSE,16
2-3,-0.00777292081670528,0.0165128284272392,TRUE,16
3-3,-0.216017327633816,0.0257902717161494,TRUE,16
(Intercept):1,-1.09681590713197,0.0433031455361453,TRUE,16
(Intercept):2,-1.59522607487657,0.0556475056520728,TRUE,16
Covariate:1,0.58388117548188,0.0650377987312961,TRUE,16
Covariate:2,-0.413081421344712,0.0775189215606379,TRUE,16
1-1,0.0978695103062154,0.044313294990239,TRUE,16
1-2,-0.00562000056384861,0.0213134446887888,TRUE,16
1-3,-0.00708552373816261,0.0140516801775998,TRUE,16
2-2,0.123688755353821,0.0575530814683944,TRUE,16
2-3,0.00308079710151185,0.0158967521314604,TRUE,16
3-3,-0.233792939632348,0.0283257726409446,TRUE,16
(Intercept):1,-1.0695695481398,0.0428952622752441,TRUE,16
(Intercept):2,-1.61456565057044,0.0571592130674449,TRUE,16
Covariate:1,0.361584895471379,0.0633765054703612,FALSE,16
Covariate:2,-0.501342235474021,0.0744714272319975,TRUE,16
1-1,0.0138188030433664,0.0436158019545668,TRUE,16
1-2,0.00305114001120287,0.0206224536440596,TRUE,16
1-3,0.00679108172096187,0.0138714702191706,TRUE,16
2-2,0.215709654373386,0.0517752140735427,TRUE,16
2-3,0.00547495602565693,0.0160905981358667,TRUE,16
3-3,-0.248531576421162,0.0294858549891537,TRUE,16
(Intercept):1,-1.16869732295392,0.0426966100501169,TRUE,16
(Intercept):2,-1.58481558451181,0.0553125987746449,TRUE,16
Covariate:1,0.487080773670287,0.061359394215468,TRUE,16
Covariate:2,-0.468982585426862,0.077405656023079,TRUE,16
1-1,0.134573808144548,0.0388570069151931,TRUE,16
1-2,0.00138672748910892,0.0206525643123538,TRUE,16
1-3,0.0106357353034904,0.0147163317408845,TRUE,16
2-2,0.0860573385831241,0.0644154817837797,TRUE,16
2-3,-0.0057576025556967,0.0167009626077353,TRUE,16
3-3,-0.261496456821178,0.0288948113120412,TRUE,16
(Intercept):1,-1.09144135872636,0.0444875886155388,TRUE,16
(Intercept):2,-1.64908144857621,0.0583778051894759,TRUE,16
Covariate:1,0.522694477044974,0.0647448505612951,TRUE,16
Covariate:2,-0.599052849073867,0.0767681602372965,TRUE,16
1-1,0.106554551681925,0.0401574672484076,TRUE,16
1-2,0.00595103167588595,0.0224825131577202,TRUE,16
1-3,0.0185242583930648,0.0146057824046189,TRUE,16
2-2,0.260063584765601,0.0598953319216162,TRUE,16
2-3,0.000679004681142127,0.0163861594310836,TRUE,16
3-3,-0.187502466930915,0.0304104928113733,TRUE,16
(Intercept):1,-0.991067131162692,0.0416222966159542,FALSE,16
(Intercept):2,-1.52129183991263,0.0546317052511427,TRUE,16
Covariate:1,0.456190128460515,0.0615566374254852,TRUE,16
Covariate:2,-0.480159954313815,0.0771716283364967,TRUE,16
1-1,0.0676235613546584,0.0410085152414822,TRUE,16
1-2,-0.0308824543773851,0.0202272558730281,TRUE,16
1-3,-0.0260170373750995,0.0134692965932278,TRUE,16
2-2,0.168987153140816,0.0584914673191813,TRUE,16
2-3,-0.0298248271295974,0.0157519806711102,TRUE,16
3-3,-0.200541545533309,0.0279889236682461,TRUE,16
(Intercept):1,-1.16357859867054,0.045918298852205,TRUE,16
(Intercept):2,-1.59621651096303,0.060524901058387,TRUE,16
Covariate:1,0.519085431685284,0.0655578541238988,TRUE,16
Covariate:2,-0.522176564229862,0.0765926690192305,TRUE,16
1-1,0.119626798419538,0.0388768714369434,TRUE,16
1-2,-0.00125964155431553,0.0233016372425066,TRUE,16
1-3,-0.00461001939425393,0.0143499118694053,TRUE,16
2-2,0.165833160249087,0.0616620602826018,TRUE,16
2-3,-0.0235131625840226,0.0168825493379962,TRUE,16
3-3,-0.27322838230191,0.0304489957189365,TRUE,16
(Intercept):1,-1.11287530163071,0.0435914905751666,TRUE,16
(Intercept):2,-1.50705883830413,0.054994998376994,TRUE,16
Covariate:1,0.639977127487204,0.0652737261981792,FALSE,16
Covariate:2,-0.353168517051744,0.0729443203117005,FALSE,16
1-1,0.0949537598452997,0.0418873523400279,TRUE,16
1-2,0.00221866124694646,0.0219100518310703,TRUE,16
1-3,0.00487239916809139,0.0144785606882653,TRUE,16
2-2,0.16186250759587,0.0596717227222639,TRUE,16
2-3,-0.0231013624197682,0.0165006893309294,TRUE,16
3-3,-0.180036825277144,0.0293614214496448,TRUE,16
(Intercept):1,-1.15874478650746,0.0439261709655593,TRUE,16
(Intercept):2,-1.54105312818035,0.0563909444119954,TRUE,16
Covariate:1,0.553535166947561,0.0649555367943663,TRUE,16
Covariate:2,-0.528505791707939,0.0772532150690287,TRUE,16
1-1,0.130973262871663,0.0389010257500346,TRUE,16
1-2,-0.00011556375492004,0.0207376410057613,TRUE,16
1-3,-0.00087825949886218,0.0139823164578707,TRUE,16
2-2,0.143163590110119,0.0538112835048017,TRUE,16
2-3,-0.0135126930733395,0.0161676378353981,TRUE,16
3-3,-0.244889727918782,0.0279698502657895,TRUE,16
(Intercept):1,-1.10219375352241,0.0428464634966217,TRUE,16
(Intercept):2,-1.51546523156632,0.0538208239963247,TRUE,16
Covariate:1,0.483720381657597,0.0668143362622102,TRUE,16
Covariate:2,-0.45763089090233,0.0731099673461436,TRUE,16
1-1,0.155216786095529,0.0381813179403416,TRUE,16
1-2,-0.0481184066943731,0.0205175633876486,FALSE,16
1-3,-0.00337420358452554,0.0141592866460265,TRUE,16
2-2,0.228537834643434,0.0496792090113512,TRUE,16
2-3,-0.0155901414518414,0.0155467899919354,TRUE,16
3-3,-0.234278834090808,0.0276335151919409,TRUE,16
(Intercept):1,-1.1205587882757,0.0426368596411004,TRUE,16
(Intercept):2,-1.61154654654632,0.0570765912546663,TRUE,16
Covariate:1,0.41791436301806,0.064016953277285,TRUE,16
Covariate:2,-0.504749128026506,0.0802741776606553,TRUE,16
1-1,0.130672407634293,0.0394353504786708,TRUE,16
1-2,-0.0160695750801268,0.0208817909704955,TRUE,16
1-3,0.00157964852397879,0.0130748696886153,TRUE,16
2-2,0.213725186377855,0.0556804017923367,TRUE,16
2-3,-0.00725896155487757,0.0157132009467097,TRUE,16
3-3,-0.214468300642529,0.0282784127468895,TRUE,16
(Intercept):1,-1.08437321897225,0.043748042969957,TRUE,16
(Intercept):2,-1.46757249977802,0.0550453299897904,FALSE,16
Covariate:1,0.461688310498047,0.0680504247809294,TRUE,16
Covariate:2,-0.432510815891497,0.0792888955695813,TRUE,16
1-1,0.0375975880415179,0.0433613710197029,TRUE,16
1-2,-0.0271974977605861,0.0213279684338087,TRUE,16
1-3,0.00669660884018819,0.0140721708861494,TRUE,16
2-2,0.0320299643601258,0.0680590797494594,FALSE,16
2-3,-0.0223079027500535,0.0157412847172068,TRUE,16
3-3,-0.217781131092572,0.0279613353794121,TRUE,16
(Intercept):1,-1.14701619904913,0.0448204844338109,TRUE,16
(Intercept):2,-1.70078892884195,0.0594968443428153,TRUE,16
Covariate:1,0.543100604336531,0.0636114350928781,TRUE,16
Covariate:2,-0.580802120690055,0.0817992264978814,TRUE,16
1-1,0.12304407201482,0.0408381353171592,TRUE,16
1-2,0.029529349322407,0.0210306700359055,TRUE,16
1-3,0.0113605442404265,0.0140507387686909,TRUE,16
2-2,0.126223741690819,0.0677518397371157,TRUE,16
2-3,0.0189531027957954,0.016748263184085,TRUE,16
3-3,-0.225351963256025,0.0286778301345536,TRUE,16
(Intercept):1,-1.14083006064212,0.0431278042192698,TRUE,16
(Intercept):2,-1.66435608423679,0.0598136220219552,TRUE,16
Covariate:1,0.464758044970877,0.0659698920187008,TRUE,16
Covariate:2,-0.691392999225107,0.0790278941783893,FALSE,16
1-1,0.111973930898671,0.0415758929167333,TRUE,16
1-2,0.0114425564482746,0.0207930598610967,TRUE,16
1-3,-0.00153927203001433,0.0146535719510077,TRUE,16
2-2,0.0882266535872916,0.0606654685288011,TRUE,16
2-3,0.000588117654663957,0.016851263763842,TRUE,16
3-3,-0.269993325793417,0.028831376497178,TRUE,16
(Intercept):1,-1.15122374177006,0.0440948283309797,TRUE,16
(Intercept):2,-1.60782410828856,0.0583201717168158,TRUE,16
Covariate:1,0.552802693472329,0.062417668562065,TRUE,16
Covariate:2,-0.469954044816459,0.074400176460107,TRUE,16
1-1,0.160511246166262,0.037971930516376,TRUE,16
1-2,-0.00538157686768644,0.021341496155927,TRUE,16
1-3,0.00995011569734778,0.0146636478383582,TRUE,16
2-2,0.0778618377582559,0.0662899001586421,TRUE,16
2-3,0.00749139741652163,0.0156248426269671,TRUE,16
3-3,-0.236974234682759,0.0296117164033159,TRUE,16
(Intercept):1,-1.10426641375698,0.0406352869331793,TRUE,16
(Intercept):2,-1.61048520522157,0.0589441429796764,TRUE,16
Covariate:1,0.462344177363369,0.0677380429711871,TRUE,16
Covariate:2,-0.610508266441712,0.0746336918265077,TRUE,16
1-1,0.11602291715598,0.0409446123952181,TRUE,16
1-2,-0.0110353463401913,0.0214042539026488,TRUE,16
1-3,0.00823072124625539,0.0142850211013962,TRUE,16
2-2,0.220394141394335,0.0593880221883451,TRUE,16
2-3,0.00538933832650184,0.0168208965066802,TRUE,16
3-3,-0.209094870998845,0.0297842722526203,TRUE,16
(Intercept):1,-1.07411349207524,0.0433858525773248,TRUE,16
(Intercept):2,-1.67557910334776,0.0580453734791779,TRUE,16
Covariate:1,0.386729772013421,0.0638761041384564,TRUE,16
Covariate:2,-0.522972745436347,0.0805585862712987,TRUE,16
1-1,0.0629809144266969,0.0400094660326612,TRUE,16
1-2,-0.0202097420330894,0.0221845561465799,TRUE,16
1-3,-0.0139841745364555,0.0137500998611288,TRUE,16
2-2,0.1314019859259,0.0610948475784626,TRUE,16
2-3,0.0109061578374098,0.0158046809978756,TRUE,16
3-3,-0.223664653656181,0.0293957712655887,TRUE,16
(Intercept):1,-1.10452092322625,0.0452063470993974,TRUE,16
(Intercept):2,-1.59402665894088,0.0587218389016635,TRUE,16
Covariate:1,0.52203333621364,0.0677761278329236,TRUE,16
Covariate:2,-0.448747418316157,0.0731753276761037,TRUE,16
1-1,0.0417127036877252,0.044781810168068,TRUE,16
1-2,-0.0105182135614727,0.0218848241935878,TRUE,16
1-3,-0.00379376379055591,0.0139572193314398,TRUE,16
2-2,0.0858501555385696,0.0634150819249349,TRUE,16
2-3,0.00486965135301485,0.0163097960304987,TRUE,16
3-3,-0.250267587310237,0.0293466713480798,TRUE,16
(Intercept):1,-1.12273126170471,0.0448632658075274,TRUE,16
(Intercept):2,-1.66332104897947,0.0578304572336439,TRUE,16
Covariate:1,0.529079186894099,0.0652710582033757,TRUE,16
Covariate:2,-0.435152104037461,0.0794152236742088,TRUE,16
1-1,0.0354592378224913,0.0421826747773684,TRUE,16
1-2,0.0253106590193324,0.0217826818558799,TRUE,16
1-3,-0.00815938602677773,0.0135639755786106,TRUE,16
2-2,0.136920201346819,0.0591459038936788,TRUE,16
2-3,-0.00732055492907299,0.0155662187871335,TRUE,16
3-3,-0.236583255489491,0.0267597745508364,TRUE,16
(Intercept):1,-1.11206232879226,0.043552961505146,TRUE,16
(Intercept):2,-1.58932976888294,0.0563985114201705,TRUE,16
Covariate:1,0.605136234743239,0.0624565683458583,TRUE,16
Covariate:2,-0.429202038334932,0.0740863250892656,TRUE,16
1-1,0.101462278078278,0.0407271429438253,TRUE,16
1-2,0.014094799860372,0.020254569419365,TRUE,16
1-3,-0.00798658885064463,0.0132315144466979,TRUE,16
2-2,0.209634389785915,0.0559526872098563,TRUE,16
2-3,-0.0303509428969351,0.0153974479219845,FALSE,16
3-3,-0.182475039971983,0.0282578401035863,TRUE,16
(Intercept):1,-1.12103227852629,0.044223498800364,TRUE,16
(Intercept):2,-1.61224164282255,0.058059287908826,TRUE,16
Covariate:1,0.483333543757009,0.0666807131693836,TRUE,16
Covariate:2,-0.488329422974476,0.0794176928923999,TRUE,16
1-1,0.0478837447011468,0.047329324776029,TRUE,16
1-2,-0.022542683643273,0.022054452724971,TRUE,16
1-3,-0.0111404387546939,0.0145510712077391,TRUE,16
2-2,0.171658606286406,0.0602842659687869,TRUE,16
2-3,-0.00961122946315287,0.0163587133639749,TRUE,16
3-3,-0.254995324531924,0.0289074168632292,TRUE,16
(Intercept):1,-1.16309043494765,0.0439002451204256,TRUE,16
(Intercept):2,-1.5476312019142,0.0559784592734251,TRUE,16
Covariate:1,0.493429660170802,0.0656965790018859,TRUE,16
Covariate:2,-0.541155871913335,0.0760319658204768,TRUE,16
1-1,0.163763841569804,0.0386192859952892,TRUE,16
1-2,-0.00527767716221467,0.021942350929438,TRUE,16
1-3,0.0227589697843924,0.0132768101870931,TRUE,16
2-2,0.124075260435664,0.0660867974352764,TRUE,16
2-3,-0.0213862568191147,0.015641719708045,TRUE,16
3-3,-0.208197223542518,0.0288460482450833,TRUE,16
(Intercept):1,-1.06453936864838,0.0418640665819073,TRUE,16
(Intercept):2,-1.60434692845643,0.0572403077821597,TRUE,16
Covariate:1,0.483801556497326,0.0615259467689952,TRUE,16
Covariate:2,-0.508737331646106,0.0756091379047841,TRUE,16
1-1,0.0760463501728712,0.039224575071518,TRUE,16
1-2,-0.0125604727155635,0.0205672896354925,TRUE,16
1-3,-0.0060970712801954,0.0140477632593214,TRUE,16
2-2,0.193648854493802,0.0603945664650433,TRUE,16
2-3,-0.00678271273661939,0.0155000176955829,TRUE,16
3-3,-0.243288842563817,0.0294368997642884,TRUE,16
(Intercept):1,-1.12116210567288,0.0417344098777147,TRUE,16
(Intercept):2,-1.69349860640234,0.0576251181421576,TRUE,16
Covariate:1,0.474903681454387,0.0648957141782929,TRUE,16
Covariate:2,-0.56948428965829,0.0777373600669733,TRUE,16
1-1,0.133181285483756,0.0392564417542276,TRUE,16
1-2,0.0211169271562073,0.0203818930795814,TRUE,16
1-3,0.0151369229103957,0.0137274656670055,TRUE,16
2-2,0.252966793318798,0.0542433515474305,TRUE,16
2-3,0.0206972249173908,0.0157346706346129,TRUE,16
3-3,-0.216569327460604,0.0291730873930334,TRUE,16
(Intercept):1,-1.1079556187971,0.0420855023211497,TRUE,16
(Intercept):2,-1.5771226255111,0.0584710507457233,TRUE,16
Covariate:1,0.60339816663791,0.0689353734254063,TRUE,16
Covariate:2,-0.46260581489911,0.0800023973621615,TRUE,16
1-1,0.0743351091903806,0.0421291819244762,TRUE,16
1-2,-0.00833691562379721,0.0225787119767309,TRUE,16
1-3,0.0119284649153233,0.013656076295857,TRUE,16
2-2,0.160117021444904,0.063988276903215,TRUE,16
2-3,-0.00816659272071188,0.0157206852621386,TRUE,16
3-3,-0.227588246821866,0.0295534796972884,TRUE,16
(Intercept):1,-1.10437392935545,0.0445015877884625,TRUE,16
(Intercept):2,-1.60782729002065,0.056724677084264,TRUE,16
Covariate:1,0.567802364087851,0.0649787815274738,TRUE,16
Covariate:2,-0.56048594325825,0.0758470840102008,TRUE,16
1-1,0.0312816453035532,0.0447686462718078,TRUE,16
1-2,0.0101827372691662,0.0218717038872813,TRUE,16
1-3,-0.0176650147055832,0.0145085517258782,TRUE,16
2-2,0.156304663564779,0.0543377803996554,TRUE,16
2-3,-0.0194846277503318,0.0161685119736551,TRUE,16
3-3,-0.286923067049684,0.0302665897848952,FALSE,16
(Intercept):1,-1.11450786523243,0.04273233599853,TRUE,16
(Intercept):2,-1.61635552834658,0.0591325127379688,TRUE,16
Covariate:1,0.45283756407123,0.0620409807143083,TRUE,16
Covariate:2,-0.646507241579693,0.0774011384896772,TRUE,16
1-1,0.0542335385519559,0.0425396624971663,TRUE,16
1-2,0.00727598436194779,0.0216941897020548,TRUE,16
1-3,-0.0214045622138976,0.0137532274075125,TRUE,16
2-2,0.188335769630057,0.052333461627626,TRUE,16
2-3,-0.0115192029651085,0.0161614444489797,TRUE,16
3-3,-0.25666236627365,0.029737291652816,TRUE,16
(Intercept):1,-1.07209201552743,0.0428586717745416,TRUE,16
(Intercept):2,-1.65637294896318,0.0560573897958544,TRUE,16
Covariate:1,0.646263964058191,0.0644559534692923,FALSE,16
Covariate:2,-0.48200881985954,0.0790254553518036,TRUE,16
1-1,0.00436034745367321,0.0449365246056883,FALSE,16
1-2,-0.0265455181729613,0.0211536791070685,TRUE,16
1-3,-0.0172166238383449,0.0140896551417621,TRUE,16
2-2,0.182068197045073,0.0529878356006014,TRUE,16
2-3,-0.00701498441059597,0.0160044154282241,TRUE,16
3-3,-0.264733355177345,0.0277260630517834,TRUE,16
(Intercept):1,-1.00719271575177,0.0413370613081785,FALSE,16
(Intercept):2,-1.48015767220531,0.0547930383355555,FALSE,16
Covariate:1,0.242015242283311,0.0625304504790422,FALSE,16
Covariate:2,-0.512269671747711,0.0736978320001746,TRUE,16
1-1,0.052074236234453,0.0434519515317923,TRUE,16
1-2,-0.032661912937966,0.0196739792077413,TRUE,16
1-3,-0.0142791368860911,0.0132536112618974,TRUE,16
2-2,0.27001689018189,0.0520228002699586,TRUE,16
2-3,-0.0203769381668805,0.0151514049937017,TRUE,16
3-3,-0.169058093676774,0.0279890542277602,TRUE,16
(Intercept):1,-1.03836967706741,0.0428362697488967,TRUE,16
(Intercept):2,-1.5349767582932,0.0580618118282138,TRUE,16
Covariate:1,0.622860122719597,0.067674858517458,TRUE,16
Covariate:2,-0.609937198453097,0.0781864237852879,TRUE,16
1-1,0.032792622969622,0.0430213411022329,TRUE,16
1-2,-0.0104312220751197,0.0224309406115512,TRUE,16
1-3,-0.0192391119108462,0.0138962544408956,TRUE,16
2-2,0.160311550278571,0.0573198528401913,TRUE,16
2-3,-0.0300217573974841,0.0166178906681309,TRUE,16
3-3,-0.208685371721209,0.0288470413408292,TRUE,16
(Intercept):1,-1.08689949420092,0.0396522260241809,TRUE,16
(Intercept):2,-1.63988754276967,0.0599267329273445,TRUE,16
Covariate:1,0.584956944198772,0.06268058804528,TRUE,16
Covariate:2,-0.402699075836735,0.0794519247031506,TRUE,16
1-1,0.0525791766296299,0.042981206920201,TRUE,16
1-2,0.0078188818213609,0.0218942594021277,TRUE,16
1-3,-0.0130159902959409,0.0135558958081948,TRUE,16
2-2,0.146816421413203,0.0610996323407407,TRUE,16
2-3,-0.0156489049058011,0.0160598765692763,TRUE,16
3-3,-0.251035377407339,0.0291941795779631,TRUE,16
(Intercept):1,-1.08298335984834,0.0417392235739494,TRUE,16
(Intercept):2,-1.59093970842843,0.0578781038724717,TRUE,16
Covariate:1,0.510157122945194,0.0645780781931996,TRUE,16
Covariate:2,-0.592871846848622,0.0770115681263173,TRUE,16
1-1,0.101771720017672,0.0398505720103691,TRUE,16
1-2,-0.0185583045186385,0.0216457666504305,TRUE,16
1-3,-0.0124421141019267,0.0133805968881743,TRUE,16
2-2,0.15514351430076,0.0612533153657614,TRUE,16
2-3,-0.00887855676403557,0.0159488300504353,TRUE,16
3-3,-0.223607440941315,0.0283446160841843,TRUE,16
(Intercept):1,-1.13780803264243,0.0446556978987267,TRUE,16
(Intercept):2,-1.54846535653553,0.0577330390604958,TRUE,16
Covariate:1,0.432414056329284,0.0636932681008729,TRUE,16
Covariate:2,-0.486442934662448,0.0708957412280186,TRUE,16
1-1,0.0641618034722454,0.038659342440765,TRUE,16
1-2,-0.0129611162637156,0.0206681785269757,TRUE,16
1-3,-0.0350867282727978,0.0142294693775797,FALSE,16
2-2,0.154416674862989,0.0586029595537481,TRUE,16
2-3,-0.0625771775908353,0.0161884860011194,FALSE,16
3-3,-0.277645920493156,0.0303100035212749,TRUE,16
(Intercept):1,-1.12752983262362,0.0422999348813406,TRUE,16
(Intercept):2,-1.67374730906112,0.0557652096745471,TRUE,16
Covariate:1,0.441249125569728,0.0669028061909485,TRUE,16
Covariate:2,-0.615202924776097,0.0739836477692208,TRUE,16
1-1,0.0730568453793439,0.0435410252191825,TRUE,16
1-2,-0.00957819568257321,0.020798029386619,TRUE,16
1-3,-0.0133254147591664,0.013559379773018,TRUE,16
2-2,0.232493982528328,0.0501082361544596,TRUE,16
2-3,0.00366196515991985,0.0158611286437112,TRUE,16
3-3,-0.22173078069426,0.027218329946958,TRUE,16
(Intercept):1,-1.09648154999034,0.0435637120943018,TRUE,16
(Intercept):2,-1.52627330680614,0.0531019600954412,TRUE,16
Covariate:1,0.46694347030314,0.0652062999924334,TRUE,16
Covariate:2,-0.349196323978005,0.0761125163324028,FALSE,16
1-1,0.0922396114550996,0.0451816303537501,TRUE,16
1-2,-0.0321413002937242,0.0211545691705429,TRUE,16
1-3,-0.00592952644982441,0.0139483965337979,TRUE,16
2-2,0.235163393000768,0.0529270598514579,TRUE,16
2-3,-0.0126980036902573,0.0149984387407952,TRUE,16
3-3,-0.245781358297045,0.0289248282335663,TRUE,16
(Intercept):1,-1.09276888615561,0.043026108489921,TRUE,16
(Intercept):2,-1.6419310136805,0.057159404775094,TRUE,16
Covariate:1,0.486003453062413,0.0652516787172804,TRUE,16
Covariate:2,-0.455438330677975,0.073760675275361,TRUE,16
1-1,0.0880461187929333,0.0407912347427311,TRUE,16
1-2,0.00890363125493355,0.0200901455205117,TRUE,16
1-3,-0.00595506890518128,0.014120091319655,TRUE,16
2-2,0.244737932759566,0.0584799128787492,TRUE,16
2-3,-0.00240237789060277,0.0167903569490317,TRUE,16
3-3,-0.217070455430472,0.0284215284855771,TRUE,16
(Intercept):1,-1.10762642322004,0.0443841437896831,TRUE,16
(Intercept):2,-1.51978681239244,0.0568892936322241,TRUE,16
Covariate:1,0.441886492475794,0.0662313046458488,TRUE,16
Covariate:2,-0.461761820267525,0.0765461213418083,TRUE,16
1-1,0.125101916825533,0.0388385412580768,TRUE,16
1-2,-0.0378435417102684,0.0217570029691425,TRUE,16
1-3,-0.00788077812977288,0.0137498343697371,TRUE,16
2-2,0.195771748161509,0.0529937424609076,TRUE,16
2-3,-0.0175544088009219,0.0156307748970779,TRUE,16
3-3,-0.242967767001447,0.0279177452485621,TRUE,16
(Intercept):1,-1.08958055595733,0.0428602131295435,TRUE,16
(Intercept):2,-1.57842025760258,0.060748735584193,TRUE,16
Covariate:1,0.692668696167488,0.0655195575429395,FALSE,16
Covariate:2,-0.588183612472134,0.0787625407036696,TRUE,16
1-1,0.0447939776457917,0.0465272532286755,TRUE,16
1-2,-0.0156865276582328,0.0222059288863378,TRUE,16
1-3,0.00591684139176603,0.0139760394168957,TRUE,16
2-2,0.116585751758178,0.0567395452618942,TRUE,16
2-3,0.0109134419837342,0.0168339197403076,TRUE,16
3-3,-0.22881861181514,0.0301075893028211,TRUE,16
(Intercept):1,-1.13558395569247,0.0420141781995035,TRUE,16
(Intercept):2,-1.66514165579795,0.0574306341031567,TRUE,16
Covariate:1,0.40259702085676,0.0674479314623803,TRUE,16
Covariate:2,-0.516406244978637,0.0792368206952459,TRUE,16
1-1,0.150274150213466,0.0352486201765866,TRUE,16
1-2,0.00372084490453475,0.0211616483802614,TRUE,16
1-3,0.00533108126247412,0.0128273808826714,TRUE,16
2-2,0.205265310419989,0.0528662121637953,TRUE,16
2-3,0.0115155456027829,0.0152679019492781,TRUE,16
3-3,-0.210285694223528,0.02884650171464,TRUE,16
(Intercept):1,-1.17899667137652,0.0450052737154824,TRUE,16
(Intercept):2,-1.55100691161917,0.0566038003169875,TRUE,16
Covariate:1,0.552118284871128,0.0658314313036021,TRUE,16
Covariate:2,-0.399302249432332,0.0759988646575846,TRUE,16
1-1,0.0629580562193899,0.0430548698570336,TRUE,16
1-2,-0.004356095441493,0.0226909444152659,TRUE,16
1-3,0.0305375254007917,0.0138645890748124,FALSE,16
2-2,0.128470004345408,0.0577019479504341,TRUE,16
2-3,-0.00593340667983576,0.0159081715700564,TRUE,16
3-3,-0.214683471631626,0.0296452698992837,TRUE,16
(Intercept):1,-1.06652508811459,0.0427831929619487,TRUE,16
(Intercept):2,-1.63596558563967,0.0560949345132637,TRUE,16
Covariate:1,0.562184042736952,0.0643334873058128,TRUE,16
Covariate:2,-0.594259076829432,0.0763320562658351,TRUE,16
1-1,0.115764814529403,0.0375988884559798,TRUE,16
1-2,0.00584415268543513,0.0209971671162413,TRUE,16
1-3,-0.012456477194384,0.0139998429524937,TRUE,16
2-2,0.205846434290687,0.0543001813543956,TRUE,16
2-3,-0.00958229180018446,0.0157824695597946,TRUE,16
3-3,-0.245363578812204,0.0308426616453916,TRUE,16
(Intercept):1,-1.09367644024347,0.0440075568847441,TRUE,16
(Intercept):2,-1.65262283917699,0.0563897323943186,TRUE,16
Covariate:1,0.471564064449168,0.0658243457538305,TRUE,16
Covariate:2,-0.494169547956809,0.0825880082615062,TRUE,16
1-1,0.133760338794354,0.0427859570938673,TRUE,16
1-2,0.00808465814551607,0.0219498981600311,TRUE,16
1-3,0.00904599188037556,0.0144875423521973,TRUE,16
2-2,0.213640783936775,0.0578709007752573,TRUE,16
2-3,0.0439108629111879,0.0164333141121972,FALSE,16
3-3,-0.174786236418367,0.0298337340590911,TRUE,16
(Intercept):1,-1.03511658772394,0.0423831775348686,TRUE,16
(Intercept):2,-1.64999465066677,0.0583345934637577,TRUE,16
Covariate:1,0.437952374699932,0.0650067423904131,TRUE,16
Covariate:2,-0.54123139609073,0.0782258896420877,TRUE,16
1-1,0.0705897568963756,0.0429107067310317,TRUE,16
1-2,0.012663586032407,0.0210950862284411,TRUE,16
1-3,-0.00831887842597766,0.0140959392596828,TRUE,16
2-2,0.191205173774686,0.0572814405465201,TRUE,16
2-3,0.0123992028288846,0.0166423870448501,TRUE,16
3-3,-0.228275528059383,0.027858844524457,TRUE,16
(Intercept):1,-1.16294936931465,0.0459372783075081,TRUE,16
(Intercept):2,-1.5364180562201,0.0561912694439752,TRUE,16
Covariate:1,0.519416931449623,0.0640687751036773,TRUE,16
Covariate:2,-0.382423902504233,0.0796634626933713,TRUE,16
1-1,0.110807381831948,0.0393675919792141,TRUE,16
1-2,0.00646993447157744,0.0202785682681486,TRUE,16
1-3,0.0141370530358618,0.0142787166732373,TRUE,16
2-2,0.285479613955228,0.0465900156856115,FALSE,16
2-3,-0.0258749588507155,0.0155453962999832,TRUE,16
3-3,-0.218968148791351,0.028111358311259,TRUE,16
(Intercept):1,-1.17406950367359,0.0422715854962284,TRUE,16
(Intercept):2,-1.62772767764359,0.0592541104430084,TRUE,16
Covariate:1,0.609706379880802,0.0655709622449315,TRUE,16
Covariate:2,-0.478486391619712,0.0841976879008706,TRUE,16
1-1,0.0875263778227744,0.0455746607802364,TRUE,16
1-2,-0.00381560643059125,0.0210191926168033,TRUE,16
1-3,0.000434680193683914,0.0146461115019477,TRUE,16
2-2,0.191872577141671,0.0522040836532092,TRUE,16
2-3,-0.0117219596483625,0.016461868908466,TRUE,16
3-3,-0.245245899675327,0.0301611478449254,TRUE,16
(Intercept):1,-1.08471884319548,0.0429766642509234,TRUE,16
(Intercept):2,-1.56698011297406,0.0532077366797342,TRUE,16
Covariate:1,0.476048167016435,0.0658941984297779,TRUE,16
Covariate:2,-0.363674577855026,0.079142352464521,TRUE,16
1-1,0.0130318930863809,0.0427385506690383,TRUE,16
1-2,-0.0175660087916168,0.0196252186454013,TRUE,16
1-3,-0.0312985830907273,0.0134524705103384,FALSE,16
2-2,0.0547900317890234,0.0633591636870106,FALSE,16
2-3,-0.0301765566266439,0.0153602871561309,FALSE,16
3-3,-0.262263263868174,0.0287585441113354,TRUE,16
(Intercept):1,-1.06878627262106,0.0425081336713318,TRUE,16
(Intercept):2,-1.60834547663349,0.0574623135743666,TRUE,16
Covariate:1,0.569782543919091,0.0649917323035878,TRUE,16
Covariate:2,-0.473939269998465,0.0750327296154367,TRUE,16
1-1,0.0813445111183143,0.0376482388613724,TRUE,16
1-2,0.0135628518696062,0.0202966791007827,TRUE,16
1-3,0.00233212165814889,0.0132024471049556,TRUE,16
2-2,0.175067645619296,0.0519781687722539,TRUE,16
2-3,0.0164442927919172,0.0159135724441773,TRUE,16
3-3,-0.196839368173306,0.0273683911016554,TRUE,16
(Intercept):1,-1.09890591895384,0.0439729380085156,TRUE,16
(Intercept):2,-1.54273145681663,0.0563958505638914,TRUE,16
Covariate:1,0.612652146777543,0.0668879640148732,TRUE,16
Covariate:2,-0.315413299444885,0.0752437395246416,FALSE,16
1-1,0.103866900635727,0.0422832958242354,TRUE,16
1-2,-0.0102293415108517,0.0210044151158891,TRUE,16
1-3,0.00507411871287827,0.0140461787338502,TRUE,16
2-2,0.125955255820096,0.0603676350012432,TRUE,16
2-3,0.00960289321329057,0.0154503591167376,TRUE,16
3-3,-0.191721456619214,0.0267415878953338,TRUE,16
(Intercept):1,-1.1035101429084,0.0412366570694558,TRUE,16
(Intercept):2,-1.66337173153651,0.0570504016270132,TRUE,16
Covariate:1,0.444731615657155,0.0670824746908259,TRUE,16
Covariate:2,-0.452352937583207,0.0739980227710192,TRUE,16
1-1,0.111406639435467,0.039655320193239,TRUE,16
1-2,0.0171095604582709,0.0225918464604127,TRUE,16
1-3,-0.00541807016091088,0.0141745279190017,TRUE,16
2-2,0.281919394798986,0.0544650588984331,TRUE,16
2-3,-0.00539534968690886,0.0157085329044001,TRUE,16
3-3,-0.223455310646288,0.0298873540603312,TRUE,16
(Intercept):1,-1.03517663152122,0.0438874148151232,TRUE,16
(Intercept):2,-1.65230245955698,0.0551171581915185,TRUE,16
Covariate:1,0.591139860920115,0.0632258969794208,TRUE,16
Covariate:2,-0.410884779314415,0.070356230626526,TRUE,16
1-1,0.00693391144983759,0.0411695756315594,FALSE,16
1-2,0.00541214728308849,0.0210519575364336,TRUE,16
1-3,-0.0267859758398116,0.014415037145806,TRUE,16
2-2,0.139477734641861,0.0606701541821534,TRUE,16
2-3,0.000406005094082547,0.0157076192828773,TRUE,16
3-3,-0.241034729363643,0.027877268905467,TRUE,16
(Intercept):1,-1.08725129487595,0.0423707588771742,TRUE,16
(Intercept):2,-1.60325614006966,0.0552675216760766,TRUE,16
Covariate:1,0.456972486473634,0.0638330805761584,TRUE,16
Covariate:2,-0.451416594020417,0.0744739271116206,TRUE,16
1-1,0.0540238547815421,0.0444946738907939,TRUE,16
1-2,-0.00249812166908183,0.0211796861677032,TRUE,16
1-3,-0.0015534473517707,0.0136073944190557,TRUE,16
2-2,0.220058543341323,0.0570429742043958,TRUE,16
2-3,-0.00672742787918418,0.0158790093418015,TRUE,16
3-3,-0.215332771398979,0.0295364017137375,TRUE,16
(Intercept):1,-1.11426900271475,0.0433151972948606,TRUE,16
(Intercept):2,-1.56556876855813,0.0564060401970963,TRUE,16
Covariate:1,0.600647056958921,0.0626762016212177,TRUE,16
Covariate:2,-0.444208538402989,0.0819295089163992,TRUE,16
1-1,0.111141352048758,0.0398811450736599,TRUE,16
1-2,-0.00229573493963895,0.020514733844913,TRUE,16
1-3,-0.00539312621750232,0.0137894271387507,TRUE,16
2-2,0.120781195092933,0.0592681659423018,TRUE,16
2-3,-0.0124626624823299,0.0156871066723867,TRUE,16
3-3,-0.215010190559867,0.0269391049588335,TRUE,16
(Intercept):1,-1.07350896581672,0.0438451985666025,TRUE,16
(Intercept):2,-1.60815225802133,0.0587572886648631,TRUE,16
Covariate:1,0.489934631470871,0.063179221759643,TRUE,16
Covariate:2,-0.466688980206353,0.0762902870385742,TRUE,16
1-1,0.101242401436071,0.0429175541119354,TRUE,16
1-2,-0.0333419463110754,0.0233525487345173,TRUE,16
1-3,-0.00762902004722769,0.0137034603621104,TRUE,16
2-2,0.142548761893695,0.0659408279688675,TRUE,16
2-3,-0.00439014677791492,0.0160994492421147,TRUE,16
3-3,-0.231249092022961,0.0300515638033639,TRUE,16
(Intercept):1,-1.05222180893724,0.0424467175544436,TRUE,16
(Intercept):2,-1.54927905796394,0.0555610531116475,TRUE,16
Covariate:1,0.521784341980831,0.0610875987290875,TRUE,16
Covariate:2,-0.59564677517879,0.0740249909915563,TRUE,16
1-1,0.0912613838003166,0.0400294611295797,TRUE,16
1-2,-0.044809702262847,0.0204610678411304,FALSE,16
1-3,-0.0183945006760588,0.0134646515915237,TRUE,16
2-2,0.167052454886153,0.0619449894293507,TRUE,16
2-3,-0.0232397906464092,0.0163080588293867,TRUE,16
3-3,-0.227870892457252,0.0287530097758622,TRUE,16
(Intercept):1,-1.09469943847424,0.0422729572441507,TRUE,16
(Intercept):2,-1.72637749476846,0.0583044549757479,FALSE,16
Covariate:1,0.418940824621802,0.0646955813232572,TRUE,16
Covariate:2,-0.570551951217783,0.077603356747164,TRUE,16
1-1,0.0614504725851109,0.042692290144174,TRUE,16
1-2,0.0147594322385983,0.0213614049088823,TRUE,16
1-3,-0.00698227802750502,0.0143208531005241,TRUE,16
2-2,0.221782492270224,0.0488792792554284,TRUE,16
2-3,0.0171566852230573,0.0160264051312022,TRUE,16
3-3,-0.259020310374128,0.02959685806539,TRUE,16
(Intercept):1,-1.06508111388266,0.0445678990905108,TRUE,16
(Intercept):2,-1.59647991367404,0.0547995382490174,TRUE,16
Covariate:1,0.399034313057369,0.0645926907913883,TRUE,16
Covariate:2,-0.546812347873493,0.0799718490462856,TRUE,16
1-1,0.0702758937242373,0.0400524645269997,TRUE,16
1-2,-0.0429249819248427,0.0211187362678197,FALSE,16
1-3,-0.00679841926494128,0.01379486111212,TRUE,16
2-2,0.173482175613072,0.0576260815401053,TRUE,16
2-3,-0.00533121159032151,0.015712921675279,TRUE,16
3-3,-0.237055513652338,0.0288545824403898,TRUE,16
(Intercept):1,-1.06404436275641,0.0406011294256848,TRUE,16
(Intercept):2,-1.59700189943058,0.0598026377397357,TRUE,16
Covariate:1,0.560850303305285,0.0637892352222445,TRUE,16
Covariate:2,-0.444132494919995,0.0781121209166869,TRUE,16
1-1,0.146975233679729,0.0402518541910392,TRUE,16
1-2,-0.0166619535535896,0.0216927004347048,TRUE,16
1-3,-0.00941301285299986,0.0132758002224989,TRUE,16
2-2,0.226125416626105,0.0555890506635152,TRUE,16
2-3,-0.0168497918315046,0.0159751774330087,TRUE,16
3-3,-0.186294650546064,0.0273115916074207,TRUE,16
(Intercept):1,-1.15087486431467,0.0426599629930016,TRUE,16
(Intercept):2,-1.63375052779302,0.056907106149073,TRUE,16
Covariate:1,0.481639852442472,0.0636590880477237,TRUE,16
Covariate:2,-0.494320701147034,0.0701501936555825,TRUE,16
1-1,0.118216944082033,0.0410778097484975,TRUE,16
1-2,0.0279447245480022,0.0212395051601732,TRUE,16
1-3,0.00671125533926909,0.014056378872567,TRUE,16
2-2,0.172401104760002,0.052289874150812,TRUE,16
2-3,-0.000632641841953686,0.0160599541644831,TRUE,16
3-3,-0.246238862861561,0.0307512614241784,TRUE,16
(Intercept):1,-1.13906454093839,0.0429628380578597,TRUE,16
(Intercept):2,-1.6342541023702,0.0569467552345165,TRUE,16
Covariate:1,0.378583115936368,0.0668351809076979,TRUE,16
Covariate:2,-0.485585309243255,0.080804205128545,TRUE,16
1-1,0.043025395904641,0.0392849710791508,TRUE,16
1-2,0.0173618398765165,0.0212676357560446,TRUE,16
1-3,0.00492197701173693,0.0140594044176311,TRUE,16
2-2,0.17410337931121,0.0570388045620134,TRUE,16
2-3,0.000778868879341583,0.0162890550335185,TRUE,16
3-3,-0.23817550173563,0.0290571845036105,TRUE,16
(Intercept):1,-1.03116947352311,0.0423827524756277,TRUE,16
(Intercept):2,-1.69525192305743,0.0624635033353717,TRUE,16
Covariate:1,0.44114941033446,0.0652686826846591,TRUE,16
Covariate:2,-0.496881829390196,0.077277149592463,TRUE,16
1-1,0.02721873621816,0.0394180848910622,TRUE,16
1-2,-0.025169380965175,0.0230668334589693,TRUE,16
1-3,-0.0332984218403049,0.0144124612835029,FALSE,16
2-2,0.204773970125633,0.0586119056742097,TRUE,16
2-3,-0.0114173383904865,0.0175077427152867,TRUE,16
3-3,-0.29984335086502,0.0300189409974699,FALSE,16
(Intercept):1,-1.03912459822547,0.0423277196197599,TRUE,16
(Intercept):2,-1.58074700969221,0.05471992458178,TRUE,16
Covariate:1,0.476918937176904,0.0629059106369748,TRUE,16
Covariate:2,-0.506028114001533,0.0753413906973652,TRUE,16
1-1,0.0544753445933981,0.0439984270579133,TRUE,16
1-2,-0.0208786748116493,0.0196545438805305,TRUE,16
1-3,-0.0294536166603435,0.0136621944453235,FALSE,16
2-2,0.271879155481846,0.0472596086471539,TRUE,16
2-3,-0.0147777990738375,0.0156056509765208,TRUE,16
3-3,-0.172838266747118,0.0280509252317694,TRUE,16
(Intercept):1,-1.0874439774146,0.0423860524975997,TRUE,16
(Intercept):2,-1.58640795091529,0.0554987158938866,TRUE,16
Covariate:1,0.566048268621255,0.0666761258624566,TRUE,16
Covariate:2,-0.60617707207984,0.0786637830303346,TRUE,16
1-1,0.0532540982371388,0.0419655772757467,TRUE,16
1-2,-0.00901964044600012,0.0205074833417137,TRUE,16
1-3,0.00194949814928697,0.0133178441415211,TRUE,16
2-2,0.144443829911382,0.0533751984056657,TRUE,16
2-3,0.00360594676287798,0.0147377792404793,TRUE,16
3-3,-0.224749378066125,0.0290283384081765,TRUE,16
(Intercept):1,-1.11682336729584,0.0439217885002493,TRUE,16
(Intercept):2,-1.64289954419464,0.0580466189255289,TRUE,16
Covariate:1,0.512961100517243,0.0651963520493089,TRUE,16
Covariate:2,-0.56569158969065,0.079585193834838,TRUE,16
1-1,0.0227685207088757,0.0444512614337216,TRUE,16
1-2,-0.0525278584562471,0.0232478268284181,FALSE,16
1-3,-0.00425394082881617,0.0138757701032501,TRUE,16
2-2,0.200081938517962,0.0667089498028723,TRUE,16
2-3,-0.00692656254283866,0.0163071952173892,TRUE,16
3-3,-0.252171265031914,0.0273550442725149,TRUE,16
(Intercept):1,-1.10890238431458,0.043510067585724,TRUE,16
(Intercept):2,-1.61241378498599,0.0595840623914443,TRUE,16
Covariate:1,0.595049501072431,0.0663839015607139,TRUE,16
Covariate:2,-0.369884147188528,0.0751635126395224,TRUE,16
1-1,0.0228032587507109,0.0400202936249426,TRUE,16
1-2,-0.0188488634265649,0.0209310681203125,TRUE,16
1-3,-0.00335311511341188,0.0134038368903732,TRUE,16
2-2,0.158206729329621,0.057954434955453,TRUE,16
2-3,0.00277944123718501,0.015951869510378,TRUE,16
3-3,-0.229349115494761,0.0279842354977567,TRUE,16
(Intercept):1,-1.01926147537682,0.0425184170065036,TRUE,16
(Intercept):2,-1.52480689861005,0.057433015272552,TRUE,16
Covariate:1,0.51166306225643,0.0635389280534483,TRUE,16
Covariate:2,-0.560410643501677,0.079025180640301,TRUE,16
1-1,0.06081722510069,0.0427373289316815,TRUE,16
1-2,-0.0421743993599147,0.0219152478700148,TRUE,16
1-3,-0.029365757987147,0.0138858073982516,FALSE,16
2-2,0.0992400229444787,0.0586984695830957,TRUE,16
2-3,-0.0209160106234212,0.016471766968115,TRUE,16
3-3,-0.270910088659147,0.0310075492496251,TRUE,16
(Intercept):1,-1.15044860678882,0.0408656752755677,TRUE,16
(Intercept):2,-1.66983473175686,0.0577996213910845,TRUE,16
Covariate:1,0.621447547906617,0.0660468635526847,TRUE,16
Covariate:2,-0.597733834149222,0.0845655653104037,TRUE,16
1-1,0.0333863059128161,0.0413252170678851,TRUE,16
1-2,0.0192383420037688,0.0211367608698913,TRUE,16
1-3,-0.016311497559254,0.0137838190651376,TRUE,16
2-2,0.168592988470542,0.0598256534723338,TRUE,16
2-3,-0.0197358751665506,0.0163833040284228,TRUE,16
3-3,-0.247833370738432,0.0286320180527189,TRUE,16
(Intercept):1,-1.16130009630833,0.0425053330558792,TRUE,16
(Intercept):2,-1.70733787890113,0.0583752812678797,TRUE,16
Covariate:1,0.514701582837541,0.0663651489530234,TRUE,16
Covariate:2,-0.60131006080042,0.0781620070048885,TRUE,16
1-1,0.164686916127733,0.0365189233970459,TRUE,16
1-2,0.00883104640654883,0.0224240217993897,TRUE,16
1-3,0.0198516414472214,0.0143347115615577,TRUE,16
2-2,0.188868861605079,0.0568780647948354,TRUE,16
2-3,0.0375329437880893,0.0171625902635493,FALSE,16
3-3,-0.1573831954502,0.0274495881796141,FALSE,16
(Intercept):1,-1.0439455289644,0.0415184128956894,TRUE,16
(Intercept):2,-1.62295995126517,0.0577299814434018,TRUE,16
Covariate:1,0.439070731384949,0.0676404067972822,TRUE,16
Covariate:2,-0.503298142063766,0.0788006036659425,TRUE,16
1-1,-0.00906692029032555,0.0467395664105992,FALSE,16
1-2,-0.0151677990490352,0.0213128809730582,TRUE,16
1-3,-0.0280273868326456,0.0137831326921552,FALSE,16
2-2,0.241633785540518,0.0530677053331619,TRUE,16
2-3,-0.0200485220162307,0.0164348660664799,TRUE,16
3-3,-0.227713039279159,0.0296676689842767,TRUE,16
(Intercept):1,-1.11101946134997,0.0425352145156786,TRUE,16
(Intercept):2,-1.66436926938445,0.0568590365002783,TRUE,16
Covariate:1,0.533427921470687,0.0639150715740622,TRUE,16
Covariate:2,-0.50888058529428,0.075602587921052,TRUE,16
1-1,0.0958060211065527,0.0379500281492424,TRUE,16
1-2,0.0202222520645559,0.0199568325773853,TRUE,16
1-3,-0.0288853485405319,0.0125717176410873,FALSE,16
2-2,0.233554556604584,0.0529267979030083,TRUE,16
2-3,-0.0151145451643525,0.014499342182805,TRUE,16
3-3,-0.226066239873302,0.0275369714085477,TRUE,16
(Intercept):1,-1.11322088108561,0.0432602047550235,TRUE,16
(Intercept):2,-1.52483401643366,0.0551977474821951,TRUE,16
Covariate:1,0.40792530395631,0.0638465062492207,TRUE,16
Covariate:2,-0.448988240349838,0.0787222427402321,TRUE,16
1-1,0.100426264916313,0.0404025634252992,TRUE,16
1-2,-0.0389156886969962,0.0224571004916192,TRUE,16
1-3,-0.0130295008106225,0.0140407776061563,TRUE,16
2-2,0.13454197819756,0.0563086953788268,TRUE,16
2-3,-0.0360055664201231,0.0156891210882511,FALSE,16
3-3,-0.253952249092172,0.0296699003693383,TRUE,16
(Intercept):1,-1.10030893333458,0.0424969853091068,TRUE,16
(Intercept):2,-1.57814052814846,0.055374163107935,TRUE,16
Covariate:1,0.496108154825092,0.0642416863707894,TRUE,16
Covariate:2,-0.705364718667217,0.0774791265105971,FALSE,16
1-1,0.144725187356124,0.0397980405156468,TRUE,16
1-2,0.0142437107794675,0.0214399375030336,TRUE,16
1-3,-0.008115727469247,0.0140233187309393,TRUE,16
2-2,0.191064695560489,0.05598411374273,TRUE,16
2-3,-0.00885715801904274,0.0158796118770286,TRUE,16
3-3,-0.171153574186028,0.0278918251140295,TRUE,16
(Intercept):1,-1.06561197052237,0.0434509114422608,TRUE,16
(Intercept):2,-1.62933026594061,0.0578768446065418,TRUE,16
Covariate:1,0.560229475323025,0.0596226554205137,TRUE,16
Covariate:2,-0.44659190612727,0.0740834479761465,TRUE,16
1-1,0.0635471223320328,0.0441448487452872,TRUE,16
1-2,0.00500958116845343,0.0207844541793744,TRUE,16
1-3,0.000918769355072591,0.0147910885180589,TRUE,16
2-2,0.160833906759481,0.0560580384277508,TRUE,16
2-3,0.0116721260458139,0.0159431751678965,TRUE,16
3-3,-0.179934333167198,0.0275399784230164,TRUE,16
(Intercept):1,-1.09293029659048,0.0428093856674906,TRUE,16
(Intercept):2,-1.60533361962836,0.0584843119398592,TRUE,16
Covariate:1,0.588718917345641,0.0623147233385275,TRUE,16
Covariate:2,-0.531522153250391,0.0725952521663974,TRUE,16
1-1,0.0789782995847327,0.0395635211218354,TRUE,16
1-2,0.00293738453206134,0.0213258811705852,TRUE,16
1-3,-0.0202703053842395,0.0135342714652012,TRUE,16
2-2,0.143368955004568,0.0606601245435328,TRUE,16
2-3,-0.0183945684062897,0.0164591843637275,TRUE,16
3-3,-0.240642754939194,0.0289876348592044,TRUE,16
(Intercept):1,-1.1218057627823,0.0415972254131377,TRUE,16
(Intercept):2,-1.54945363339467,0.0572319552983887,TRUE,16
Covariate:1,0.327018588775181,0.0668397549615721,FALSE,16
Covariate:2,-0.551107550462008,0.0742988392358952,TRUE,16
1-1,0.110268253032182,0.0409610776903607,TRUE,16
1-2,-0.00748271193616756,0.0214314315462729,TRUE,16
1-3,-0.00900728885028495,0.0136675378277057,TRUE,16
2-2,0.141134018915771,0.0585284118993292,TRUE,16
2-3,-0.0317120957623317,0.0159778683856084,FALSE,16
3-3,-0.232119506948677,0.0285508082303301,TRUE,16
(Intercept):1,-1.09790012267905,0.0425272570981654,TRUE,16
(Intercept):2,-1.61913663159817,0.056150535069968,TRUE,16
Covariate:1,0.417215578715247,0.0616165134805266,TRUE,16
Covariate:2,-0.558793397761536,0.0789528953197817,TRUE,16
1-1,0.10120535657099,0.042092732901343,TRUE,16
1-2,0.021111554022703,0.0204472832424284,TRUE,16
1-3,-0.0125349691236984,0.0132695897628128,TRUE,16
2-2,0.107615901277865,0.0620150579521047,TRUE,16
2-3,-0.00662749380729259,0.0152274543116913,TRUE,16
3-3,-0.168484866293365,0.0284153882789993,TRUE,16
(Intercept):1,-1.04068566577969,0.0425786586025112,TRUE,16
(Intercept):2,-1.61010686519262,0.0580304483537853,TRUE,16
Covariate:1,0.517157500534538,0.0643606558192708,TRUE,16
Covariate:2,-0.591009302325744,0.0791032393847222,TRUE,16
1-1,0.054324762980414,0.0416403480923954,TRUE,16
1-2,-0.000992942630960925,0.0216946159379469,TRUE,16
1-3,-0.00660060392487203,0.0142634553050386,TRUE,16
2-2,0.173058999031091,0.0632202724211606,TRUE,16
2-3,-0.0138386548602404,0.0167312079883495,TRUE,16
3-3,-0.201916384525265,0.0288713976769783,TRUE,16
(Intercept):1,-0.980105120441203,0.0418646192412026,FALSE,16
(Intercept):2,-1.53677213949623,0.0577703693569484,TRUE,16
Covariate:1,0.509957193866175,0.0679240594525257,TRUE,16
Covariate:2,-0.571310145249686,0.0781595256170492,TRUE,16
1-1,0.0198865852233052,0.0415535948381554,TRUE,16
1-2,-0.0105662293131448,0.021401098288284,TRUE,16
1-3,-0.016285652379823,0.0140564725520107,TRUE,16
2-2,0.10649426785256,0.0640300898702542,TRUE,16
2-3,-0.0022138730795227,0.0169572739750871,TRUE,16
3-3,-0.214928083958151,0.0314492242695404,TRUE,16
(Intercept):1,-1.07301844154309,0.0436112658200138,TRUE,16
(Intercept):2,-1.65775379175585,0.05748653892095,TRUE,16
Covariate:1,0.573801708836827,0.0639641853255123,TRUE,16
Covariate:2,-0.531152445640273,0.0766841145188148,TRUE,16
1-1,0.104744631611169,0.0395224279115009,TRUE,16
1-2,-0.00743916256269838,0.0204447894954418,TRUE,16
1-3,-0.00413069278406135,0.0137966475339421,TRUE,16
2-2,0.228180428787483,0.0483934413136945,TRUE,16
2-3,0.0159677285894163,0.0154439878144985,TRUE,16
3-3,-0.192895815709842,0.0276965771418244,TRUE,16
(Intercept):1,-1.1101409681263,0.0463144938597678,TRUE,16
(Intercept):2,-1.59434611523478,0.0567408538787047,TRUE,16
Covariate:1,0.493245556127409,0.0624787471358765,TRUE,16
Covariate:2,-0.483466154723624,0.0716642995786892,TRUE,16
1-1,0.0602939091945716,0.0451164848827795,TRUE,16
1-2,-0.0169251053050015,0.0211257833645902,TRUE,16
1-3,-0.00396713191622209,0.0147850243240432,TRUE,16
2-2,0.178636579797338,0.0566530487046214,TRUE,16
2-3,0.00452915766366848,0.0158904628054986,TRUE,16
3-3,-0.246239746911296,0.02869168260791,TRUE,16
(Intercept):1,-1.08371055831198,0.0422300051678158,TRUE,16
(Intercept):2,-1.59999008468943,0.0571806729663797,TRUE,16
Covariate:1,0.581542621231345,0.0632139554415685,TRUE,16
Covariate:2,-0.439230098594729,0.0789990859515362,TRUE,16
1-1,0.0898652382368895,0.0410485045746189,TRUE,16
1-2,-0.0271099000620977,0.0207654505483571,TRUE,16
1-3,-0.0379574577553656,0.0137201250597232,FALSE,16
2-2,0.218531491863842,0.0568324556699463,TRUE,16
2-3,-0.033616401463549,0.0162458431048249,FALSE,16
3-3,-0.255177087229577,0.0281494898723518,TRUE,16
(Intercept):1,-1.08113297261879,0.0434857272731147,TRUE,16
(Intercept):2,-1.57354323392274,0.0546237694604137,TRUE,16
Covariate:1,0.485221696427548,0.0619116529677526,TRUE,16
Covariate:2,-0.511425727635864,0.0779068438157868,TRUE,16
1-1,0.109655853715454,0.0391423375172692,TRUE,16
1-2,0.00186565660615898,0.0216238491325474,TRUE,16
1-3,-0.00346955187305699,0.0145299756737201,TRUE,16
2-2,0.185932784480933,0.0609083042014563,TRUE,16
2-3,-0.0140957101179947,0.0158249228681242,TRUE,16
3-3,-0.238386491372349,0.0286954800136789,TRUE,16
(Intercept):1,-1.03765693927361,0.0421356507565156,TRUE,16
(Intercept):2,-1.63336346957434,0.0570269659124009,TRUE,16
Covariate:1,0.544492908655072,0.0647669969160778,TRUE,16
Covariate:2,-0.526862941039506,0.0746436731627172,TRUE,16
1-1,-0.00215011352242559,0.0404507830651018,FALSE,16
1-2,-0.0158049755439408,0.0202665914354894,TRUE,16
1-3,-0.0364713538515615,0.0135159083506016,FALSE,16
2-2,0.234824505568748,0.0502867358432651,TRUE,16
2-3,-0.0328961466885226,0.0164794472793408,FALSE,16
3-3,-0.299166650041978,0.0288487146481002,FALSE,16
(Intercept):1,-1.08907218737188,0.0428194814856737,TRUE,16
(Intercept):2,-1.67630390277717,0.0555877165612912,TRUE,16
Covariate:1,0.587444622996891,0.0633246024936076,TRUE,16
Covariate:2,-0.452526432683261,0.0748979234917008,TRUE,16
1-1,0.125644592090073,0.0376016497985226,TRUE,16
1-2,0.00322474580031228,0.020393396699674,TRUE,16
1-3,-0.00467270999350452,0.0141835227211033,TRUE,16
2-2,0.307355794482754,0.0468109084611575,FALSE,16
2-3,0.0047266080850502,0.0156209900805928,TRUE,16
3-3,-0.236047650096331,0.0286459704456503,TRUE,16
(Intercept):1,-1.12903109094903,0.0431645731463172,TRUE,16
(Intercept):2,-1.56608981443717,0.0549897317727082,TRUE,16
Covariate:1,0.559567775286884,0.0634242650856459,TRUE,16
Covariate:2,-0.411541191229301,0.0729182139870724,TRUE,16
1-1,0.104388189465582,0.0405639899148878,TRUE,16
1-2,-0.0283568293395997,0.0213764349722895,TRUE,16
1-3,-0.000315829208161034,0.014202891190945,TRUE,16
2-2,0.256622828659931,0.0562101842693916,TRUE,16
2-3,-0.0188381754500455,0.015370062302681,TRUE,16
3-3,-0.258281524187691,0.028628345972571,TRUE,16
(Intercept):1,-1.0522573127166,0.0430770040740741,TRUE,16
(Intercept):2,-1.67528911107048,0.0573149357073995,TRUE,16
Covariate:1,0.556731769569545,0.0658226721574974,TRUE,16
Covariate:2,-0.56170031423543,0.0764147476072996,TRUE,16
1-1,0.0876284674967746,0.0428617140076281,TRUE,16
1-2,0.0249456235351687,0.021704824087302,TRUE,16
1-3,0.00751359656991198,0.0139687676292728,TRUE,16
2-2,0.209710979552836,0.0561075908689843,TRUE,16
2-3,0.0383521698597389,0.0155440496060484,FALSE,16
3-3,-0.141970108862811,0.0269568688530475,FALSE,16
(Intercept):1,-1.09459497168351,0.0420498860433316,TRUE,16
(Intercept):2,-1.66606300831884,0.0557953708207863,TRUE,16
Covariate:1,0.496711360980283,0.0638720951659109,TRUE,16
Covariate:2,-0.591036693708962,0.0753932660564355,TRUE,16
1-1,0.100668997489651,0.0381171482011007,TRUE,16
1-2,0.0359481694088148,0.0202862019253997,TRUE,16
1-3,0.00395881414552922,0.0141299400779691,TRUE,16
2-2,0.241569700377971,0.0535657217389465,TRUE,16
2-3,0.0104369368252845,0.0150225573804672,TRUE,16
3-3,-0.178431767631667,0.0295715013663421,TRUE,16
(Intercept):1,-1.14486208479953,0.0433524314829593,TRUE,16
(Intercept):2,-1.60681353605245,0.0534961046725237,TRUE,16
Covariate:1,0.415086127102004,0.0642932808804048,TRUE,16
Covariate:2,-0.58045709813866,0.0768198033671823,TRUE,16
1-1,0.0464649350734396,0.0449833562112141,TRUE,16
1-2,-0.0365293421902505,0.021021692717029,TRUE,16
1-3,-0.0166583989018679,0.013380738807928,TRUE,16
2-2,0.130395294406491,0.0610827188145317,TRUE,16
2-3,-0.0288348291538985,0.0150483938517921,TRUE,16
3-3,-0.28180942212079,0.027972096350798,FALSE,16
(Intercept):1,-1.105432919373,0.0425417369785249,TRUE,16
(Intercept):2,-1.59584904883716,0.0565482651314769,TRUE,16
Covariate:1,0.443206958928672,0.0608805856785749,TRUE,16
Covariate:2,-0.513503507886576,0.0754117133444723,TRUE,16
1-1,0.0718928072236705,0.0414262128133782,TRUE,16
1-2,0.0292358241663544,0.0206468476424119,TRUE,16
1-3,0.0131196677616357,0.013850676931673,TRUE,16
2-2,0.123519968894492,0.0634610939547047,TRUE,16
2-3,-0.00690802164114118,0.0157191964955939,TRUE,16
3-3,-0.173871670862286,0.0282362693949423,TRUE,16
(Intercept):1,-1.07235783129514,0.041071040162759,TRUE,16
(Intercept):2,-1.59445656640801,0.0567356039145852,TRUE,16
Covariate:1,0.406496482823717,0.0609591208516468,TRUE,16
Covariate:2,-0.591791699734515,0.0742271565348306,TRUE,16
1-1,0.163156785265093,0.0375624227849315,TRUE,16
1-2,-0.00458484470482799,0.0206306841819443,TRUE,16
1-3,0.000350193414643335,0.0139853684033625,TRUE,16
2-2,0.107303074117325,0.0668675515063951,TRUE,16
2-3,-0.000459833272314113,0.0159837312514273,TRUE,16
3-3,-0.202185894984742,0.0302389813065982,TRUE,16
(Intercept):1,-1.09650229669839,0.0424823496101919,TRUE,16
(Intercept):2,-1.59379891998157,0.0554827623035433,TRUE,16
Covariate:1,0.385037403863049,0.0602401482325826,TRUE,16
Covariate:2,-0.479604705717757,0.0764044440577113,TRUE,16
1-1,0.0746579536400143,0.0407245487208021,TRUE,16
1-2,-0.034004282536644,0.0223098592288122,TRUE,16
1-3,-0.0233845230642387,0.0136705030913936,TRUE,16
2-2,0.149448042708586,0.0536077852273747,TRUE,16
2-3,-0.0172097101037521,0.0155130103772928,TRUE,16
3-3,-0.210456949173752,0.0276786645822604,TRUE,16
(Intercept):1,-1.10803013498596,0.0417696995266321,TRUE,16
(Intercept):2,-1.6361109585471,0.0596378019534174,TRUE,16
Covariate:1,0.556455894827921,0.0626685081484232,TRUE,16
Covariate:2,-0.390603939281616,0.0806332507776726,TRUE,16
1-1,0.085933034752459,0.0412755754284239,TRUE,16
1-2,-0.000347404200196522,0.0204736839510521,TRUE,16
1-3,0.000946043402054781,0.0132401204565277,TRUE,16
2-2,0.186882007339049,0.0523285920804711,TRUE,16
2-3,0.00871597038057343,0.0163918819783447,TRUE,16
3-3,-0.235308786634383,0.0281312518134283,TRUE,16
(Intercept):1,-1.05268773287725,0.0424737370529151,TRUE,16
(Intercept):2,-1.54268718376722,0.0573297687061206,TRUE,16
Covariate:1,0.52259532894666,0.066148517008112,TRUE,16
Covariate:2,-0.477435629807192,0.0778408486976424,TRUE,16
1-1,0.0688977489040124,0.0397163593313784,TRUE,16
1-2,-0.0513415052266466,0.0217028138486454,FALSE,16
1-3,-0.0229913955480096,0.0144467326876711,TRUE,16
2-2,0.149752113261547,0.053741653041969,TRUE,16
2-3,-0.0397885896539785,0.0166797555758862,FALSE,16
3-3,-0.269438847714425,0.0290089891230387,TRUE,16
(Intercept):1,-1.09799435954198,0.044642408461704,TRUE,16
(Intercept):2,-1.63466582355869,0.0550670917746665,TRUE,16
Covariate:1,0.523267429442585,0.0649062709262975,TRUE,16
Covariate:2,-0.42081807651408,0.0785265701267897,TRUE,16
1-1,0.115771447182075,0.0393215658959992,TRUE,16
1-2,-0.00133523577035431,0.0204715004307602,TRUE,16
1-3,-0.00771043648981512,0.0139864978274354,TRUE,16
2-2,0.149968364618139,0.0615893161453743,TRUE,16
2-3,-0.0106872886613797,0.0156996809143189,TRUE,16
3-3,-0.263496592616847,0.028488660782142,TRUE,16
(Intercept):1,-1.07196183033585,0.0418934472607707,TRUE,16
(Intercept):2,-1.65206823759717,0.0593291129641481,TRUE,16
Covariate:1,0.55734975405869,0.06244339263091,TRUE,16
Covariate:2,-0.526382570634458,0.0764361899486161,TRUE,16
1-1,0.0672408690103868,0.0419600470942072,TRUE,16
1-2,0.0232263828033358,0.0207724914989099,TRUE,16
1-3,0.000913192661429505,0.0136946759724421,TRUE,16
2-2,0.119678938513896,0.0652553760787549,TRUE,16
2-3,0.00579134943122868,0.015632794933904,TRUE,16
3-3,-0.223580172680158,0.0279107627525348,TRUE,16
(Intercept):1,-1.11823856276389,0.04449866530612,TRUE,16
(Intercept):2,-1.58135055637242,0.054742083496614,TRUE,16
Covariate:1,0.562903109073778,0.0596305446910975,TRUE,16
Covariate:2,-0.488579315115434,0.0758143011070925,TRUE,16
1-1,0.107654610929231,0.0405743806472992,TRUE,16
1-2,-0.00965935895760244,0.0220509864327725,TRUE,16
1-3,0.00333109035294721,0.01440674712892,TRUE,16
2-2,0.182082841192473,0.0540784521438783,TRUE,16
2-3,0.00111614642972814,0.015456760771921,TRUE,16
3-3,-0.203760575791787,0.0276173075479192,TRUE,16
(Intercept):1,-1.14261883148703,0.0446035111094511,TRUE,16
(Intercept):2,-1.59246755376535,0.0573244394499083,TRUE,16
Covariate:1,0.610038156359039,0.0645774824517249,TRUE,16
Covariate:2,-0.424598319261545,0.0740950747682961,TRUE,16
1-1,0.124167068092007,0.0370571802156539,TRUE,16
1-2,-0.0175584152151613,0.0206330739029221,TRUE,16
1-3,0.0143895887552676,0.0141085510277712,TRUE,16
2-2,0.216671338337891,0.0580679258021392,TRUE,16
2-3,0.00410109108644815,0.0162623157357338,TRUE,16
3-3,-0.233369099461719,0.0300725848002657,TRUE,16
(Intercept):1,-1.10464791274204,0.0463330580337154,TRUE,16
(Intercept):2,-1.6008418022302,0.0576716739760294,TRUE,16
Covariate:1,0.441792383181526,0.0665545831317423,TRUE,16
Covariate:2,-0.581162123889735,0.0758336616049804,TRUE,16
1-1,0.0614509549826055,0.0459140458790474,TRUE,16
1-2,0.0214886936553889,0.0207139061892243,TRUE,16
1-3,0.00599596299332753,0.014303509022579,TRUE,16
2-2,0.124166902218863,0.0587042028150457,TRUE,16
2-3,0.0181976428193641,0.0159905658103898,TRUE,16
3-3,-0.208527095440503,0.0286774018701027,TRUE,16
(Intercept):1,-1.02257567196557,0.0421662568659909,TRUE,16
(Intercept):2,-1.58961566862812,0.0583468024628494,TRUE,16
Covariate:1,0.47169306450726,0.0658423567564183,TRUE,16
Covariate:2,-0.666692317754838,0.0773540530150801,FALSE,16
1-1,0.07893023488872,0.0402939975277543,TRUE,16
1-2,-0.0115327370622442,0.0216669040628561,TRUE,16
1-3,-0.0214271457590589,0.0142748226562252,TRUE,16
2-2,0.222169915326034,0.0538098329005646,TRUE,16
2-3,-0.0121315002682086,0.0168025065447292,TRUE,16
3-3,-0.220326833221517,0.0283812152364953,TRUE,16
(Intercept):1,-1.08358821454179,0.0451408002158455,TRUE,16
(Intercept):2,-1.61069334996235,0.0552732330172712,TRUE,16
Covariate:1,0.540477589611039,0.0672301202838979,TRUE,16
Covariate:2,-0.470728800014854,0.0780350782014723,TRUE,16
1-1,0.0901203289880147,0.0465625620915093,TRUE,16
1-2,0.0149257165182208,0.0206932963427388,TRUE,16
1-3,-0.0117267990546012,0.0141290365230842,TRUE,16
2-2,0.210894318259024,0.0551269509503796,TRUE,16
2-3,-0.0114658924060849,0.015995753948372,TRUE,16
3-3,-0.199788232410932,0.0283992755213956,TRUE,16
(Intercept):1,-1.08405279612778,0.0419297445542246,TRUE,16
(Intercept):2,-1.52840664900655,0.05553826108148,TRUE,16
Covariate:1,0.540862630173893,0.0650972982421706,TRUE,16
Covariate:2,-0.407473971730558,0.0773840399818458,TRUE,16
1-1,0.0947711491977741,0.0400839911170938,TRUE,16
1-2,-0.00621214712944367,0.0208397547941104,TRUE,16
1-3,-0.0233148039968272,0.0135959579894639,TRUE,16
2-2,0.178169229575414,0.057212764389877,TRUE,16
2-3,-0.0275710031116878,0.0157322702183405,TRUE,16
3-3,-0.232746889170079,0.0284134273791877,TRUE,16
(Intercept):1,-1.12613733262135,0.0420573202155297,TRUE,16
(Intercept):2,-1.65489466762908,0.0554442265797045,TRUE,16
Covariate:1,0.476247036963973,0.0629113295310318,TRUE,16
Covariate:2,-0.504607335392818,0.0772569574111979,TRUE,16
1-1,0.113917595971545,0.0430614843232419,TRUE,16
1-2,0.0294894108463898,0.0207986237854715,TRUE,16
1-3,-0.0123454592712504,0.0133104062229066,TRUE,16
2-2,0.139071316936623,0.061281631694114,TRUE,16
2-3,0.00147437117890688,0.0154431497198103,TRUE,16
3-3,-0.202865478079745,0.0271897251843591,TRUE,16
(Intercept):1,-1.13483964497472,0.0437674512703389,TRUE,16
(Intercept):2,-1.58511916546267,0.0573085847386454,TRUE,16
Covariate:1,0.567160162820442,0.0687354515414301,TRUE,16
Covariate:2,-0.489819827391131,0.0774797150451536,TRUE,16
1-1,0.0757148951458022,0.0407745476525376,TRUE,16
1-2,-0.00181113623600945,0.0209922986403897,TRUE,16
1-3,0.00325498961574911,0.0138644692502708,TRUE,16
2-2,0.240764775877657,0.049275126410286,TRUE,16
2-3,-0.0127265444666865,0.0155480284101872,TRUE,16
3-3,-0.214391732185796,0.026655833351819,TRUE,16
(Intercept):1,-1.15308786012416,0.0441750852901208,TRUE,16
(Intercept):2,-1.57254054038276,0.0557680862284975,TRUE,16
Covariate:1,0.560824419290013,0.0638497630807233,TRUE,16
Covariate:2,-0.36615173873383,0.0782776773398866,TRUE,16
1-1,0.104888937610771,0.0387638212341649,TRUE,16
1-2,-0.0313635750429879,0.0219290629785315,TRUE,16
1-3,0.00387692587639764,0.0141032970989743,TRUE,16
2-2,0.14957858875471,0.0558016936662527,TRUE,16
2-3,-0.0137675224976986,0.0162921331195018,TRUE,16
3-3,-0.268869439246034,0.0283145378873885,TRUE,16
(Intercept):1,-1.14197039874066,0.0415323371838876,TRUE,16
(Intercept):2,-1.5881884790701,0.0565565320828785,TRUE,16
Covariate:1,0.554118732758402,0.0626574145393013,TRUE,16
Covariate:2,-0.439820483038797,0.0782810133236179,TRUE,16
1-1,0.117879997325423,0.0422819251758867,TRUE,16
1-2,-0.0156082717807251,0.0218345913349514,TRUE,16
1-3,-0.0167646057137323,0.0130941983122421,TRUE,16
2-2,0.098733616135495,0.0668918462016238,TRUE,16
2-3,-0.0327722342816113,0.0155447578598373,FALSE,16
3-3,-0.219215450277748,0.0279678252994079,TRUE,16
(Intercept):1,-1.04414680366264,0.0425419752715438,TRUE,16
(Intercept):2,-1.56531330315878,0.0589940095888107,TRUE,16
Covariate:1,0.372866741671945,0.064572368901466,FALSE,16
Covariate:2,-0.383224170415942,0.0773029306683199,TRUE,16
1-1,0.113667207520194,0.04241161902641,TRUE,16
1-2,-0.00634722135837859,0.0207972493631149,TRUE,16
1-3,-0.00649029861932354,0.0140604326557387,TRUE,16
2-2,0.224353812080109,0.0568288615574117,TRUE,16
2-3,-0.0123712871060614,0.0155400022955763,TRUE,16
3-3,-0.201526721851085,0.0283428914033158,TRUE,16
(Intercept):1,-1.08505319266977,0.0422589519260927,TRUE,16
(Intercept):2,-1.63490178813022,0.0556202490030379,TRUE,16
Covariate:1,0.397916791728367,0.0628992550064246,TRUE,16
Covariate:2,-0.529985083310658,0.0778452060340933,TRUE,16
1-1,0.0869359018044991,0.0392801252699945,TRUE,16
1-2,-0.00750276608862535,0.0209311776301319,TRUE,16
1-3,-0.0232708367866505,0.0138239071270584,TRUE,16
2-2,0.23795632198147,0.0561871366659172,TRUE,16
2-3,-0.0299841069111151,0.0162596576719688,TRUE,16
3-3,-0.242099532715188,0.029524995733613,TRUE,16
(Intercept):1,-1.09226403736479,0.0436538839729139,TRUE,16
(Intercept):2,-1.66001285005313,0.0572585991739971,TRUE,16
Covariate:1,0.418221905409118,0.0632848919628019,TRUE,16
Covariate:2,-0.563605535858912,0.0794202351933542,TRUE,16
1-1,0.0925852982721527,0.0420369744298001,TRUE,16
1-2,-0.0248012539669126,0.0204577421485758,TRUE,16
1-3,-0.00362937354838465,0.0137991068297507,TRUE,16
2-2,0.252633258054272,0.0506751113886144,TRUE,16
2-3,0.00985871315444622,0.0157087996508258,TRUE,16
3-3,-0.253308610297475,0.0287634320277434,TRUE,16
(Intercept):1,-1.13818131221833,0.0440470692014288,TRUE,16
(Intercept):2,-1.69166152961862,0.055992771923816,TRUE,16
Covariate:1,0.545095931100217,0.0657450633213617,TRUE,16
Covariate:2,-0.553934759939506,0.0756131196603811,TRUE,16
1-1,0.02266105190292,0.0452035122897035,TRUE,16
1-2,0.0190177825916589,0.0216479312678486,TRUE,16
1-3,0.0129710598794774,0.0139091213965315,TRUE,16
2-2,0.187922739488277,0.0582442776276927,TRUE,16
2-3,0.0198066325039156,0.015519023839344,TRUE,16
3-3,-0.230899825747132,0.0279892701678504,TRUE,16
(Intercept):1,-0.966800736526081,0.04115496206496,FALSE,16
(Intercept):2,-1.68994814764217,0.0564573650124129,TRUE,16
Covariate:1,0.413309162654523,0.0615864723545431,TRUE,16
Covariate:2,-0.475894558142688,0.0766058819686423,TRUE,16
1-1,0.0822224672058531,0.0387066565684745,TRUE,16
1-2,-0.0175511373598841,0.020758511229635,TRUE,16
1-3,-0.0203816281186985,0.0132170483440815,TRUE,16
2-2,0.305145320765591,0.0541871341216575,FALSE,16
2-3,0.0251580273963075,0.0159012537745325,TRUE,16
3-3,-0.191074411487065,0.0280371422013225,TRUE,16
(Intercept):1,-1.05527716994956,0.0426164745671984,TRUE,16
(Intercept):2,-1.62262150871853,0.0582516946353935,TRUE,16
Covariate:1,0.523524331165388,0.0635601172089824,TRUE,16
Covariate:2,-0.469865379865164,0.0716047471114915,TRUE,16
1-1,0.0390496556479898,0.0394478705224068,TRUE,16
1-2,-0.0357394164806663,0.0205253751158695,TRUE,16
1-3,-0.0261584223041597,0.0133065067947792,FALSE,16
2-2,0.277174023534099,0.0515682712895604,TRUE,16
2-3,-0.0228420776040133,0.0151480957693551,TRUE,16
3-3,-0.279241801366657,0.0282463198928,FALSE,16
(Intercept):1,-1.08631567078039,0.0429937445838995,TRUE,16
(Intercept):2,-1.62432633339745,0.0587895838202383,TRUE,16
Covariate:1,0.460894401742945,0.0636020060883713,TRUE,16
Covariate:2,-0.481152616123937,0.0811113773162958,TRUE,16
1-1,0.0520977779161318,0.0406025667675138,TRUE,16
1-2,0.00789579227768872,0.0221940249500366,TRUE,16
1-3,-0.0163463740109121,0.0136764068867444,TRUE,16
2-2,0.0963923872918608,0.0684741524850753,TRUE,16
2-3,-0.0285936197222686,0.0159583272776711,TRUE,16
3-3,-0.258067922359022,0.0283911891055633,TRUE,16
(Intercept):1,-1.10340797530673,0.0453317652718151,TRUE,16
(Intercept):2,-1.60647684366829,0.0558549923417704,TRUE,16
Covariate:1,0.510515822920183,0.0633245162515185,TRUE,16
Covariate:2,-0.370786492081206,0.0752003068789373,TRUE,16
1-1,0.0574001212220463,0.0426146463413575,TRUE,16
1-2,-0.0162455856542841,0.0210230431095348,TRUE,16
1-3,-0.0150145389258775,0.0134557812839632,TRUE,16
2-2,0.27618874214773,0.0469928201394774,FALSE,16
2-3,-0.00851962695338244,0.0158576343431784,TRUE,16
3-3,-0.212325826318962,0.0276419980215616,TRUE,16
(Intercept):1,-1.11466508297513,0.0441989257101021,TRUE,16
(Intercept):2,-1.60601053969526,0.0574654275244648,TRUE,16
Covariate:1,0.424930049255056,0.063491634566554,TRUE,16
Covariate:2,-0.526306962779816,0.0734593624923468,TRUE,16
1-1,-0.0102349425082415,0.0438218698163692,FALSE,16
1-2,-0.0357397104976437,0.0223521981204469,TRUE,16
1-3,-0.0144216754879285,0.013815214108796,TRUE,16
2-2,0.091556450709802,0.0646151860123131,TRUE,16
2-3,-0.00968829980168401,0.0155864402922481,TRUE,16
3-3,-0.290788049863543,0.027622887033977,FALSE,16
(Intercept):1,-1.0889616721829,0.0438067416569119,TRUE,16
(Intercept):2,-1.58214195952174,0.0591775597026862,TRUE,16
Covariate:1,0.525518869062575,0.068319243045364,TRUE,16
Covariate:2,-0.497930957297363,0.0775911764584216,TRUE,16
1-1,0.107299124269892,0.0468089247217421,TRUE,16
1-2,-0.0266971676001673,0.0220132320092421,TRUE,16
1-3,-0.00486371393696518,0.0136391684303232,TRUE,16
2-2,0.317310395447223,0.0532112732910978,FALSE,16
2-3,-0.027575584806412,0.016969864456229,TRUE,16
3-3,-0.197320437110982,0.0282821361920809,TRUE,16
(Intercept):1,-1.07426428250067,0.0409341146027323,TRUE,16
(Intercept):2,-1.6196611411551,0.0573684958781977,TRUE,16
Covariate:1,0.456938816827006,0.0663606400354884,TRUE,16
Covariate:2,-0.612186112592121,0.080579171633572,TRUE,16
1-1,0.0614964044783741,0.0389237582285551,TRUE,16
1-2,0.00147168805947776,0.0208027785729039,TRUE,16
1-3,-0.0151807437068376,0.0143836046247949,TRUE,16
2-2,0.199736478198943,0.0504912689629995,TRUE,16
2-3,-0.0152490096055576,0.0158268049470035,TRUE,16
3-3,-0.265197177351935,0.0282707384540045,TRUE,16
(Intercept):1,-0.991487814402817,0.0412769321059937,FALSE,16
(Intercept):2,-1.61642356479103,0.055992084888568,TRUE,16
Covariate:1,0.521477563106419,0.0634990112139218,TRUE,16
Covariate:2,-0.486351442276945,0.0737527665096302,TRUE,16
1-1,0.0320506906764059,0.0385765312812541,TRUE,16
1-2,-0.000203828612380953,0.020713982301095,TRUE,16
1-3,-0.00609203280701867,0.0131828686304209,TRUE,16
2-2,0.234390385617633,0.0460674519232985,TRUE,16
2-3,0.00097858163145057,0.0151342765934279,TRUE,16
3-3,-0.207780372208218,0.0273348284635578,TRUE,16
(Intercept):1,-1.04795386890573,0.0419797760515,TRUE,16
(Intercept):2,-1.54693283599858,0.0584715655870238,TRUE,16
Covariate:1,0.481848640205,0.0671433074737852,TRUE,16
Covariate:2,-0.515698854549285,0.0771385790149686,TRUE,16
1-1,0.00840219757051576,0.0428665284505172,FALSE,16
1-2,-0.0332591627442733,0.0217882399396713,TRUE,16
1-3,-0.00727582354864868,0.0144673332127058,TRUE,16
2-2,0.166957762473844,0.0587745597858971,TRUE,16
2-3,-0.00688610344642078,0.0161696060313312,TRUE,16
3-3,-0.266296904178472,0.028733674555147,TRUE,16
(Intercept):1,-1.00854130084919,0.0422253282259513,FALSE,16
(Intercept):2,-1.54989227997087,0.0576635142788719,TRUE,16
Covariate:1,0.505705867522755,0.0680373432910243,TRUE,16
Covariate:2,-0.418135111339314,0.0753486190626506,TRUE,16
1-1,0.0823276594172274,0.0394532803996864,TRUE,16
1-2,-0.0522588547243571,0.0211358361955133,FALSE,16
1-3,-0.0320152237746974,0.0136322093601208,FALSE,16
2-2,0.143586800494298,0.0584178517526637,TRUE,16
2-3,-0.0165407849090245,0.0162580139725356,TRUE,16
3-3,-0.216171698909248,0.0265745294304894,TRUE,16
(Intercept):1,-1.10009071793376,0.0425887662656705,TRUE,16
(Intercept):2,-1.51998971752714,0.055148695894209,TRUE,16
Covariate:1,0.536869654908179,0.0659681407900267,TRUE,16
Covariate:2,-0.45293732594071,0.0754756222105962,TRUE,16
1-1,0.104877917244654,0.0405875441688917,TRUE,16
1-2,-0.00103298348735826,0.0203257888761108,TRUE,16
1-3,0.0042108737799609,0.0141402789660491,TRUE,16
2-2,0.1405879834782,0.0568920675897205,TRUE,16
2-3,0.00314619485215108,0.0160992542866258,TRUE,16
3-3,-0.23100906759341,0.0303299046196798,TRUE,16
(Intercept):1,-1.0440982727788,0.0430615448018447,TRUE,16
(Intercept):2,-1.5629261256633,0.0594091663440677,TRUE,16
Covariate:1,0.507287549269333,0.0653167261964314,TRUE,16
Covariate:2,-0.48247458349361,0.0785903284223356,TRUE,16
1-1,0.110067479082628,0.0432529299480153,TRUE,16
1-2,-0.015758127728037,0.0215892844895378,TRUE,16
1-3,0.000827654711911713,0.0134168328717894,TRUE,16
2-2,0.0800681063860005,0.0640357324789267,TRUE,16
2-3,0.00426515236496953,0.0162346337162034,TRUE,16
3-3,-0.185522549806504,0.0279610242039362,TRUE,16
(Intercept):1,-1.14258681639991,0.0428571986149833,TRUE,16
(Intercept):2,-1.64289495873059,0.0549036584898649,TRUE,16
Covariate:1,0.504526494875463,0.0650355396615553,TRUE,16
Covariate:2,-0.532235021025937,0.0781524395271998,TRUE,16
1-1,0.0915938427393095,0.0463621213237696,TRUE,16
1-2,0.0141318783090193,0.0218199884092903,TRUE,16
1-3,0.00370888676203795,0.0135042493029252,TRUE,16
2-2,0.228355561754057,0.0568393529548231,TRUE,16
2-3,-0.00281022486618868,0.0159860603582301,TRUE,16
3-3,-0.228728215206829,0.0279825294782411,TRUE,16
(Intercept):1,-1.13396502116395,0.0429954075807892,TRUE,16
(Intercept):2,-1.61170328979032,0.0567152356287836,TRUE,16
Covariate:1,0.698228880377016,0.0626394787066348,FALSE,16
Covariate:2,-0.343526346007688,0.0753152180606007,FALSE,16
1-1,0.0884794319289598,0.0398970956052317,TRUE,16
1-2,0.014215779868762,0.0203402734330964,TRUE,16
1-3,0.0131987402183835,0.0139554190355038,TRUE,16
2-2,0.129911114519138,0.0598032185823216,TRUE,16
2-3,0.0165001003870818,0.0159820838828002,TRUE,16
3-3,-0.246565882918599,0.0291820219228424,TRUE,16
(Intercept):1,-1.13189796955773,0.0435424037816509,TRUE,16
(Intercept):2,-1.64737246953603,0.057654867124813,TRUE,16
Covariate:1,0.502644829065915,0.0689329155825368,TRUE,16
Covariate:2,-0.6427809854216,0.078419985062754,TRUE,16
1-1,0.0541891347951943,0.0439493199174793,TRUE,16
1-2,-0.011796881502077,0.0206704103573116,TRUE,16
1-3,-0.0113296911848053,0.0147454521754035,TRUE,16
2-2,0.130525899023562,0.0581422986296806,TRUE,16
2-3,-0.0031221698192026,0.0166656728776997,TRUE,16
3-3,-0.252716678432624,0.0291194179416217,TRUE,16
(Intercept):1,-1.09245387245314,0.0408687356423422,TRUE,16
(Intercept):2,-1.531399521917,0.0551175055262446,TRUE,16
Covariate:1,0.561653909263481,0.0627325351991637,TRUE,16
Covariate:2,-0.452484833874696,0.0764080543362371,TRUE,16
1-1,0.129388965977012,0.0384312537082045,TRUE,16
1-2,-0.0225526884355744,0.0207365888008351,TRUE,16
1-3,-0.0200585863887495,0.0129556811011639,TRUE,16
2-2,0.127165909382432,0.0568685793804869,TRUE,16
2-3,-0.0152393507045305,0.0159164484808657,TRUE,16
3-3,-0.203073413277012,0.029231022604918,TRUE,16
(Intercept):1,-1.08889698175238,0.0425511135193334,TRUE,16
(Intercept):2,-1.65996310857256,0.0584171995183947,TRUE,16
Covariate:1,0.487298288662656,0.0624270630529948,TRUE,16
Covariate:2,-0.470032025503588,0.078040642045238,TRUE,16
1-1,0.09472377736517,0.0397442945057602,TRUE,16
1-2,-0.0104575598604434,0.0202109627779895,TRUE,16
1-3,-0.00311764817369997,0.0127214868005131,TRUE,16
2-2,0.261709428250861,0.0481617739720618,TRUE,16
2-3,0.000540558584483819,0.0153077306416861,TRUE,16
3-3,-0.213133950385452,0.0275284010765947,TRUE,16
(Intercept):1,-1.1200391363742,0.0430306059570254,TRUE,16
(Intercept):2,-1.61124582847411,0.0567612749158261,TRUE,16
Covariate:1,0.342940143225055,0.064653297590191,FALSE,16
Covariate:2,-0.640506334307708,0.077109041867291,TRUE,16
1-1,0.0665285239053211,0.043215902323297,TRUE,16
1-2,0.00475398010632722,0.0207164210003454,TRUE,16
1-3,0.00362749538910689,0.0145125364836845,TRUE,16
2-2,0.212393673713985,0.0556283063150871,TRUE,16
2-3,0.00635231161657837,0.015544645558352,TRUE,16
3-3,-0.244554500490672,0.0295585343207679,TRUE,16
(Intercept):1,-1.01214621862245,0.0411973005284337,FALSE,16
(Intercept):2,-1.67767765328852,0.0576442595277689,TRUE,16
Covariate:1,0.452889794563522,0.0629317548994593,TRUE,16
Covariate:2,-0.508813101324393,0.0782851367809318,TRUE,16
1-1,0.040097630740851,0.0411738146305694,TRUE,16
1-2,0.0276008260393188,0.0209589146189215,TRUE,16
1-3,-0.0264087828226337,0.0143700176297074,TRUE,16
2-2,0.0885243640930834,0.0686537536245275,TRUE,16
2-3,0.0163388072295319,0.0163337221976587,TRUE,16
3-3,-0.217222256653573,0.0292578855582477,TRUE,16
(Intercept):1,-1.18848561723786,0.0457383923470549,FALSE,16
(Intercept):2,-1.51366285852421,0.0553690989269861,TRUE,16
Covariate:1,0.463298222575054,0.0630220448106193,TRUE,16
Covariate:2,-0.416981507869035,0.0725468769262839,TRUE,16
1-1,0.133881789535284,0.0416686115907177,TRUE,16
1-2,-0.0130203238199681,0.0217004340872781,TRUE,16
1-3,0.0145215934849714,0.0138335748917233,TRUE,16
2-2,0.132615123194916,0.0624544095392914,TRUE,16
2-3,-0.0208155487707115,0.0159071312524134,TRUE,16
3-3,-0.245786560102203,0.0284173141903021,TRUE,16
(Intercept):1,-1.00007981267498,0.0385860507890587,FALSE,16
(Intercept):2,-1.55720598312834,0.0537112730653815,TRUE,16
Covariate:1,0.505594299280842,0.0651892204023242,TRUE,16
Covariate:2,-0.395293328250224,0.073040853628855,TRUE,16
1-1,0.0869369558296011,0.0392577095439126,TRUE,16
1-2,-0.0372544854101748,0.0200861013268121,TRUE,16
1-3,-0.0499860744522061,0.0128926107081593,FALSE,16
2-2,0.167141655420265,0.0527360195312796,TRUE,16
2-3,-0.0272138303799841,0.0153785666824381,TRUE,16
3-3,-0.276775366633322,0.0292350131666982,TRUE,16
(Intercept):1,-1.11414034393419,0.0438150768604454,TRUE,16
(Intercept):2,-1.53867406376808,0.0569153892512193,TRUE,16
Covariate:1,0.425959315944617,0.0625075508377131,TRUE,16
Covariate:2,-0.459742879607262,0.0729398054113769,TRUE,16
1-1,0.115770516125129,0.0399988003283443,TRUE,16
1-2,-0.0334643675144339,0.0199990594933168,TRUE,16
1-3,-0.0221410417862478,0.0133586611386387,TRUE,16
2-2,0.103990385634936,0.0609340715245728,TRUE,16
2-3,-0.0324791610584943,0.01542784387506,FALSE,16
3-3,-0.249899554709477,0.0284191715719029,TRUE,16
(Intercept):1,-1.14089226384082,0.0420813959877589,TRUE,16
(Intercept):2,-1.56399147495317,0.0541389305450523,TRUE,16
Covariate:1,0.504485126324748,0.062118590194039,TRUE,16
Covariate:2,-0.464374909093939,0.0738027894286505,TRUE,16
1-1,0.103514712479804,0.0426788180520723,TRUE,16
1-2,-0.0132321169959,0.0209652223474773,TRUE,16
1-3,0.0179915014636593,0.0139657026358617,TRUE,16
2-2,0.237837736246484,0.0538003058448967,TRUE,16
2-3,-0.00500570202956847,0.0149511169716584,TRUE,16
3-3,-0.232989466042787,0.0276566231896843,TRUE,16
(Intercept):1,-1.12822885300044,0.0439692473101223,TRUE,16
(Intercept):2,-1.59727371989358,0.0513376862824134,TRUE,16
Covariate:1,0.475318166048327,0.0632566497242232,TRUE,16
Covariate:2,-0.534206826476337,0.0735018231371153,TRUE,16
1-1,0.0879536047193525,0.0399581626987943,TRUE,16
1-2,-0.012271396265101,0.0199869449113724,TRUE,16
1-3,-0.00119233328782245,0.0140567952677748,TRUE,16
2-2,0.250969834728931,0.0525714669535468,TRUE,16
2-3,-0.0112222303303928,0.0150783683030327,TRUE,16
3-3,-0.243901487255752,0.0284772223136354,TRUE,16
(Intercept):1,-1.07295953902963,0.0433925066078523,TRUE,16
(Intercept):2,-1.60848001011009,0.0560064185636341,TRUE,16
Covariate:1,0.452004256380407,0.0621694523513377,TRUE,16
Covariate:2,-0.392398589300837,0.0714499562958303,TRUE,16
1-1,0.119825732920426,0.0384785896122035,TRUE,16
1-2,-0.00582356273836913,0.0203662371333171,TRUE,16
1-3,-0.00260020635221576,0.0137057442653259,TRUE,16
2-2,0.22594983662704,0.0543765616902574,TRUE,16
2-3,0.0133749812585215,0.0154903412593897,TRUE,16
3-3,-0.200811810097841,0.0285409559308406,TRUE,16
(Intercept):1,-1.05747139642067,0.0451518019634632,TRUE,16
(Intercept):2,-1.66061962437402,0.0610073265117981,TRUE,16
Covariate:1,0.516025249256884,0.0673912900639119,TRUE,16
Covariate:2,-0.530155473451874,0.0803986305199313,TRUE,16
1-1,0.0536352942141195,0.0425199745848907,TRUE,16
1-2,0.00282119522888138,0.023428283544865,TRUE,16
1-3,-4.55908467923191e-05,0.0142097402480188,TRUE,16
2-2,0.131821841721891,0.0568653247573216,TRUE,16
2-3,0.0366738290435434,0.0164415425453048,FALSE,16
3-3,-0.206057359420557,0.0283888859073357,TRUE,16
(Intercept):1,-1.0484221879573,0.0413545696435366,TRUE,16
(Intercept):2,-1.61451290088059,0.0563393158396914,TRUE,16
Covariate:1,0.512837119456345,0.0645069293433978,TRUE,16
Covariate:2,-0.528677185614384,0.0794803257821209,TRUE,16
1-1,0.088749190848279,0.0402324017442272,TRUE,16
1-2,-0.0178763987842191,0.0206556180427672,TRUE,16
1-3,-0.0328498016370259,0.013601089875351,FALSE,16
2-2,0.183068636247257,0.0550752575899555,TRUE,16
2-3,-0.0164677255498562,0.0160038897725871,TRUE,16
3-3,-0.255233133896826,0.0297819077329751,TRUE,16
(Intercept):1,-1.05585580590844,0.0455570900150629,TRUE,16
(Intercept):2,-1.49431963494349,0.0584331718442507,FALSE,16
Covariate:1,0.478964392879202,0.0647756072607286,TRUE,16
Covariate:2,-0.540774641466958,0.0805749662244011,TRUE,16
1-1,0.0624436989569246,0.0408093393545013,TRUE,16
1-2,-0.00708242065468994,0.0235941321776833,TRUE,16
1-3,0.00303648719341982,0.0147998812390148,TRUE,16
2-2,0.110077705614727,0.0579234345626693,TRUE,16
2-3,-0.0215018183701584,0.0159528516680262,TRUE,16
3-3,-0.220055296858028,0.0300427036100462,TRUE,16
(Intercept):1,-1.05550136472189,0.0408329032488187,TRUE,16
(Intercept):2,-1.57637546348407,0.0570598648158759,TRUE,16
Covariate:1,0.525172381139375,0.0629310122265597,TRUE,16
Covariate:2,-0.540125639591601,0.0753891219160212,TRUE,16
1-1,0.0626619964056376,0.0379602078445612,TRUE,16
1-2,0.00223875751114848,0.0203756561597437,TRUE,16
1-3,-0.0157378778261555,0.0134645073758688,TRUE,16
2-2,0.103300718217056,0.0631221964588422,TRUE,16
2-3,-0.0204740822075676,0.0157985029879314,TRUE,16
3-3,-0.233859041400939,0.0289619474696007,TRUE,16
(Intercept):1,-1.05903676866304,0.0426109061834283,TRUE,16
(Intercept):2,-1.70545811526369,0.0568234017299223,TRUE,16
Covariate:1,0.604332984631761,0.0662742060117864,TRUE,16
Covariate:2,-0.474572419350787,0.074743292034163,TRUE,16
1-1,0.0607565581846743,0.0432587436613881,TRUE,16
1-2,0.0282492618149803,0.0217859216427509,TRUE,16
1-3,-0.00897299613590186,0.0141142494801417,TRUE,16
2-2,0.226934562238801,0.0538160285582214,TRUE,16
2-3,0.0117373650063321,0.0153795826911193,TRUE,16
3-3,-0.22156860482798,0.0292364623494654,TRUE,16
(Intercept):1,-1.04973854477235,0.0413265458443886,TRUE,16
(Intercept):2,-1.56879104645746,0.059901191709856,TRUE,16
Covariate:1,0.461616392957994,0.0639699917311772,TRUE,16
Covariate:2,-0.620598749209617,0.0771820398097526,TRUE,16
1-1,0.0700986617334259,0.0413006625547167,TRUE,16
1-2,-0.0141775603338838,0.0225072514083804,TRUE,16
1-3,-0.00942865969012787,0.0139206272931686,TRUE,16
2-2,0.113507128376713,0.0679204125096625,TRUE,16
2-3,0.00160805855605919,0.0161659827524582,TRUE,16
3-3,-0.217793850362852,0.0284968841961453,TRUE,16
(Intercept):1,-1.07182739504836,0.0428696290051438,TRUE,16
(Intercept):2,-1.65164212821892,0.058004576213426,TRUE,16
Covariate:1,0.511936802785875,0.0647830081801306,TRUE,16
Covariate:2,-0.512563444759258,0.0760237079934356,TRUE,16
1-1,0.0389022974740552,0.0432370345276384,TRUE,16
1-2,-0.0191324002676651,0.0214451384096792,TRUE,16
1-3,-0.0215028897838239,0.0131260839755718,TRUE,16
2-2,0.181648221304822,0.0607214116104184,TRUE,16
2-3,-0.00799753521440731,0.017065931699809,TRUE,16
3-3,-0.291711639856516,0.0285885019516611,FALSE,16
(Intercept):1,-1.04195381939464,0.0430246633252855,TRUE,16
(Intercept):2,-1.53842705299735,0.0574341058627208,TRUE,16
Covariate:1,0.495607560018077,0.0626683155023592,TRUE,16
Covariate:2,-0.578261386156163,0.0766132129747346,TRUE,16
1-1,0.0346413455578581,0.0446045373738958,TRUE,16
1-2,-0.0146419199066565,0.022124182064089,TRUE,16
1-3,-0.0184387690817122,0.0138421119807165,TRUE,16
2-2,0.186812267329189,0.0519058063493572,TRUE,16
2-3,-0.0119252912580686,0.0158980433430066,TRUE,16
3-3,-0.230808165132742,0.0272876703475775,TRUE,16
(Intercept):1,-1.09644994347111,0.0422925276483669,TRUE,16
(Intercept):2,-1.63085755164372,0.0566288392875254,TRUE,16
Covariate:1,0.577315390184769,0.0629605084045953,TRUE,16
Covariate:2,-0.578131670917473,0.0787425863636122,TRUE,16
1-1,0.0479696688381576,0.0406393060727251,TRUE,16
1-2,0.0269899313978001,0.0209117781563859,TRUE,16
1-3,0.00110628904755795,0.0134984465495153,TRUE,16
2-2,0.183789619684449,0.0541064139479522,TRUE,16
2-3,-0.0165975816201104,0.015397242762486,TRUE,16
3-3,-0.225046156335697,0.0275611518174069,TRUE,16
(Intercept):1,-1.08021424146477,0.0428183482149033,TRUE,16
(Intercept):2,-1.54691470557641,0.0571474552524521,TRUE,16
Covariate:1,0.544791663980128,0.0638234047304,TRUE,16
Covariate:2,-0.370397221771253,0.073223120120454,TRUE,16
1-1,0.118381560275282,0.039432238255275,TRUE,16
1-2,-0.0515808240153724,0.0208482294773774,FALSE,16
1-3,-0.011698067234149,0.0136880714907627,TRUE,16
2-2,0.23559208072675,0.0567427618472565,TRUE,16
2-3,-0.00747485595976027,0.0151487588333974,TRUE,16
3-3,-0.231162724777564,0.029333024564448,TRUE,16
(Intercept):1,-1.05474261396617,0.0437799711827386,TRUE,16
(Intercept):2,-1.61173226882747,0.0577975476042717,TRUE,16
Covariate:1,0.527287800690523,0.0619142235984076,TRUE,16
Covariate:2,-0.382509003172932,0.0741800115897161,TRUE,16
1-1,0.0586289113025084,0.0412020808330321,TRUE,16
1-2,-0.00345940979226071,0.01971401590178,TRUE,16
1-3,-0.0174282317418881,0.013954405326311,TRUE,16
2-2,0.142103791833336,0.0579195292037688,TRUE,16
2-3,-0.000401303925956854,0.0149944083865437,TRUE,16
3-3,-0.249696731743333,0.027876449764546,TRUE,16
(Intercept):1,-1.07588344503338,0.0405903203985232,TRUE,16
(Intercept):2,-1.6464061715292,0.0587907138707314,TRUE,16
Covariate:1,0.446821952297185,0.0632914102324325,TRUE,16
Covariate:2,-0.429488502012298,0.0736738185931605,TRUE,16
1-1,0.0737168847292011,0.0412161986057293,TRUE,16
1-2,-0.00797541156313478,0.0227680641298168,TRUE,16
1-3,-0.0146736890649247,0.0131662645499131,TRUE,16
2-2,0.149396173632688,0.0593161093555176,TRUE,16
2-3,-0.0110906158387709,0.0165141011711736,TRUE,16
3-3,-0.20954914083821,0.0276283444009139,TRUE,16
(Intercept):1,-1.10556607504312,0.0429429759143488,TRUE,16
(Intercept):2,-1.63059781585041,0.0596115085014533,TRUE,16
Covariate:1,0.554332451875785,0.0671609452406436,TRUE,16
Covariate:2,-0.522378259037294,0.0765498187217673,TRUE,16
1-1,0.0654840853988682,0.0412325629892274,TRUE,16
1-2,0.0325639385297212,0.0204769357530948,TRUE,16
1-3,0.00582886653455793,0.0138191923211778,TRUE,16
2-2,0.246310248648078,0.0552959770623463,TRUE,16
2-3,-0.0154637238820997,0.0173838885377497,TRUE,16
3-3,-0.208181090722618,0.0294381733066215,TRUE,16
(Intercept):1,-1.11855314385276,0.0454607151059308,TRUE,16
(Intercept):2,-1.62102794161395,0.0556904623766191,TRUE,16
Covariate:1,0.51978436194438,0.0695213555363203,TRUE,16
Covariate:2,-0.57259881747474,0.07541470029614,TRUE,16
1-1,0.0502708271563695,0.0413387309140874,TRUE,16
1-2,-0.00787278829091856,0.0209177259366889,TRUE,16
1-3,-0.0231119679565997,0.0140609616922501,TRUE,16
2-2,0.220554166838419,0.051451424076681,TRUE,16
2-3,-0.0146477738916285,0.0160266512184957,TRUE,16
3-3,-0.224771147170735,0.0278641996129043,TRUE,16
(Intercept):1,-1.05586495648988,0.0403970974956245,TRUE,16
(Intercept):2,-1.60428572748196,0.0574458919948649,TRUE,16
Covariate:1,0.504373928120569,0.0604049820583592,TRUE,16
Covariate:2,-0.63579807168402,0.08128146561722,TRUE,16
1-1,0.0833272674034056,0.0413768677136215,TRUE,16
1-2,-0.00231498868465791,0.0208728002737994,TRUE,16
1-3,0.00131583223849221,0.0138948569124366,TRUE,16
2-2,0.0793620517985976,0.0633826768640658,TRUE,16
2-3,0.00482414264030579,0.0154462958483557,TRUE,16
3-3,-0.216571789837573,0.0263930111552403,TRUE,16
(Intercept):1,-1.02844690086986,0.0407848046280123,TRUE,16
(Intercept):2,-1.66212919802308,0.0574680223658887,TRUE,16
Covariate:1,0.519583274965552,0.064627507293867,TRUE,16
Covariate:2,-0.385433515586299,0.0738806817855363,TRUE,16
1-1,0.0571234100645981,0.0410243606380342,TRUE,16
1-2,-0.0188075087401403,0.0213233361113133,TRUE,16
1-3,-0.0220227903940871,0.0142208558815367,TRUE,16
2-2,0.17640901143657,0.0592592690769118,TRUE,16
2-3,-0.00722064837600999,0.0166816560511946,TRUE,16
3-3,-0.260469027960207,0.0273554793678477,TRUE,16
(Intercept):1,-1.11738210033688,0.0415384530783893,TRUE,16
(Intercept):2,-1.46983275620011,0.0537045140677058,FALSE,16
Covariate:1,0.619657399272836,0.0648989185900418,TRUE,16
Covariate:2,-0.362847195858638,0.076301139449077,TRUE,16
1-1,0.11737470666281,0.0392563449214276,TRUE,16
1-2,-0.0101345163206633,0.0210577175014677,TRUE,16
1-3,-0.00445472523351909,0.0137600994436207,TRUE,16
2-2,0.166671234483343,0.059086721358944,TRUE,16
2-3,-0.0461883132281562,0.0158340036859771,FALSE,16
3-3,-0.208790223052692,0.0304042870201508,TRUE,16
(Intercept):1,-1.03032694193129,0.0415602456162015,TRUE,16
(Intercept):2,-1.62985415127504,0.0611694096071799,TRUE,16
Covariate:1,0.39859940665655,0.0606856961763949,TRUE,16
Covariate:2,-0.447890874701342,0.0778011671412598,TRUE,16
1-1,0.0775784254010138,0.0416989255950517,TRUE,16
1-2,0.00709604898285671,0.0208178305187067,TRUE,16
1-3,-0.0154382061177126,0.0136954325526137,TRUE,16
2-2,0.189577648641049,0.0565939451570615,TRUE,16
2-3,0.00551330089723573,0.0166172445923321,TRUE,16
3-3,-0.195852596129658,0.0276286789113426,TRUE,16
(Intercept):1,-1.06933506854996,0.0429110045419062,TRUE,16
(Intercept):2,-1.52052528369219,0.0546815041108439,TRUE,16
Covariate:1,0.49047044062682,0.0685356217346397,TRUE,16
Covariate:2,-0.386129791694895,0.0727026315643021,TRUE,16
1-1,0.0530517824328829,0.0439175394072649,TRUE,16
1-2,-0.0102716356709504,0.021537566182821,TRUE,16
1-3,-0.0161007037379193,0.0140467799017575,TRUE,16
2-2,0.146866646788173,0.0530683491980573,TRUE,16
2-3,-0.00532897867077982,0.0150230898375394,TRUE,16
3-3,-0.244416696974967,0.0285362089355572,TRUE,16
(Intercept):1,-1.1782645365918,0.0427668632813004,TRUE,16
(Intercept):2,-1.45582923609915,0.0538568999022187,FALSE,16
Covariate:1,0.516394884689066,0.065984338399269,TRUE,16
Covariate:2,-0.389049492933601,0.0722368918235651,TRUE,16
1-1,0.154644521503623,0.0395584787418718,TRUE,16
1-2,-0.0105018388858689,0.020365105338907,TRUE,16
1-3,0.0176246025423567,0.0134608337972317,TRUE,16
2-2,0.0811464465446783,0.054484591242389,TRUE,16
2-3,-0.0171368669109012,0.0157289620050456,TRUE,16
3-3,-0.200414306388759,0.0294778781383018,TRUE,16
(Intercept):1,-1.13162669168187,0.0443775384024946,TRUE,16
(Intercept):2,-1.54411378123163,0.0591820047107364,TRUE,16
Covariate:1,0.584395325193388,0.0673446395471249,TRUE,16
Covariate:2,-0.440116915519739,0.0756639670481159,TRUE,16
1-1,0.0659122929527044,0.0424675504007272,TRUE,16
1-2,-0.00498959862983129,0.0213266303191816,TRUE,16
1-3,0.00976953948442017,0.0141283729463135,TRUE,16
2-2,0.206480252531106,0.0574974135752111,TRUE,16
2-3,-0.022731558070311,0.0160579329677994,TRUE,16
3-3,-0.254705693025593,0.0296872329512036,TRUE,16
(Intercept):1,-1.06181480706116,0.0431775935199427,TRUE,16
(Intercept):2,-1.50681436719654,0.0555490857863978,TRUE,16
Covariate:1,0.477800784817029,0.0659523043406241,TRUE,16
Covariate:2,-0.625979747775036,0.0785686132481677,TRUE,16
1-1,0.11130425831503,0.0388324991380575,TRUE,16
1-2,-0.0198782176559049,0.0202755607733661,TRUE,16
1-3,-0.0249278995879279,0.0137874843766145,TRUE,16
2-2,0.135250838340531,0.0603446787818904,TRUE,16
2-3,-0.0457918336088102,0.0161203468311399,FALSE,16
3-3,-0.248396093324885,0.030415146598977,TRUE,16
(Intercept):1,-1.07788494476675,0.0415783913054948,TRUE,16
(Intercept):2,-1.62987419192186,0.0599646057308678,TRUE,16
Covariate:1,0.437215743375054,0.0638946357618559,TRUE,16
Covariate:2,-0.514620339093785,0.0789684867175649,TRUE,16
1-1,0.139067424832707,0.0365607349145893,TRUE,16
1-2,0.0255569990132858,0.0203332091309255,TRUE,16
1-3,-0.00498628491019734,0.0132713286252496,TRUE,16
2-2,0.14382204820328,0.0543680136245942,TRUE,16
2-3,0.00245649756666166,0.0152642998458518,TRUE,16
3-3,-0.216020882414175,0.0287039655512278,TRUE,16
(Intercept):1,-1.1413092026491,0.0437562321717753,TRUE,16
(Intercept):2,-1.64602747920109,0.0565532033557716,TRUE,16
Covariate:1,0.568730679413334,0.0646236326772493,TRUE,16
Covariate:2,-0.430577363244369,0.0780211685596944,TRUE,16
1-1,0.0677212756860316,0.0397966909846665,TRUE,16
1-2,-0.0108375338288785,0.0206789896487039,TRUE,16
1-3,-0.0149344292543524,0.0135856827740949,TRUE,16
2-2,0.220597930897022,0.055445293386319,TRUE,16
2-3,-0.0178019690031096,0.0158040159199067,TRUE,16
3-3,-0.285955556148803,0.0286941641619884,FALSE,16
(Intercept):1,-1.06613711508825,0.0424398307950164,TRUE,16
(Intercept):2,-1.44836098056002,0.0557361400946447,FALSE,16
Covariate:1,0.542451635387731,0.063757359708758,TRUE,16
Covariate:2,-0.415039499798541,0.0743338198952958,TRUE,16
1-1,0.0707321442496779,0.0415220265869495,TRUE,16
1-2,-0.0282964380899099,0.0216200471649989,TRUE,16
1-3,-0.000865921252572218,0.0139807505277818,TRUE,16
2-2,0.121821169878734,0.0554684098220197,TRUE,16
2-3,-0.0229499143262626,0.0158565637563652,TRUE,16
3-3,-0.188695427880834,0.0260211955486983,TRUE,16
(Intercept):1,-1.08201711904835,0.0421283698391318,TRUE,16
(Intercept):2,-1.56362921521523,0.0592303157850161,TRUE,16
Covariate:1,0.469427907221041,0.0627992569305747,TRUE,16
Covariate:2,-0.485019821419606,0.0769266118435698,TRUE,16
1-1,0.103335241382335,0.0442451892323271,TRUE,16
1-2,-0.0264612940732368,0.0221786197075723,TRUE,16
1-3,-0.0186431640383968,0.0142911563552484,TRUE,16
2-2,0.132469598297563,0.0613603638783154,TRUE,16
2-3,-0.0313721452120052,0.0161674878805807,TRUE,16
3-3,-0.27031253611327,0.0290865136453878,TRUE,16
(Intercept):1,-1.09085722744541,0.0423171742908514,TRUE,16
(Intercept):2,-1.62059895530902,0.0542712517241286,TRUE,16
Covariate:1,0.524295238570701,0.0645347018108039,TRUE,16
Covariate:2,-0.497648992868621,0.0750271346865322,TRUE,16
1-1,0.0534776382113885,0.0431167201421521,TRUE,16
1-2,0.0183730779341414,0.019756976332062,TRUE,16
1-3,-0.0107585755062166,0.0137514774608061,TRUE,16
2-2,0.20029633184451,0.0526237180745919,TRUE,16
2-3,-0.0202169478918548,0.0148468059164803,TRUE,16
3-3,-0.226488013331597,0.0289890013606151,TRUE,16
(Intercept):1,-1.12636290434892,0.0421943435039601,TRUE,16
(Intercept):2,-1.53512180566752,0.0554593589158186,TRUE,16
Covariate:1,0.466048130268187,0.0637524162068171,TRUE,16
Covariate:2,-0.526700059772969,0.0792538240877859,TRUE,16
1-1,0.162378164412601,0.0385486803311997,TRUE,16
1-2,0.00100829846590102,0.0198902283791258,TRUE,16
1-3,-0.00321529497707829,0.0134314348946756,TRUE,16
2-2,0.0987102068923077,0.0633357147152444,TRUE,16
2-3,-0.0191917301364455,0.0160995908258487,TRUE,16
3-3,-0.239876307327117,0.0280178738247822,TRUE,16
(Intercept):1,-1.07646574871701,0.0427795300007509,TRUE,16
(Intercept):2,-1.61985635096399,0.0560575924018248,TRUE,16
Covariate:1,0.507176361799279,0.0629021787862377,TRUE,16
Covariate:2,-0.491623585955907,0.0745111448519455,TRUE,16
1-1,0.0788467861204725,0.0408733898100313,TRUE,16
1-2,3.68829173963042e-05,0.0216704785412975,TRUE,16
1-3,-0.00214131038325602,0.0138508089939381,TRUE,16
2-2,0.0682543841905504,0.0641586941507596,TRUE,16
2-3,0.00838739198428052,0.0165214462668272,TRUE,16
3-3,-0.228230527263211,0.0305941073925797,TRUE,16
(Intercept):1,-1.11391044799976,0.0426219916560384,TRUE,16
(Intercept):2,-1.56839228288292,0.0567473806213348,TRUE,16
Covariate:1,0.643228927660675,0.0667146400552446,FALSE,16
Covariate:2,-0.433282691762656,0.0768849036256078,TRUE,16
1-1,0.0347928282154855,0.0416838046098162,TRUE,16
1-2,0.0145008052836729,0.0205579599869252,TRUE,16
1-3,-0.00329453078734373,0.0135519453215345,TRUE,16
2-2,0.183308589470944,0.055974945582985,TRUE,16
2-3,-0.0181030942490363,0.0149372650996874,TRUE,16
3-3,-0.24859411194238,0.0299695866925682,TRUE,16
(Intercept):1,-1.11388610117743,0.0432551740122243,TRUE,16
(Intercept):2,-1.57255799103897,0.0579785046183597,TRUE,16
Covariate:1,0.495946851387956,0.0657166492808826,TRUE,16
Covariate:2,-0.558633904500466,0.0769101941666404,TRUE,16
1-1,0.143462020144671,0.0418929449565144,TRUE,16
1-2,-0.00442219520227056,0.0216236204989963,TRUE,16
1-3,0.0158064496763822,0.0140532349296636,TRUE,16
2-2,0.210108661412021,0.0532188584081178,TRUE,16
2-3,0.0157005800681174,0.0157545175853183,TRUE,16
3-3,-0.197507564559395,0.0291999521078209,TRUE,16
(Intercept):1,-1.09179778262908,0.0429117885314454,TRUE,16
(Intercept):2,-1.61533337949526,0.053270815608067,TRUE,16
Covariate:1,0.552359582702183,0.0638879871118035,TRUE,16
Covariate:2,-0.416592785195963,0.0762573210003303,TRUE,16
1-1,0.0794832363121681,0.0397593311938431,TRUE,16
1-2,-0.0101829392248456,0.0210106495675684,TRUE,16
1-3,0.00126160270540762,0.0134097102719378,TRUE,16
2-2,0.254943168074508,0.0565379441540133,TRUE,16
2-3,-0.0133989176458578,0.0154429299879269,TRUE,16
3-3,-0.202227151186868,0.0286947353527336,TRUE,16
(Intercept):1,-1.0326474995027,0.0430322915115722,TRUE,16
(Intercept):2,-1.70983727245145,0.0567325268994391,TRUE,16
Covariate:1,0.440293723375386,0.0643835440311407,TRUE,16
Covariate:2,-0.414293756736495,0.0758210948835243,TRUE,16
1-1,-0.0047523053030586,0.0418445926454952,FALSE,16
1-2,0.0263276568068925,0.020644692120894,TRUE,16
1-3,-0.0142985069683013,0.0140383408170448,TRUE,16
2-2,0.228778647201709,0.0544685698094122,TRUE,16
2-3,0.00984042097360273,0.0167760850035785,TRUE,16
3-3,-0.232411108761725,0.0288611764244482,TRUE,16
(Intercept):1,-1.0827685831734,0.0403006704106988,TRUE,16
(Intercept):2,-1.70212105313904,0.0598837855319542,TRUE,16
Covariate:1,0.522552590423973,0.0614660656224093,TRUE,16
Covariate:2,-0.572806502254773,0.0772361462137407,TRUE,16
1-1,0.126139129771892,0.0393714105609116,TRUE,16
1-2,0.00427193444368397,0.0227736984289153,TRUE,16
1-3,-0.00544971899751675,0.0134750502371062,TRUE,16
2-2,0.10973917896509,0.0634144702314936,TRUE,16
2-3,0.00790665689287712,0.016549727771591,TRUE,16
3-3,-0.248394126261265,0.0285297956765571,TRUE,16
(Intercept):1,-1.05186069143862,0.0414620602877811,TRUE,16
(Intercept):2,-1.71060888433348,0.059012834970179,TRUE,16
Covariate:1,0.523123161943818,0.0621795319818087,TRUE,16
Covariate:2,-0.495398122470732,0.0781628385507589,TRUE,16
1-1,0.104867183926703,0.0420570486293944,TRUE,16
1-2,0.0134000360774477,0.0221533490657091,TRUE,16
1-3,-0.0188659137401396,0.013608902561765,TRUE,16
2-2,0.129116170625888,0.0594817825518535,TRUE,16
2-3,0.0111859760722038,0.0163710523145884,TRUE,16
3-3,-0.25234672444206,0.0282477504436766,TRUE,16
(Intercept):1,-1.13082180668369,0.0432746473162565,TRUE,16
(Intercept):2,-1.70348788362377,0.0562162569586038,TRUE,16
Covariate:1,0.585976281305571,0.0658605616780239,TRUE,16
Covariate:2,-0.511084723409522,0.0792915368597444,TRUE,16
1-1,0.118314094266033,0.0385961924918529,TRUE,16
1-2,0.0393058519335266,0.0220893578058984,TRUE,16
1-3,0.0190978797101389,0.0137573589416314,TRUE,16
2-2,0.201324759649075,0.0528761222123651,TRUE,16
2-3,0.0313403093082418,0.0157619190523331,FALSE,16
3-3,-0.184047178257497,0.0272253375493591,TRUE,16
(Intercept):1,-1.03284558161322,0.0437761197235291,TRUE,16
(Intercept):2,-1.57430745518696,0.0566989754546235,TRUE,16
Covariate:1,0.494551182003781,0.0639202891765953,TRUE,16
Covariate:2,-0.405414463594025,0.0754055203950282,TRUE,16
1-1,0.0901268362176018,0.0390887934509058,TRUE,16
1-2,-0.00924376684020654,0.021280813761221,TRUE,16
1-3,-0.0148888509426486,0.0139039819740755,TRUE,16
2-2,0.199456084182791,0.052901394572073,TRUE,16
2-3,-0.0187862004403102,0.0164678485468596,TRUE,16
3-3,-0.224057587868312,0.0278754315800892,TRUE,16
(Intercept):1,-1.0365288752708,0.0418884022327858,TRUE,16
(Intercept):2,-1.53076519644517,0.0533041864408967,TRUE,16
Covariate:1,0.526000262761633,0.0609640217420383,TRUE,16
Covariate:2,-0.548164701483227,0.0717892830641951,TRUE,16
1-1,0.0855611146099771,0.0422135108109408,TRUE,16
1-2,-0.00775253914412986,0.0193190869401711,TRUE,16
1-3,-0.0354495119652018,0.0133619370889742,FALSE,16
2-2,0.091378767388026,0.0565551267680754,TRUE,16
2-3,-0.0367445867158628,0.0162890190985469,FALSE,16
3-3,-0.236247559109786,0.028019695249648,TRUE,16
(Intercept):1,-1.07324999046609,0.0429230399922924,TRUE,16
(Intercept):2,-1.64580644899834,0.057281141831107,TRUE,16
Covariate:1,0.451502010115893,0.0655453793195744,TRUE,16
Covariate:2,-0.474824644216976,0.0761652654717998,TRUE,16
1-1,0.0361779289989154,0.0412900655755334,TRUE,16
1-2,-0.00654423931149641,0.0213836695439596,TRUE,16
1-3,-0.0306886752111398,0.013457484506075,FALSE,16
2-2,0.202614372664875,0.0570408952554485,TRUE,16
2-3,-0.00506301538370848,0.0150571528362108,TRUE,16
3-3,-0.218635857142774,0.0278726417721054,TRUE,16
(Intercept):1,-1.03867349903331,0.0416510802123716,TRUE,16
(Intercept):2,-1.61666485280009,0.0563604205444716,TRUE,16
Covariate:1,0.515628317757655,0.0619339559507505,TRUE,16
Covariate:2,-0.409892517743882,0.0775361058784828,TRUE,16
1-1,0.055165946266073,0.0390915205838411,TRUE,16
1-2,-0.00998032872509378,0.0201146300514103,TRUE,16
1-3,-0.0209404701595452,0.0132279427710728,TRUE,16
2-2,0.198307607774466,0.0556780059422288,TRUE,16
2-3,-0.0198276156649554,0.015881127357282,TRUE,16
3-3,-0.210956459391101,0.027834378661901,TRUE,16
(Intercept):1,-1.11795221241635,0.0412213665654314,TRUE,16
(Intercept):2,-1.56455163256339,0.0527104237528191,TRUE,16
Covariate:1,0.400405106309545,0.0643435689019816,TRUE,16
Covariate:2,-0.453896585673563,0.073180250270969,TRUE,16
1-1,0.0831436518597583,0.0441948839341099,TRUE,16
1-2,-0.0165065899359573,0.0213577999069832,TRUE,16
1-3,-0.012250314222154,0.0137443592124329,TRUE,16
2-2,0.191939833415657,0.0545749940704376,TRUE,16
2-3,-0.0222951794946777,0.015741641083627,TRUE,16
3-3,-0.245572149346487,0.0288692099713351,TRUE,16
(Intercept):1,-1.11557808279883,0.0445294753729113,TRUE,16
(Intercept):2,-1.57988390035272,0.0558934962166718,TRUE,16
Covariate:1,0.647386607955848,0.0632869340107992,FALSE,16
Covariate:2,-0.536496132210332,0.0734205106123441,TRUE,16
1-1,0.122648093561903,0.0413905669553262,TRUE,16
1-2,-0.0311465004326495,0.0225926360958597,TRUE,16
1-3,-0.0152601523483205,0.0141466271513119,TRUE,16
2-2,0.179624238999133,0.0619790858430612,TRUE,16
2-3,-0.0130171782242509,0.0162369842284894,TRUE,16
3-3,-0.214691710249252,0.0279598609094588,TRUE,16
(Intercept):1,-1.10514710422308,0.0428651043638557,TRUE,16
(Intercept):2,-1.61002178283832,0.060001584817654,TRUE,16
Covariate:1,0.383527424010403,0.0672679489223047,TRUE,16
Covariate:2,-0.557799829336493,0.0760437356209893,TRUE,16
1-1,0.11917502193837,0.0441646508014852,TRUE,16
1-2,-0.00795865790743674,0.0200807152388839,TRUE,16
1-3,-0.00451331503459514,0.0139267653809843,TRUE,16
2-2,0.235453624996466,0.0531835651799589,TRUE,16
2-3,-0.017485601942902,0.0163908646666385,TRUE,16
3-3,-0.235943881767657,0.030256566848895,TRUE,16
(Intercept):1,-1.13262714914191,0.0432777127214605,TRUE,16
(Intercept):2,-1.56842274534767,0.0550129256932906,TRUE,16
Covariate:1,0.543129676187412,0.0652701916607328,TRUE,16
Covariate:2,-0.662028097812483,0.0785450723719881,FALSE,16
1-1,0.138443417083413,0.0435107625194338,TRUE,16
1-2,0.0518672620109795,0.0201642920747989,FALSE,16
1-3,0.0173457518195955,0.0140425353772938,TRUE,16
2-2,0.0950526673175739,0.0611448474900468,TRUE,16
2-3,0.0179141605602192,0.0156189461260009,TRUE,16
3-3,-0.160462151597351,0.0277158893055051,FALSE,16
(Intercept):1,-1.08996863226581,0.0414630881474683,TRUE,16
(Intercept):2,-1.54056381767329,0.0582873620416596,TRUE,16
Covariate:1,0.46177303999328,0.06401544431691,TRUE,16
Covariate:2,-0.499654621986594,0.0750193571990353,TRUE,16
1-1,0.153659007356567,0.040207313173426,TRUE,16
1-2,-0.0149787155922701,0.0213719577959189,TRUE,16
1-3,-0.00590273163662403,0.0142492620539572,TRUE,16
2-2,0.107739424001654,0.0651966863432679,TRUE,16
2-3,-0.0168861520576163,0.0163409377263032,TRUE,16
3-3,-0.193466490366659,0.0284219680879743,TRUE,16
(Intercept):1,-1.04610916681694,0.0418938423864183,TRUE,16
(Intercept):2,-1.66872757340447,0.0580209472860536,TRUE,16
Covariate:1,0.478772256869457,0.0645988268715442,TRUE,16
Covariate:2,-0.473016195989055,0.0775983798378823,TRUE,16
1-1,0.0958502472614419,0.04260410022398,TRUE,16
1-2,-0.00660251727690963,0.0216025169945847,TRUE,16
1-3,-0.00805034220576713,0.0139082610376928,TRUE,16
2-2,0.263208714963685,0.0550087413464157,TRUE,16
2-3,0.0196805677165817,0.0158828980874042,TRUE,16
3-3,-0.201376984729897,0.0273508593332052,TRUE,16
(Intercept):1,-1.11010702985235,0.0439781757748377,TRUE,16
(Intercept):2,-1.48356570112172,0.0567041852685903,FALSE,16
Covariate:1,0.436211409155693,0.0642693463646412,TRUE,16
Covariate:2,-0.534404463802869,0.0722980531951025,TRUE,16
1-1,0.104127637064404,0.0423425840368699,TRUE,16
1-2,-0.0239552919950446,0.0229270460271531,TRUE,16
1-3,0.0121671501208578,0.0139607471526499,TRUE,16
2-2,0.166378861865049,0.0555332310028033,TRUE,16
2-3,-0.0112143410866961,0.0162727359180815,TRUE,16
3-3,-0.192250894534579,0.0287485534526103,TRUE,16
(Intercept):1,-1.20285277690364,0.0429782493997123,FALSE,16
(Intercept):2,-1.64867688900832,0.0602225781353235,TRUE,16
Covariate:1,0.510384219087516,0.0624884220360878,TRUE,16
Covariate:2,-0.32162908868181,0.0757183764069221,FALSE,16
1-1,0.167476139954667,0.0410083030628449,TRUE,16
1-2,0.0251906591387594,0.0220367453641878,TRUE,16
1-3,0.0172251865455559,0.0137957242414686,TRUE,16
2-2,0.284210605761617,0.0571557567508275,TRUE,16
2-3,-0.0239925093494039,0.0171401323411096,TRUE,16
3-3,-0.192918595357729,0.0277033593342733,TRUE,16
(Intercept):1,-1.13122318211816,0.0456690535744607,TRUE,16
(Intercept):2,-1.50489649308377,0.0544141177537544,TRUE,16
Covariate:1,0.524234037034021,0.0644626964096748,TRUE,16
Covariate:2,-0.466149082048957,0.0777274814904923,TRUE,16
1-1,0.100416983258265,0.0428481026464555,TRUE,16
1-2,-0.00149974877915476,0.0206282026131294,TRUE,16
1-3,0.0155381205485044,0.0139452144914897,TRUE,16
2-2,0.122942227073376,0.0570837691722519,TRUE,16
2-3,-0.0114263072768878,0.0154339772613613,TRUE,16
3-3,-0.197354150817113,0.0271883501768449,TRUE,16
(Intercept):1,-1.10785402311992,0.042523013167732,TRUE,16
(Intercept):2,-1.64578602482006,0.058097830029694,TRUE,16
Covariate:1,0.577721602385045,0.0639200682883738,TRUE,16
Covariate:2,-0.492991779536398,0.0779684326872675,TRUE,16
1-1,0.142529176214325,0.0394326008603938,TRUE,16
1-2,0.0176705573677786,0.0216689195700457,TRUE,16
1-3,-0.00252904073763487,0.0144603090771289,TRUE,16
2-2,0.187294079174817,0.0529284295649588,TRUE,16
2-3,-0.0118153344384947,0.0166459917107714,TRUE,16
3-3,-0.207985913958935,0.0292616543318589,TRUE,16
(Intercept):1,-1.09561547821887,0.0402387417637785,TRUE,16
(Intercept):2,-1.59228921337501,0.0567170032959112,TRUE,16
Covariate:1,0.560317950124817,0.0643536951665679,TRUE,16
Covariate:2,-0.532458387639104,0.0815470481701366,TRUE,16
1-1,0.071279930124253,0.0419582018036437,TRUE,16
1-2,0.0112604546436077,0.0209516870378016,TRUE,16
1-3,0.0046386960507763,0.0129051614609454,TRUE,16
2-2,0.194125184352584,0.05373484687138,TRUE,16
2-3,-0.0160031885935774,0.0154943338220235,TRUE,16
3-3,-0.218117187765024,0.0277371939212337,TRUE,16
(Intercept):1,-1.07300173006901,0.042784166678228,TRUE,16
(Intercept):2,-1.5628311100241,0.0565889018674116,TRUE,16
Covariate:1,0.520649554114688,0.0609754489235992,TRUE,16
Covariate:2,-0.584051086588692,0.0783238547049483,TRUE,16
1-1,0.0521763053158821,0.0402742164319964,TRUE,16
1-2,-0.0075054433005839,0.0216013784463725,TRUE,16
1-3,-0.000847612802411254,0.0143187362779715,TRUE,16
2-2,0.226647262807462,0.0512646453541983,TRUE,16
2-3,-0.0123064276841709,0.0150908994971949,TRUE,16
3-3,-0.233729579057016,0.0283672545296069,TRUE,16
(Intercept):1,-1.12233546031752,0.0436021516445188,TRUE,16
(Intercept):2,-1.64771421557571,0.0572576311628262,TRUE,16
Covariate:1,0.494012363091127,0.0636119251926315,TRUE,16
Covariate:2,-0.546181602696234,0.0775664016285107,TRUE,16
1-1,0.0775181123978515,0.0439352502832119,TRUE,16
1-2,0.0125547835667082,0.0209047005714137,TRUE,16
1-3,0.00517314725332111,0.0132787234458327,TRUE,16
2-2,0.257121010465748,0.0537908498874107,TRUE,16
2-3,0.0130141630120743,0.0158968967263665,TRUE,16
3-3,-0.192334847752763,0.0296289711684597,TRUE,16
(Intercept):1,-1.13180194739932,0.0436160252556001,TRUE,16
(Intercept):2,-1.51610751760747,0.0549286966018407,TRUE,16
Covariate:1,0.50999449116236,0.0657800526902723,TRUE,16
Covariate:2,-0.414323028400561,0.0758526267404517,TRUE,16
1-1,0.0935124046285059,0.0397642100341026,TRUE,16
1-2,-0.01208858811571,0.0207110722969682,TRUE,16
1-3,0.0107866616798831,0.0138784609562768,TRUE,16
2-2,0.0483043531643167,0.0636798058807539,FALSE,16
2-3,-0.0187767352469759,0.0159699082093369,TRUE,16
3-3,-0.256909003083967,0.0302358185578651,TRUE,16
(Intercept):1,-1.02788748992968,0.0438578486688545,TRUE,16
(Intercept):2,-1.58156424678099,0.0584661083483178,TRUE,16
Covariate:1,0.428254508932644,0.0623480309004986,TRUE,16
Covariate:2,-0.55754312794089,0.0769917512232795,TRUE,16
1-1,0.111912991085707,0.040913129825527,TRUE,16
1-2,-0.0265588263153389,0.0202528562241952,TRUE,16
1-3,-0.0151636290562525,0.0150513906156821,TRUE,16
2-2,0.201236222128147,0.0538900879540149,TRUE,16
2-3,-0.00257427235789401,0.0161161337169814,TRUE,16
3-3,-0.2083391930609,0.0272989431437032,TRUE,16
(Intercept):1,-1.12442522295129,0.0427897629146147,TRUE,16
(Intercept):2,-1.52418062309127,0.0567224983057601,TRUE,16
Covariate:1,0.468215848844663,0.0643953004543442,TRUE,16
Covariate:2,-0.434121107607796,0.0777216206810736,TRUE,16
1-1,0.100545406198902,0.0417012645879221,TRUE,16
1-2,-0.00296083922455268,0.0214609903690489,TRUE,16
1-3,0.0417258179016728,0.0144096723154767,FALSE,16
2-2,0.182191588017669,0.0563400967056805,TRUE,16
2-3,0.00416964318796854,0.0173967274628945,TRUE,16
3-3,-0.206941191374879,0.0315863197052858,TRUE,16
(Intercept):1,-1.07994815990925,0.0433777825255595,TRUE,16
(Intercept):2,-1.49989303752797,0.0559794906617531,TRUE,16
Covariate:1,0.526212600637426,0.0618213290351595,TRUE,16
Covariate:2,-0.52520982048151,0.0741455140906021,TRUE,16
1-1,0.154630147597354,0.0404841913324265,TRUE,16
1-2,-0.0244075215646511,0.0217676046245668,TRUE,16
1-3,-0.00256237798710222,0.0131315852919221,TRUE,16
2-2,0.171826328022622,0.0603072301215747,TRUE,16
2-3,-0.0149560572480052,0.0157349813384677,TRUE,16
3-3,-0.179335189723888,0.0274768260770398,TRUE,16
(Intercept):1,-1.08923192566626,0.0429861871835618,TRUE,16
(Intercept):2,-1.56440785004776,0.0579084795854126,TRUE,16
Covariate:1,0.551751627774628,0.0650597752371813,TRUE,16
Covariate:2,-0.38497989624508,0.0765170848924166,TRUE,16
1-1,0.11363039057626,0.0416211090744109,TRUE,16
1-2,-0.0141134349613941,0.0210839545344574,TRUE,16
1-3,0.0102580622104913,0.014352877618759,TRUE,16
2-2,0.111257135234925,0.0621157550116737,TRUE,16
2-3,0.00249235045865696,0.0164005132160798,TRUE,16
3-3,-0.200207631505431,0.0296710284759091,TRUE,16
(Intercept):1,-1.10832014640685,0.0447118970501061,TRUE,16
(Intercept):2,-1.62868755867069,0.0577854260381691,TRUE,16
Covariate:1,0.427094850517275,0.0633516496136969,TRUE,16
Covariate:2,-0.561367851528536,0.0766921469348174,TRUE,16
1-1,0.0973355084779576,0.0400185513065182,TRUE,16
1-2,-0.0013609834921148,0.0207604809235254,TRUE,16
1-3,-0.00946736431016992,0.0138430370687114,TRUE,16
2-2,0.203382250393016,0.055961041612426,TRUE,16
2-3,-0.0124773395984975,0.0159185687067,TRUE,16
3-3,-0.261889788686552,0.0285374354865299,TRUE,16
(Intercept):1,-1.06586137566102,0.0423932457228789,TRUE,16
(Intercept):2,-1.61166462229093,0.0585417747245722,TRUE,16
Covariate:1,0.416207358726773,0.0621093084625719,TRUE,16
Covariate:2,-0.596603719757092,0.0742034523308201,TRUE,16
1-1,0.0996752802109692,0.0410280009634293,TRUE,16
1-2,-0.0637980946368559,0.0230304269118519,FALSE,16
1-3,-0.0349215174083023,0.0135883741841447,FALSE,16
2-2,0.173961408750194,0.064413140776181,TRUE,16
2-3,-0.0328419916738849,0.0158348039919746,FALSE,16
3-3,-0.26697732075499,0.02930175920135,TRUE,16
(Intercept):1,-1.09067367248257,0.0419359869007738,TRUE,16
(Intercept):2,-1.72250397380147,0.0574096233373008,FALSE,16
Covariate:1,0.608559188917218,0.0655826762482722,TRUE,16
Covariate:2,-0.662061332652277,0.0791243575362767,FALSE,16
1-1,-0.00081293052667228,0.0432219607968356,FALSE,16
1-2,0.00404207051652859,0.0222727216227172,TRUE,16
1-3,-0.0019048742874853,0.0141803854066991,TRUE,16
2-2,0.26881198372375,0.0548193958789548,TRUE,16
2-3,0.00384231977226971,0.0162146906012391,TRUE,16
3-3,-0.23330178336035,0.0281549712992718,TRUE,16
(Intercept):1,-1.14461952547804,0.0444850460942307,TRUE,16
(Intercept):2,-1.72535093592413,0.0618365425596221,TRUE,16
Covariate:1,0.506461010859955,0.0618347536087146,TRUE,16
Covariate:2,-0.393090352214896,0.0771553102816272,TRUE,16
1-1,0.130754999207097,0.0438639574665145,TRUE,16
1-2,0.0162308247376774,0.0238514807620496,TRUE,16
1-3,0.00398738991538103,0.0143205679862793,TRUE,16
2-2,0.218252490960529,0.0617781858908308,TRUE,16
2-3,0.0121700335081196,0.01711022145442,TRUE,16
3-3,-0.204782374387222,0.0300945974470016,TRUE,16
(Intercept):1,-1.06545355360148,0.0421974011317986,TRUE,16
(Intercept):2,-1.54728370040681,0.0547326712061313,TRUE,16
Covariate:1,0.575631301626753,0.06801451987305,TRUE,16
Covariate:2,-0.435682630422791,0.079164785003828,TRUE,16
1-1,0.0788834790794296,0.0403141469754659,TRUE,16
1-2,-0.00342376657910794,0.0207403886353343,TRUE,16
1-3,-0.0183864630017761,0.0134127671611743,TRUE,16
2-2,0.129856152845182,0.0578801068792939,TRUE,16
2-3,-0.0242414441397155,0.015137996653027,TRUE,16
3-3,-0.216802957128429,0.0266077751237671,TRUE,16
(Intercept):1,-1.08720313479473,0.0414392690723714,TRUE,16
(Intercept):2,-1.60678023416077,0.0580746388124974,TRUE,16
Covariate:1,0.573308993445859,0.0641592626707182,TRUE,16
Covariate:2,-0.556243853149597,0.0773035137486747,TRUE,16
1-1,0.0833338468535,0.0401604621251068,TRUE,16
1-2,0.000908944461564746,0.0199568602595678,TRUE,16
1-3,0.00723508929743925,0.0128964259651126,TRUE,16
2-2,0.276910050531443,0.053397415016099,TRUE,16
2-3,-0.00174600620397159,0.0159735989670692,TRUE,16
3-3,-0.211955895875275,0.0285481163127261,TRUE,16
(Intercept):1,-1.12602917012584,0.0417266482321314,TRUE,16
(Intercept):2,-1.58450567007751,0.0579715833616677,TRUE,16
Covariate:1,0.552867963024902,0.0594175964479751,TRUE,16
Covariate:2,-0.551710701299545,0.0778714632776699,TRUE,16
1-1,0.0771180245368745,0.0452032747002565,TRUE,16
1-2,0.0128151874893242,0.0223442093725081,TRUE,16
1-3,-0.0067490522517915,0.0143586851654083,TRUE,16
2-2,0.141994640337642,0.0603046703768496,TRUE,16
2-3,-0.02210311879948,0.0166913594353104,TRUE,16
3-3,-0.223604065746715,0.0297802400340608,TRUE,16
(Intercept):1,-1.06567516112839,0.0414299492768634,TRUE,16
(Intercept):2,-1.57140585083164,0.0572595896484818,TRUE,16
Covariate:1,0.381036257926738,0.0598925059625715,FALSE,16
Covariate:2,-0.518089053589454,0.0758126724452431,TRUE,16
1-1,0.115188248331152,0.0414402259971125,TRUE,16
1-2,-0.0442436664135541,0.0222172302667724,FALSE,16
1-3,-0.0171729368721564,0.0138038849842093,TRUE,16
2-2,0.0932471033757312,0.0630920499161849,TRUE,16
2-3,-0.00563195697609601,0.016705924565406,TRUE,16
3-3,-0.19696718625109,0.0263212078388438,TRUE,16
(Intercept):1,-1.03783387780053,0.0424202906763719,TRUE,16
(Intercept):2,-1.52619756245185,0.0570910903291629,TRUE,16
Covariate:1,0.440076945842442,0.0582044522024507,TRUE,16
Covariate:2,-0.366023612896799,0.0741348187151959,TRUE,16
1-1,0.0602174945313546,0.0421410854521545,TRUE,16
1-2,-0.0347167119258094,0.021351024910898,TRUE,16
1-3,-0.018844145173764,0.0139078449200252,TRUE,16
2-2,0.149239414847387,0.0541737506866791,TRUE,16
2-3,-0.0289452212134793,0.0158046914077075,TRUE,16
3-3,-0.231067958209253,0.028161321713321,TRUE,16
(Intercept):1,-1.09387829919407,0.0436084055232331,TRUE,16
(Intercept):2,-1.5406714418124,0.056091131636172,TRUE,16
Covariate:1,0.44654108365526,0.0614736138068927,TRUE,16
Covariate:2,-0.564783228274658,0.0715487935862472,TRUE,16
1-1,0.190250713237279,0.0421988203684459,FALSE,16
1-2,-0.00589715797966807,0.0225376447480306,TRUE,16
1-3,-0.0164565354328733,0.0138121571172154,TRUE,16
2-2,0.119814934560905,0.0576756860733704,TRUE,16
2-3,-0.00935691578426312,0.0163340989124193,TRUE,16
3-3,-0.20524022456018,0.028960770862692,TRUE,16
(Intercept):1,-1.112174593638,0.0434882172871401,TRUE,16
(Intercept):2,-1.57029637789543,0.0542438701286183,TRUE,16
Covariate:1,0.546577650314226,0.0629122585610668,TRUE,16
Covariate:2,-0.474922198388062,0.0739642021204886,TRUE,16
1-1,0.0738496328117704,0.0444513744694153,TRUE,16
1-2,-0.035368951713598,0.0225814833621085,TRUE,16
1-3,-0.00244042980121739,0.0137216450308815,TRUE,16
2-2,0.204155318601023,0.0509725572909614,TRUE,16
2-3,-0.0133381507647169,0.0154050748540065,TRUE,16
3-3,-0.231103558232651,0.0284412618696079,TRUE,16
(Intercept):1,-1.08362864156638,0.0459337588884327,TRUE,16
(Intercept):2,-1.66642482077246,0.0615235499594347,TRUE,16
Covariate:1,0.552339167317326,0.0623126369744534,TRUE,16
Covariate:2,-0.555245930252568,0.0753185200267242,TRUE,16
1-1,0.109975136994945,0.0427756361095566,TRUE,16
1-2,0.00181369989504473,0.0211430312841323,TRUE,16
1-3,0.000149114259172753,0.0149468420974916,TRUE,16
2-2,0.283775792151269,0.0507299150880829,FALSE,16
2-3,0.00934140841493678,0.0161345058670228,TRUE,16
3-3,-0.217944318770095,0.0285470968352079,TRUE,16
(Intercept):1,-1.09446608120412,0.042881157589786,TRUE,16
(Intercept):2,-1.58554820508334,0.05651652757214,TRUE,16
Covariate:1,0.450635063138373,0.0656856279105725,TRUE,16
Covariate:2,-0.417129892658287,0.0749657628479888,TRUE,16
1-1,0.0569535206539921,0.0440935941716222,TRUE,16
1-2,0.00504630275019174,0.0205843988848162,TRUE,16
1-3,0.016949636953547,0.013333583315977,TRUE,16
2-2,0.203308361976831,0.0576527731699713,TRUE,16
2-3,-0.0023406497966196,0.0163414172671325,TRUE,16
3-3,-0.222715585609604,0.0288996687033427,TRUE,16
(Intercept):1,-1.08698552724394,0.0451689516108594,TRUE,16
(Intercept):2,-1.47786630862064,0.055127267419667,FALSE,16
Covariate:1,0.448395191971506,0.0646547595983251,TRUE,16
Covariate:2,-0.553665446114452,0.0775910178548431,TRUE,16
1-1,0.167913067006015,0.040766011777165,TRUE,16
1-2,-0.0284356946948677,0.0212637389778998,TRUE,16
1-3,-0.0237874734600946,0.0133519163054393,TRUE,16
2-2,-0.00204905552044185,0.0670886198549798,FALSE,16
2-3,-0.0199850517644421,0.0156651694747716,TRUE,16
3-3,-0.218077062603034,0.0287502230837135,TRUE,16
(Intercept):1,-1.07612006969394,0.0425762997484651,TRUE,16
(Intercept):2,-1.53883197529329,0.0570120293044678,TRUE,16
Covariate:1,0.562397499724735,0.0608834019383762,TRUE,16
Covariate:2,-0.498848411842679,0.0739817436911728,TRUE,16
1-1,0.0581976623332193,0.0449345406311889,TRUE,16
1-2,-0.00279543664102539,0.0221031996309437,TRUE,16
1-3,0.0013027359758266,0.0140669288900599,TRUE,16
2-2,0.206502470137474,0.0538018259833994,TRUE,16
2-3,-0.0268488958143511,0.0169052560425036,TRUE,16
3-3,-0.212553244660843,0.0291788879579465,TRUE,16
(Intercept):1,-1.07314704814584,0.0434138008765548,TRUE,16
(Intercept):2,-1.61111881068482,0.0573920666314555,TRUE,16
Covariate:1,0.447188388916165,0.0686063420784315,TRUE,16
Covariate:2,-0.582729391651919,0.0776988315157666,TRUE,16
1-1,0.102325527097925,0.0429228522017515,TRUE,16
1-2,-0.00954861318063645,0.021751194251487,TRUE,16
1-3,-0.00134180281875955,0.0135539296823496,TRUE,16
2-2,0.100076713416984,0.0582277736503619,TRUE,16
2-3,0.0177252134379171,0.0153604278943625,TRUE,16
3-3,-0.228680731485612,0.0283867729662712,TRUE,16
(Intercept):1,-1.04713998016967,0.0432972751018585,TRUE,16
(Intercept):2,-1.61214772762433,0.056162841703939,TRUE,16
Covariate:1,0.433326891865381,0.0686336186826929,TRUE,16
Covariate:2,-0.518910003626481,0.0768227889793963,TRUE,16
1-1,0.0175462515023776,0.0424986667463631,TRUE,16
1-2,-0.0369360468118077,0.0220137658835741,TRUE,16
1-3,-0.0186662209441902,0.0141029830815866,TRUE,16
2-2,0.168095740849887,0.0527642209551196,TRUE,16
2-3,-0.00337496338300167,0.0160215580232404,TRUE,16
3-3,-0.279609781829142,0.0303811424123442,TRUE,16
(Intercept):1,-1.09966225978614,0.0416220592012632,TRUE,16
(Intercept):2,-1.57461377021576,0.0591324828207493,TRUE,16
Covariate:1,0.438625130628838,0.0629837488431382,TRUE,16
Covariate:2,-0.495646096357059,0.0763172816493411,TRUE,16
1-1,0.122897474993951,0.0427153714883584,TRUE,16
1-2,-0.00323655557835492,0.0211400984680035,TRUE,16
1-3,-0.00369648344370348,0.0130344562162392,TRUE,16
2-2,0.163826068465633,0.0535865213901997,TRUE,16
2-3,-0.0123884454775477,0.0163693090401054,TRUE,16
3-3,-0.198808125417262,0.0288291748629317,TRUE,16
(Intercept):1,-1.08609620008387,0.0443922544818302,TRUE,16
(Intercept):2,-1.61978230392148,0.0595067009657327,TRUE,16
Covariate:1,0.566407126258914,0.0673471963003421,TRUE,16
Covariate:2,-0.438942881588579,0.0768309284027959,TRUE,16
1-1,0.00910830736950362,0.0411758586382678,FALSE,16
1-2,-0.0186310329970383,0.0208334589719398,TRUE,16
1-3,-0.0145379011459317,0.014333715785476,TRUE,16
2-2,0.189889326869917,0.0593311117183399,TRUE,16
2-3,-0.0338133874574193,0.0164101886988704,FALSE,16
3-3,-0.274304612598399,0.0292692312819228,TRUE,16
(Intercept):1,-1.08812326283033,0.04122899492976,TRUE,16
(Intercept):2,-1.5571854274632,0.0566661830050283,TRUE,16
Covariate:1,0.489859650335916,0.0627205575747455,TRUE,16
Covariate:2,-0.535963667822565,0.0735763052576534,TRUE,16
1-1,0.11977778452193,0.0404830254763808,TRUE,16
1-2,0.00186588175851015,0.0203559900062427,TRUE,16
1-3,-0.00800142002524556,0.0134565894415638,TRUE,16
2-2,0.183080743266054,0.0516992549540577,TRUE,16
2-3,-0.0130177880854512,0.0163596276718147,TRUE,16
3-3,-0.2322184513829,0.0285481042245946,TRUE,16
(Intercept):1,-1.16915018213183,0.0443867387993198,TRUE,16
(Intercept):2,-1.63998354072755,0.0589259810693833,TRUE,16
Covariate:1,0.53603838893441,0.0680353002354914,TRUE,16
Covariate:2,-0.54643339206511,0.0770663543865256,TRUE,16
1-1,0.138636945961506,0.0408557409821165,TRUE,16
1-2,0.0579003893702034,0.0209479596842105,FALSE,16
1-3,0.0155708653574813,0.0141257973111385,TRUE,16
2-2,0.149641432773497,0.059343967516113,TRUE,16
2-3,0.0116297252025125,0.0164610598843422,TRUE,16
3-3,-0.21541608126622,0.0289367049275164,TRUE,16
(Intercept):1,-1.04182922989703,0.0425892954724988,TRUE,16
(Intercept):2,-1.46300573295536,0.0538868482311747,FALSE,16
Covariate:1,0.466128910817473,0.0649254131074059,TRUE,16
Covariate:2,-0.471064430403034,0.0738477054689907,TRUE,16
1-1,0.05545191176908,0.0445771036947049,TRUE,16
1-2,-0.0406768616319516,0.019718582225309,FALSE,16
1-3,-0.0125228052363925,0.0137435725733237,TRUE,16
2-2,0.186402378476058,0.0545400367377305,TRUE,16
2-3,-0.0292247799394493,0.0154681898290722,TRUE,16
3-3,-0.226040281488174,0.0282430804472711,TRUE,16
(Intercept):1,-1.08721026681663,0.0412151720270646,TRUE,16
(Intercept):2,-1.67939395863628,0.0619998167229888,TRUE,16
Covariate:1,0.50718722475421,0.0632043467660432,TRUE,16
Covariate:2,-0.46335574281781,0.0786632855277245,TRUE,16
1-1,0.0970383151575168,0.0445176243562571,TRUE,16
1-2,0.0115468683820563,0.0210666201559957,TRUE,16
1-3,-0.0107213889115249,0.0133816405264438,TRUE,16
2-2,0.194424496584974,0.0551452062365803,TRUE,16
2-3,0.00261573329460305,0.0162794133791903,TRUE,16
3-3,-0.223189265234733,0.0305538909388295,TRUE,16
(Intercept):1,-1.05420429560464,0.0438110827698052,TRUE,16
(Intercept):2,-1.58571977437951,0.0585891596325375,TRUE,16
Covariate:1,0.50948314975762,0.0638016334363194,TRUE,16
Covariate:2,-0.471383286887671,0.0760388301456025,TRUE,16
1-1,0.0610571975849331,0.0422818529052948,TRUE,16
1-2,-0.0296847546467715,0.0217013919244542,TRUE,16
1-3,0.00336656622673205,0.014333506938005,TRUE,16
2-2,0.10950609790067,0.05699287150242,TRUE,16
2-3,0.0239127827784635,0.0161693648867239,TRUE,16
3-3,-0.215183058130623,0.0294703989773109,TRUE,16
(Intercept):1,-1.11391692760444,0.043012187697292,TRUE,16
(Intercept):2,-1.64556953356754,0.0555533570438924,TRUE,16
Covariate:1,0.553777194762226,0.0642342846828783,TRUE,16
Covariate:2,-0.469380841121076,0.0752267203275549,TRUE,16
1-1,0.0726411988892913,0.041290063920664,TRUE,16
1-2,0.0104674998195093,0.0210513895066737,TRUE,16
1-3,-0.0270443949787438,0.0135899370144672,FALSE,16
2-2,0.246430181927135,0.0539958284024578,TRUE,16
2-3,-0.00899248770461576,0.0155646476335493,TRUE,16
3-3,-0.239958214428552,0.0278262824961293,TRUE,16
(Intercept):1,-1.14146677494747,0.0435330705475326,TRUE,16
(Intercept):2,-1.62818087244902,0.0549664356949558,TRUE,16
Covariate:1,0.588310929858173,0.0660520435735345,TRUE,16
Covariate:2,-0.418925877242882,0.0748965511303364,TRUE,16
1-1,0.113213408211351,0.0389410089994585,TRUE,16
1-2,0.00512145037455568,0.0210899547191644,TRUE,16
1-3,-0.00130245885643512,0.0137735794143841,TRUE,16
2-2,0.242195286593129,0.0532089402340127,TRUE,16
2-3,-0.013555561654579,0.0164150372196525,TRUE,16
3-3,-0.240943998268657,0.0299170667603692,TRUE,16
(Intercept):1,-1.18641043004169,0.0440213569179775,FALSE,16
(Intercept):2,-1.67673827753816,0.0582969224299526,TRUE,16
Covariate:1,0.434060233742471,0.0651944936035927,TRUE,16
Covariate:2,-0.597447877852653,0.0820087990392833,TRUE,16
1-1,0.174292797930611,0.0368812790938276,FALSE,16
1-2,0.013570993867087,0.0221178344860905,TRUE,16
1-3,0.00590296321505129,0.0139910534579805,TRUE,16
2-2,0.120680223500492,0.0649462066238972,TRUE,16
2-3,0.00899376980221784,0.0159531478735984,TRUE,16
3-3,-0.215291715992394,0.0292312840796616,TRUE,16
(Intercept):1,-1.07618818593204,0.0423416723884824,TRUE,16
(Intercept):2,-1.70126211941398,0.0590124296474529,TRUE,16
Covariate:1,0.503465289472019,0.0643349437315756,TRUE,16
Covariate:2,-0.467734143661211,0.0762292282567606,TRUE,16
1-1,0.0811205780787763,0.0414776101501432,TRUE,16
1-2,0.0254303922801061,0.0208245154118478,TRUE,16
1-3,-0.00506507070703974,0.013571338125948,TRUE,16
2-2,0.265302639912315,0.058735532723773,TRUE,16
2-3,0.0202062636215894,0.0151380524180747,TRUE,16
3-3,-0.189379535483855,0.0283422177805759,TRUE,16
(Intercept):1,-1.07714467611414,0.0417891023784429,TRUE,16
(Intercept):2,-1.65373616532789,0.0590289495280714,TRUE,16
Covariate:1,0.552522961453967,0.0662300593755168,TRUE,16
Covariate:2,-0.593518495726157,0.0756414944387439,TRUE,16
1-1,0.000790698376437819,0.0417907273191094,FALSE,16
1-2,0.00937932172979487,0.0205107173659625,TRUE,16
1-3,-0.00110618302520977,0.0142269502316299,TRUE,16
2-2,0.192620000629255,0.0476181075407153,TRUE,16
2-3,0.00794946536473845,0.0156817774358398,TRUE,16
3-3,-0.268783406096235,0.0289827700369063,TRUE,16
(Intercept):1,-1.16600929444537,0.0463098713197705,TRUE,16
(Intercept):2,-1.575298157501,0.0552717160506309,TRUE,16
Covariate:1,0.498922436681033,0.0666268335266599,TRUE,16
Covariate:2,-0.310163576571887,0.0735127426081729,FALSE,16
1-1,0.118551864472358,0.0409584579150738,TRUE,16
1-2,0.0144264762101536,0.0213802730444452,TRUE,16
1-3,0.00470740621771741,0.0144995977260969,TRUE,16
2-2,0.159516046796259,0.0569830216129997,TRUE,16
2-3,-0.0108405699102732,0.0158858861673525,TRUE,16
3-3,-0.218501815922606,0.029067316528703,TRUE,16
(Intercept):1,-1.08949856942564,0.0434848854371761,TRUE,16
(Intercept):2,-1.57326486689531,0.0548656355488139,TRUE,16
Covariate:1,0.497132313636246,0.0638464851707451,TRUE,16
Covariate:2,-0.525012141371379,0.0778659987567667,TRUE,16
1-1,0.123717266621442,0.0421106087951624,TRUE,16
1-2,-0.0383006568615083,0.0219745314182304,TRUE,16
1-3,1.06578529620638e-05,0.0143201246132657,TRUE,16
2-2,0.183984959411449,0.0622568763272922,TRUE,16
2-3,0.000332613307663219,0.0159283453414968,TRUE,16
3-3,-0.215360951330714,0.0282264506230839,TRUE,16
(Intercept):1,-1.06261221295362,0.0419544125141581,TRUE,16
(Intercept):2,-1.62933045940107,0.05808051612421,TRUE,16
Covariate:1,0.502936402567154,0.0628117335642206,TRUE,16
Covariate:2,-0.301754529036195,0.0730707659645781,FALSE,16
1-1,0.0542694816757138,0.042054719844006,TRUE,16
1-2,-0.0223170867905424,0.0212318898127106,TRUE,16
1-3,-0.0148229943556655,0.0140760790327945,TRUE,16
2-2,0.197113243956092,0.0572205086863391,TRUE,16
2-3,-0.00840382718696914,0.0163450424379385,TRUE,16
3-3,-0.263308429725853,0.0297641627986682,TRUE,16
(Intercept):1,-1.10010696049143,0.0441360232179354,TRUE,16
(Intercept):2,-1.58605486674941,0.0528948125488789,TRUE,16
Covariate:1,0.53443655500576,0.0632050245751571,TRUE,16
Covariate:2,-0.416972733731022,0.0737941325851118,TRUE,16
1-1,0.0406731310872434,0.0414306254698866,TRUE,16
1-2,-0.0325185698650858,0.0221926251429748,TRUE,16
1-3,-0.017965648086705,0.0141731507748583,TRUE,16
2-2,0.203656967574569,0.0559480857558385,TRUE,16
2-3,-0.0264767832293338,0.016058337162462,TRUE,16
3-3,-0.2907097557782,0.0301992218540682,FALSE,16
(Intercept):1,-1.11068819100405,0.043302997020049,TRUE,16
(Intercept):2,-1.62143325942576,0.0554696087153533,TRUE,16
Covariate:1,0.416726661806235,0.0655508671521774,TRUE,16
Covariate:2,-0.567722170649815,0.0765477874460254,TRUE,16
1-1,0.0721829131572561,0.0432409859157929,TRUE,16
1-2,-0.000151583699294429,0.0204566899775145,TRUE,16
1-3,-0.00258709629544253,0.0143025970946867,TRUE,16
2-2,0.229775077141331,0.0542803789681439,TRUE,16
2-3,0.000641507041352645,0.0157461198320287,TRUE,16
3-3,-0.219529065425109,0.0273365428760742,TRUE,16
(Intercept):1,-1.06638772656914,0.0417350268597274,TRUE,16
(Intercept):2,-1.63892795789788,0.0568247703570099,TRUE,16
Covariate:1,0.614159396901824,0.0646027159404411,TRUE,16
Covariate:2,-0.340250078494997,0.0779482971155813,FALSE,16
1-1,0.0902458967546645,0.0428139174077317,TRUE,16
1-2,0.0153692252641604,0.0215366476911228,TRUE,16
1-3,-0.0145174688736602,0.0141588477465842,TRUE,16
2-2,0.185021840467485,0.0564457703641955,TRUE,16
2-3,0.0153503443614295,0.0159114065848808,TRUE,16
3-3,-0.218882836487664,0.0297956850432989,TRUE,16
(Intercept):1,-1.08333992617742,0.0427135929132591,TRUE,16
(Intercept):2,-1.66847423548992,0.0571222567469286,TRUE,16
Covariate:1,0.46715448405392,0.0635156011491264,TRUE,16
Covariate:2,-0.574851884950517,0.0803589266942911,TRUE,16
1-1,0.0566428522556521,0.0411171675639594,TRUE,16
1-2,-0.014965140246304,0.0205364769446294,TRUE,16
1-3,-0.0430509628746041,0.0139434977545019,FALSE,16
2-2,0.17591751530589,0.0596890208472621,TRUE,16
2-3,-0.0430673966269059,0.0158733321896203,FALSE,16
3-3,-0.294576846345643,0.028077454641771,FALSE,16
(Intercept):1,-1.11956128234127,0.0459778318540356,TRUE,16
(Intercept):2,-1.64387128438639,0.0572319317099791,TRUE,16
Covariate:1,0.515629634735793,0.0640895507330976,TRUE,16
Covariate:2,-0.509808079780326,0.0771281140238481,TRUE,16
1-1,0.0949537564657411,0.0393283594816162,TRUE,16
1-2,-0.00909603058079137,0.0210036264817262,TRUE,16
1-3,-0.00730502598729306,0.0138267849940252,TRUE,16
2-2,0.176794364276363,0.0557254329350318,TRUE,16
2-3,0.00883165038193947,0.0161345718199808,TRUE,16
3-3,-0.22770186180564,0.0274520177217165,TRUE,16
(Intercept):1,-1.05749303514345,0.0422637907728663,TRUE,16
(Intercept):2,-1.58776197821381,0.0583839127912415,TRUE,16
Covariate:1,0.498395807721658,0.0651765250983004,TRUE,16
Covariate:2,-0.604597576487154,0.0805110502834608,TRUE,16
1-1,0.0993234894421689,0.040217654707237,TRUE,16
1-2,-0.00289205095924605,0.0209088022214203,TRUE,16
1-3,-0.0170990384910536,0.0133618249754817,TRUE,16
2-2,0.0916327248572298,0.0648393340107658,TRUE,16
2-3,0.000548042489327012,0.0157267717915349,TRUE,16
3-3,-0.203323836626248,0.0278675751614236,TRUE,16
(Intercept):1,-1.0404970713487,0.041348215919146,TRUE,16
(Intercept):2,-1.44858980670582,0.0548283154362546,FALSE,16
Covariate:1,0.577302917449543,0.06309465599028,TRUE,16
Covariate:2,-0.490983565686614,0.0776612066605427,TRUE,16
1-1,0.0347321459468262,0.0383832362963764,TRUE,16
1-2,-0.0202317243014723,0.0210354014012909,TRUE,16
1-3,-0.019556437863941,0.0129116329276285,TRUE,16
2-2,0.0592014286693889,0.0656140266057516,TRUE,16
2-3,-0.0394725671736051,0.015524733237098,FALSE,16
3-3,-0.184121176526156,0.0259909810458329,TRUE,16
(Intercept):1,-1.04455600884056,0.0420123364429294,TRUE,16
(Intercept):2,-1.48388476055723,0.0549319036081461,FALSE,16
Covariate:1,0.542976870929535,0.0646468186795478,TRUE,16
Covariate:2,-0.342505436814583,0.0764256550803359,FALSE,16
1-1,0.0567959489349446,0.0433236427179937,TRUE,16
1-2,-0.0594165554271539,0.0217939036999256,FALSE,16
1-3,-0.0100332541312951,0.0135104943275445,TRUE,16
2-2,0.0552417699714962,0.0727199203231747,TRUE,16
2-3,-0.00873445465656555,0.0164966701833979,TRUE,16
3-3,-0.261764398231568,0.0273536752846279,TRUE,16
(Intercept):1,-1.13156204056389,0.0448352986287068,TRUE,16
(Intercept):2,-1.59525311041995,0.055683684723488,TRUE,16
Covariate:1,0.505449514098279,0.0648640025960048,TRUE,16
Covariate:2,-0.500421042240279,0.0764505389683468,TRUE,16
1-1,0.153473990247652,0.0414027432303161,TRUE,16
1-2,-0.0129468605870394,0.0220248320741383,TRUE,16
1-3,0.00851935936513842,0.0137897271706536,TRUE,16
2-2,0.118703335913081,0.0527641365096053,TRUE,16
2-3,0.0229750552313652,0.0161139237130202,TRUE,16
3-3,-0.245794056393029,0.0308054710185703,TRUE,16
(Intercept):1,-1.07362112906496,0.042227240432723,TRUE,16
(Intercept):2,-1.51808008339607,0.052030904138757,TRUE,16
Covariate:1,0.495534091483603,0.0638348879408608,TRUE,16
Covariate:2,-0.515396190595483,0.0765001455622629,TRUE,16
1-1,0.0631609173435157,0.0420876662826875,TRUE,16
1-2,-0.0226491363308044,0.0219908091782705,TRUE,16
1-3,-0.00319568332363233,0.0136312207626898,TRUE,16
2-2,0.128732002222045,0.0586022478331329,TRUE,16
2-3,-0.00555370884410457,0.0148309146823094,TRUE,16
3-3,-0.202258992689705,0.0287003848339246,TRUE,16
(Intercept):1,-1.14054191330608,0.0431251182274523,TRUE,16
(Intercept):2,-1.67779413341729,0.0565548142254175,TRUE,16
Covariate:1,0.564706204207675,0.0633590385896126,TRUE,16
Covariate:2,-0.425532177221795,0.077986222552691,TRUE,16
1-1,0.124004487829741,0.0408650297431124,TRUE,16
1-2,0.0324747729442222,0.0208878004662438,TRUE,16
1-3,0.00490165121064096,0.0139371805027473,TRUE,16
2-2,0.184709530854122,0.0582758586839758,TRUE,16
2-3,0.0176552948656078,0.0154068463704679,TRUE,16
3-3,-0.210270198762018,0.0294442055616304,TRUE,16
(Intercept):1,-1.0246997409763,0.0414025123195894,TRUE,16
(Intercept):2,-1.62157472278613,0.056001337702275,TRUE,16
Covariate:1,0.575343655232623,0.0627737147535953,TRUE,16
Covariate:2,-0.521752837847819,0.0756432819641524,TRUE,16
1-1,0.0162051870874347,0.0439763364617339,TRUE,16
1-2,-0.0295719049970202,0.0211663911208059,TRUE,16
1-3,0.00542660398734694,0.0137905664661841,TRUE,16
2-2,0.217410319080343,0.0621597004381083,TRUE,16
2-3,0.0147132049765805,0.0160831668104474,TRUE,16
3-3,-0.164133370051654,0.0277330765380556,FALSE,16
(Intercept):1,-1.11367848478745,0.0412450556986228,TRUE,16
(Intercept):2,-1.68983683100106,0.0576488944333226,TRUE,16
Covariate:1,0.436784539209448,0.0625092203703933,TRUE,16
Covariate:2,-0.554213208576437,0.0769724491578893,TRUE,16
1-1,0.191900059000875,0.0415912260265001,FALSE,16
1-2,0.0262943720437204,0.0207399853649067,TRUE,16
1-3,0.00155056403320924,0.0132037759642619,TRUE,16
2-2,0.288595919934242,0.0627467249283881,TRUE,16
2-3,0.0115847478817064,0.01460719388125,TRUE,16
3-3,-0.155142572115287,0.0271826629102907,FALSE,16
(Intercept):1,-1.07831690144797,0.0421585936535652,TRUE,16
(Intercept):2,-1.58536385757522,0.0548507252589758,TRUE,16
Covariate:1,0.476026988617787,0.0656122332205946,TRUE,16
Covariate:2,-0.41776622248787,0.0749611792953014,TRUE,16
1-1,0.0568805901460082,0.0435874647977956,TRUE,16
1-2,-0.016397311788113,0.0217921579456157,TRUE,16
1-3,-0.015913718988221,0.0144544395875488,TRUE,16
2-2,0.174149036077934,0.050134606138522,TRUE,16
2-3,0.00360115908469962,0.0160840127724469,TRUE,16
3-3,-0.239430325341796,0.0283199047931661,TRUE,16
(Intercept):1,-1.1847100666038,0.0451014575629305,TRUE,16
(Intercept):2,-1.60667145598927,0.0602418054168561,TRUE,16
Covariate:1,0.426317624572158,0.069546335124627,TRUE,16
Covariate:2,-0.611818473278132,0.0793598238507933,TRUE,16
1-1,0.0850888627844289,0.0442922112687298,TRUE,16
1-2,-0.011436855999265,0.0221137821934895,TRUE,16
1-3,-0.00277740463838307,0.0142258596453102,TRUE,16
2-2,0.0595241972900281,0.0635737477452879,TRUE,16
2-3,-0.000967815262974725,0.016257179388134,TRUE,16
3-3,-0.29563400794013,0.0302394111334162,FALSE,16
(Intercept):1,-1.08943304128699,0.0429018879800758,TRUE,16
(Intercept):2,-1.64104708998258,0.0569423019552628,TRUE,16
Covariate:1,0.659670722848345,0.0635251950214052,FALSE,16
Covariate:2,-0.336542765714551,0.0731683647942815,FALSE,16
1-1,0.159901638701004,0.0393901543045076,TRUE,16
1-2,0.025491394578286,0.0194009101917192,TRUE,16
1-3,0.00308196898690231,0.0139201894921521,TRUE,16
2-2,0.230019961387197,0.0525895056021737,TRUE,16
2-3,0.0133067076101234,0.0162606507558859,TRUE,16
3-3,-0.240214942368205,0.0288730601824781,TRUE,16
(Intercept):1,-1.05609964878525,0.0447870937153933,TRUE,16
(Intercept):2,-1.64943185211293,0.0602110146009498,TRUE,16
Covariate:1,0.520455686741646,0.0637490993048679,TRUE,16
Covariate:2,-0.633785550847217,0.0816746186401745,TRUE,16
1-1,0.136588871944282,0.042329169252962,TRUE,16
1-2,0.0318776540575962,0.0219318621889229,TRUE,16
1-3,0.0213256926044486,0.0143070034384685,TRUE,16
2-2,0.197732994977521,0.0613237644702455,TRUE,16
2-3,0.0246624545330684,0.0165704812742009,TRUE,16
3-3,-0.15474445215061,0.0293096510771459,FALSE,16
(Intercept):1,-1.05068774672773,0.0416503039238091,TRUE,16
(Intercept):2,-1.61908421624513,0.0614468220619953,TRUE,16
Covariate:1,0.481976377349529,0.0618923147952397,TRUE,16
Covariate:2,-0.446891432778312,0.0766038258335948,TRUE,16
1-1,0.0693800804619665,0.0402500417103971,TRUE,16
1-2,0.00891234814109135,0.0213277325460744,TRUE,16
1-3,-0.00719588386369561,0.0135429297875148,TRUE,16
2-2,0.208435336914886,0.0571446299817149,TRUE,16
2-3,-0.00245382657125113,0.0161431558871477,TRUE,16
3-3,-0.199064828813433,0.0280810193436753,TRUE,16
(Intercept):1,-1.06441228972721,0.0441488358930833,TRUE,16
(Intercept):2,-1.61180681134467,0.0563570910302,TRUE,16
Covariate:1,0.566755452426709,0.0632724835836558,TRUE,16
Covariate:2,-0.500968245978931,0.0768587037571934,TRUE,16
1-1,-0.000944618106928302,0.0432666076983258,FALSE,16
1-2,-0.0365691868499023,0.0211545506474177,TRUE,16
1-3,-0.00688041947246925,0.0143519167763817,TRUE,16
2-2,0.15671025639787,0.0635068981153517,TRUE,16
2-3,-0.015825795089631,0.0160386316461962,TRUE,16
3-3,-0.284607719182902,0.0295894493758911,FALSE,16
(Intercept):1,-1.03112766123095,0.042480191818724,TRUE,16
(Intercept):2,-1.59495714430786,0.054589804738499,TRUE,16
Covariate:1,0.507862162930133,0.066236804735325,TRUE,16
Covariate:2,-0.350973446409322,0.0769288121359514,TRUE,16
1-1,0.0411504652007402,0.04035263457562,TRUE,16
1-2,-0.0330824851899671,0.0216621259582275,TRUE,16
1-3,-0.00792771850241892,0.0137825725767977,TRUE,16
2-2,0.0842221859016602,0.0579633249526996,TRUE,16
2-3,0.0172686097508652,0.0160008609014908,TRUE,16
3-3,-0.300074205551717,0.0289040325536766,FALSE,16
(Intercept):1,-1.06493802584023,0.0411228490857291,TRUE,16
(Intercept):2,-1.60951777810942,0.0610380336050584,TRUE,16
Covariate:1,0.506039231543167,0.0642369368138026,TRUE,16
Covariate:2,-0.414441258342244,0.0759488297342622,TRUE,16
1-1,0.00993738902674201,0.0421543735109478,FALSE,16
1-2,0.00702452865993861,0.0221767737053917,TRUE,16
1-3,-0.00506840614275075,0.0138137853994291,TRUE,16
2-2,0.134404529265425,0.0616483138009193,TRUE,16
2-3,-0.00543122601558094,0.0159923893521686,TRUE,16
3-3,-0.23312651058903,0.0298521172643251,TRUE,16
(Intercept):1,-1.03614429522806,0.0422127179625654,TRUE,16
(Intercept):2,-1.60835625930697,0.0572880912439582,TRUE,16
Covariate:1,0.481369467543869,0.0624629604158074,TRUE,16
Covariate:2,-0.556405210075698,0.0751649605490833,TRUE,16
1-1,0.0687147124365864,0.0444885822149842,TRUE,16
1-2,-0.0098302877663821,0.0221367451205763,TRUE,16
1-3,-0.016334151881032,0.0140627224563239,TRUE,16
2-2,0.212996677573524,0.0548127630566143,TRUE,16
2-3,0.00349328576863216,0.016265923545121,TRUE,16
3-3,-0.210261898978624,0.0288446576312296,TRUE,16
(Intercept):1,-1.10048667080672,0.0424047430743537,TRUE,16
(Intercept):2,-1.50965758513219,0.0548099897282974,TRUE,16
Covariate:1,0.474181996347074,0.0634202346565247,TRUE,16
Covariate:2,-0.526092097802529,0.0756562492151278,TRUE,16
1-1,0.154933161291761,0.0373075575043415,TRUE,16
1-2,0.0146419851006121,0.0196491321604461,TRUE,16
1-3,-0.00370432080406841,0.0132417823006443,TRUE,16
2-2,0.140806409112757,0.0555301208791401,TRUE,16
2-3,-0.0367851233250661,0.0153704520301627,FALSE,16
3-3,-0.192609102489581,0.0265471676555733,TRUE,16
(Intercept):1,-1.11343482967016,0.0403294194947053,TRUE,16
(Intercept):2,-1.55225513328131,0.0575815072321961,TRUE,16
Covariate:1,0.487482403459784,0.064923346884109,TRUE,16
Covariate:2,-0.508184092979094,0.0757877251227511,TRUE,16
1-1,0.134982096532793,0.0422487320667741,TRUE,16
1-2,-0.0206723113091968,0.0220049272607678,TRUE,16
1-3,-0.00555327565784741,0.0136317300935921,TRUE,16
2-2,0.119837689355835,0.0593631124912349,TRUE,16
2-3,-0.00133522694866997,0.0164377555083877,TRUE,16
3-3,-0.2019842440125,0.0294709748313513,TRUE,16
(Intercept):1,-1.0981690233692,0.0431321742408579,TRUE,16
(Intercept):2,-1.60137328034531,0.0585760329578479,TRUE,16
Covariate:1,0.473979945637617,0.0643247825855146,TRUE,16
Covariate:2,-0.597438662588972,0.0728528988245755,TRUE,16
1-1,0.0306679258723338,0.0428360824673246,TRUE,16
1-2,-0.00885503859516678,0.0206150269856725,TRUE,16
1-3,-0.0091920045668889,0.0134420304371676,TRUE,16
2-2,0.18590658924672,0.0529375912980423,TRUE,16
2-3,-0.00508964331398598,0.0162383463186642,TRUE,16
3-3,-0.251246454685376,0.0275037884027853,TRUE,16
(Intercept):1,-1.0572491341162,0.0412890780767204,TRUE,16
(Intercept):2,-1.56831803003992,0.0540917330527026,TRUE,16
Covariate:1,0.524801439883477,0.0616806359537625,TRUE,16
Covariate:2,-0.294901392364883,0.0767956277656031,FALSE,16
1-1,0.114562054553323,0.036250274902913,TRUE,16
1-2,-0.0214975370513423,0.0201146920112502,TRUE,16
1-3,-0.0230932783443765,0.0136815597308273,TRUE,16
2-2,0.153812375988959,0.0534102306597884,TRUE,16
2-3,-0.000319988498308004,0.0151851647941497,TRUE,16
3-3,-0.229755755843692,0.0306475273056022,TRUE,16
(Intercept):1,-1.10968612503034,0.0448868597245775,TRUE,16
(Intercept):2,-1.51923264198519,0.0543906083614468,TRUE,16
Covariate:1,0.577479287882665,0.0649499602334719,TRUE,16
Covariate:2,-0.364083975689815,0.0753399009283871,TRUE,16
1-1,0.165948576890172,0.0402915820485583,TRUE,16
1-2,-0.00401397977406026,0.0210290261556474,TRUE,16
1-3,-0.0169796078859473,0.0137797307608804,TRUE,16
2-2,0.184798190503485,0.0549351048927945,TRUE,16
2-3,-0.0198192061835977,0.0156298017975802,TRUE,16
3-3,-0.216805258768389,0.0309038350963343,TRUE,16
(Intercept):1,-1.06984623309713,0.0423125841878995,TRUE,16
(Intercept):2,-1.50833917120675,0.0562648208305053,TRUE,16
Covariate:1,0.530067761801585,0.0622379219872723,TRUE,16
Covariate:2,-0.439267465193594,0.0752256109030747,TRUE,16
1-1,0.150825468941742,0.0381129200490917,TRUE,16
1-2,-0.0256380718914978,0.0205378473405495,TRUE,16
1-3,-0.0127625538476977,0.0136208851167636,TRUE,16
2-2,0.174210396236315,0.0519509560915581,TRUE,16
2-3,-0.0102336676143991,0.0152992560756516,TRUE,16
3-3,-0.23295926349483,0.0288003899469098,TRUE,16
(Intercept):1,-1.16611853312829,0.0434499662869276,TRUE,16
(Intercept):2,-1.7365965548147,0.0605523757938544,FALSE,16
Covariate:1,0.518193696039668,0.0632120513120211,TRUE,16
Covariate:2,-0.486827093297066,0.0760309699041607,TRUE,16
1-1,0.102967454665529,0.0408962981964206,TRUE,16
1-2,0.0460451459922196,0.0215204797957167,FALSE,16
1-3,-0.005246956854496,0.0142619474372865,TRUE,16
2-2,0.264592430389778,0.0592984792600307,TRUE,16
2-3,-0.0272813498281557,0.0167166469734009,TRUE,16
3-3,-0.313702944337943,0.0317746006801947,FALSE,16
(Intercept):1,-1.05457126812455,0.0424078453875986,TRUE,16
(Intercept):2,-1.47150217176656,0.0563956975159,FALSE,16
Covariate:1,0.382727516345912,0.0649000433614568,TRUE,16
Covariate:2,-0.501726499262571,0.0747326408623824,TRUE,16
1-1,0.0495006187635874,0.0400419277496298,TRUE,16
1-2,-0.0583004827546323,0.0209769052059884,FALSE,16
1-3,-0.00968906393458715,0.0138776628619152,TRUE,16
2-2,0.0932500101690693,0.05743252727516,TRUE,16
2-3,-0.0199355032884591,0.0151726688786645,TRUE,16
3-3,-0.252009561497119,0.0285013207333782,TRUE,16
(Intercept):1,-1.08878069747432,0.0418995601797048,TRUE,16
(Intercept):2,-1.63945047200241,0.0566982121093243,TRUE,16
Covariate:1,0.454723637943281,0.0666280074865255,TRUE,16
Covariate:2,-0.265044738212895,0.0743197765708335,FALSE,16
1-1,0.0150082271985921,0.0427864413601467,TRUE,16
1-2,-0.0202332357966031,0.021173438486812,TRUE,16
1-3,-0.00576606693141484,0.0138390620603201,TRUE,16
2-2,0.214444177748488,0.0547713096459807,TRUE,16
2-3,-0.0139086050131062,0.0153615183362382,TRUE,16
3-3,-0.282420511341884,0.0303975773663259,TRUE,16
(Intercept):1,-1.06592165411106,0.0427579489402906,TRUE,16
(Intercept):2,-1.55424488541986,0.0563627982153724,TRUE,16
Covariate:1,0.573567087403552,0.0660224178326841,TRUE,16
Covariate:2,-0.38382741029765,0.0755597631630201,TRUE,16
1-1,0.0852808083570537,0.0421398791191849,TRUE,16
1-2,-0.0499299092927191,0.0230447889461716,FALSE,16
1-3,-0.0113748032864049,0.0139454208744537,TRUE,16
2-2,0.214934863484459,0.0622663494671902,TRUE,16
2-3,-0.0258444603568342,0.0163822658182676,TRUE,16
3-3,-0.22839362179225,0.0291562798318385,TRUE,16
(Intercept):1,-1.08481489623457,0.04342806238442,TRUE,16
(Intercept):2,-1.55353459251188,0.0583112968384973,TRUE,16
Covariate:1,0.48774711623577,0.062537945259523,TRUE,16
Covariate:2,-0.426516122402188,0.0756297794736236,TRUE,16
1-1,0.00576549954886812,0.0416190100571671,FALSE,16
1-2,-0.0107291098231621,0.0214457921934564,TRUE,16
1-3,-0.01440982860245,0.0140170507970328,TRUE,16
2-2,0.177330570028482,0.0548234567097121,TRUE,16
2-3,-0.0241503205837548,0.0161318278794376,TRUE,16
3-3,-0.236298806282117,0.0279291630944523,TRUE,16
(Intercept):1,-1.0864674295634,0.0437596004898115,TRUE,16
(Intercept):2,-1.55160039927771,0.0542639133779968,TRUE,16
Covariate:1,0.532349741271482,0.0636181123467857,TRUE,16
Covariate:2,-0.39477257250679,0.0764980099466948,TRUE,16
1-1,0.143842073544146,0.0404153406081838,TRUE,16
1-2,-0.0210379037866362,0.0222800787099632,TRUE,16
1-3,-0.00665539080369938,0.0134447086342112,TRUE,16
2-2,0.0660265043936026,0.0628856858525413,TRUE,16
2-3,-0.013468366794117,0.0152106263464364,TRUE,16
3-3,-0.239747331379663,0.0280690298008685,TRUE,16
(Intercept):1,-1.10528046955729,0.0425706931490163,TRUE,16
(Intercept):2,-1.5672145785779,0.0586287512014806,TRUE,16
Covariate:1,0.655231669201307,0.0653049769870098,FALSE,16
Covariate:2,-0.517961541029496,0.0750882004800491,TRUE,16
1-1,0.0602719148631463,0.0418006825309091,TRUE,16
1-2,0.0116860153491627,0.022591384800416,TRUE,16
1-3,-0.00234695970455961,0.013591735449144,TRUE,16
2-2,0.134499878343873,0.0593582992148069,TRUE,16
2-3,-0.00935031688300351,0.0156602937696365,TRUE,16
3-3,-0.22108140219531,0.0281486351971486,TRUE,16
(Intercept):1,-1.03687410233303,0.0420686312141264,TRUE,16
(Intercept):2,-1.59502047158216,0.0542590622236991,TRUE,16
Covariate:1,0.442902778376963,0.0623987383551015,TRUE,16
Covariate:2,-0.508472585813544,0.076168861662882,TRUE,16
1-1,0.090029211151448,0.0388627718629388,TRUE,16
1-2,-0.0172426524651728,0.0210350729602398,TRUE,16
1-3,0.000503201350909949,0.0138089363213507,TRUE,16
2-2,0.161158498421595,0.0588032939368147,TRUE,16
2-3,0.0116536099530103,0.0153897200508689,TRUE,16
3-3,-0.200942301147735,0.0285785814996769,TRUE,16
(Intercept):1,-1.02981007292584,0.0414903838957938,TRUE,16
(Intercept):2,-1.63902056469027,0.0572525675343261,TRUE,16
Covariate:1,0.449889600972522,0.0653650876474002,TRUE,16
Covariate:2,-0.603655527320778,0.0773865581238894,TRUE,16
1-1,-0.0177640082229367,0.0454425469072336,FALSE,16
1-2,-0.029055541624586,0.0208925867414126,TRUE,16
1-3,-0.00750128166423908,0.0139878685928054,TRUE,16
2-2,0.208461093989364,0.0587081324198117,TRUE,16
2-3,-0.0135368873284871,0.0151765819196205,TRUE,16
3-3,-0.219139037782591,0.0283348823918613,TRUE,16
(Intercept):1,-1.07222543633895,0.0428535801459666,TRUE,16
(Intercept):2,-1.53098483275674,0.053792142442151,TRUE,16
Covariate:1,0.450291194977113,0.0656556201670099,TRUE,16
Covariate:2,-0.426239250741123,0.0742600195747303,TRUE,16
1-1,0.0901441048482702,0.0409012082273222,TRUE,16
1-2,-0.0379274925695008,0.0201967738221647,TRUE,16
1-3,-0.00335444148308067,0.0144979082405975,TRUE,16
2-2,0.247847789857522,0.0579213216097607,TRUE,16
2-3,-0.0264353834086048,0.0162497485329727,TRUE,16
3-3,-0.303305568983026,0.0300338031697542,FALSE,16
(Intercept):1,-1.03850543381837,0.0418768019869325,TRUE,16
(Intercept):2,-1.70256522767551,0.0614407246822916,TRUE,16
Covariate:1,0.591618431001735,0.0632769237251943,TRUE,16
Covariate:2,-0.439368822908012,0.0804465859482843,TRUE,16
1-1,0.0275116321630957,0.0408861009496763,TRUE,16
1-2,0.0315907252476434,0.0208528253385396,TRUE,16
1-3,-0.0198353767889414,0.0143588173382179,TRUE,16
2-2,0.126415256764345,0.0609349917012898,TRUE,16
2-3,-0.00287033241743943,0.0170467227844382,TRUE,16
3-3,-0.225491334289582,0.0274100198356382,TRUE,16
(Intercept):1,-1.05709771358115,0.0417788000221821,TRUE,16
(Intercept):2,-1.55172479800288,0.0577701262085382,TRUE,16
Covariate:1,0.456225384005091,0.0656606303737577,TRUE,16
Covariate:2,-0.508804497398196,0.0753129561171191,TRUE,16
1-1,0.0789263285842515,0.0398226513585825,TRUE,16
1-2,-0.0148752409778259,0.0211171133574003,TRUE,16
1-3,-0.0141771899510611,0.0131444084818343,TRUE,16
2-2,0.070095748424925,0.0626416625370707,TRUE,16
2-3,-0.00691124335376109,0.0159051451475271,TRUE,16
3-3,-0.231606865721153,0.0293896592111975,TRUE,16
(Intercept):1,-1.09082224560619,0.0434126202490091,TRUE,16
(Intercept):2,-1.53871888700117,0.0570738380955838,TRUE,16
Covariate:1,0.462745040405202,0.0636265046715527,TRUE,16
Covariate:2,-0.580009949661478,0.0742300705741954,TRUE,16
1-1,0.125780237879311,0.0413936626505385,TRUE,16
1-2,-0.0113046403707676,0.0200205911444578,TRUE,16
1-3,-0.00128541490976799,0.013720511680446,TRUE,16
2-2,0.165394438690553,0.0539359733998407,TRUE,16
2-3,-0.0186350582565945,0.0156542378948147,TRUE,16
3-3,-0.221942444093656,0.0278679008402981,TRUE,16
(Intercept):1,-1.07295523666223,0.04189590839447,TRUE,16
(Intercept):2,-1.59744587059525,0.0573845395602,TRUE,16
Covariate:1,0.472623898804953,0.0645479398003297,TRUE,16
Covariate:2,-0.389973585436658,0.0767919180175577,TRUE,16
1-1,0.0680155762088446,0.0410430428351089,TRUE,16
1-2,0.00903095627744221,0.0206366032802559,TRUE,16
1-3,-0.00629698531043314,0.0136029978032895,TRUE,16
2-2,0.133368630559502,0.0618946426520247,TRUE,16
2-3,-0.0145230023748433,0.0162604316007057,TRUE,16
3-3,-0.217716492911991,0.0292534462109286,TRUE,16
(Intercept):1,-1.10195516713873,0.0431925103123568,TRUE,16
(Intercept):2,-1.55159590667725,0.055745092031151,TRUE,16
Covariate:1,0.550143902479148,0.0627450541367517,TRUE,16
Covariate:2,-0.510977378576,0.0778595306178614,TRUE,16
1-1,0.0275442987451882,0.0412426966717335,TRUE,16
1-2,-0.01592848423466,0.0206761929271619,TRUE,16
1-3,-0.0131673540985879,0.014246210469382,TRUE,16
2-2,0.103786001753862,0.0629548126507418,TRUE,16
2-3,-0.0312190856195938,0.0163937679537623,TRUE,16
3-3,-0.252320986460436,0.0298337935102591,TRUE,16
(Intercept):1,-1.00584531296506,0.0391052362484576,FALSE,16
(Intercept):2,-1.58078521547867,0.0551040169392173,TRUE,16
Covariate:1,0.482050942923131,0.0656750122365801,TRUE,16
Covariate:2,-0.630566757974714,0.0699854354343404,TRUE,16
1-1,0.0902357758816422,0.0383565442614319,TRUE,16
1-2,-0.016483138817896,0.0202922976454778,TRUE,16
1-3,-0.0273353879508913,0.0124270356641295,FALSE,16
2-2,0.224435885084697,0.0507097927770643,TRUE,16
2-3,-0.0182447240935768,0.0153681641550021,TRUE,16
3-3,-0.215967549094923,0.0279934149327673,TRUE,16
(Intercept):1,-1.04857835398806,0.0428451018211465,TRUE,16
(Intercept):2,-1.61859968945282,0.0587810533996231,TRUE,16
Covariate:1,0.601789909970349,0.0652040356301449,TRUE,16
Covariate:2,-0.442882084182586,0.0807790490234417,TRUE,16
1-1,0.0738312534707665,0.0423357773341856,TRUE,16
1-2,-0.0154477376662875,0.021967032470775,TRUE,16
1-3,-0.028901766519935,0.0147099550719544,FALSE,16
2-2,0.131334706238674,0.0698042967907966,TRUE,16
2-3,-0.017550152713114,0.0169693501488759,TRUE,16
3-3,-0.224142882742117,0.0297338747975499,TRUE,16
(Intercept):1,-1.03188711531816,0.0424313805688814,TRUE,16
(Intercept):2,-1.6042352092635,0.0572558816627738,TRUE,16
Covariate:1,0.488243474475997,0.0599082140178547,TRUE,16
Covariate:2,-0.434936969410011,0.0772125278973842,TRUE,16
1-1,0.0763504241546818,0.0395067875369738,TRUE,16
1-2,-0.0175473539334913,0.0199658611400253,TRUE,16
1-3,-0.0212342536845983,0.0136945115696962,TRUE,16
2-2,0.163206568066143,0.0530441069132571,TRUE,16
2-3,-0.0121687756996118,0.0157744309209493,TRUE,16
3-3,-0.27092368581761,0.0295131987573468,TRUE,16
(Intercept):1,-1.10665091638608,0.0428531958349176,TRUE,16
(Intercept):2,-1.65196018804853,0.0573634666281554,TRUE,16
Covariate:1,0.44128036979165,0.0649539926561623,TRUE,16
Covariate:2,-0.58190266854397,0.0813967043089523,TRUE,16
1-1,0.159700813895623,0.0399680684279909,TRUE,16
1-2,0.015392206913209,0.0216807541658519,TRUE,16
1-3,-0.0079592397065433,0.0137852198497272,TRUE,16
2-2,0.0025024460911668,0.066650501150849,FALSE,16
2-3,0.023465168568953,0.0164711097743138,TRUE,16
3-3,-0.208570711596173,0.0291140289753536,TRUE,16
(Intercept):1,-1.03311323868993,0.0418711986108994,TRUE,16
(Intercept):2,-1.57925395915758,0.057410569432512,TRUE,16
Covariate:1,0.49740951860337,0.0605185078746059,TRUE,16
Covariate:2,-0.479406420087811,0.0738707837919592,TRUE,16
1-1,0.111458163323328,0.039676932298066,TRUE,16
1-2,-0.00144862606970097,0.0211647041491931,TRUE,16
1-3,-0.00630232136827925,0.0138641422548755,TRUE,16
2-2,0.126368289492282,0.0599290048128445,TRUE,16
2-3,0.000494759610020003,0.01690617974352,TRUE,16
3-3,-0.174690987014585,0.029096290946481,TRUE,16
(Intercept):1,-1.09400246549407,0.0423504884129059,TRUE,16
(Intercept):2,-1.59799519644178,0.0572310498883344,TRUE,16
Covariate:1,0.524918029661302,0.0619362249211515,TRUE,16
Covariate:2,-0.412333146423653,0.0747902181717327,TRUE,16
1-1,0.070910450576474,0.0388732410862631,TRUE,16
1-2,-0.031044798529135,0.0205634945453853,TRUE,16
1-3,-0.00964098148036262,0.0136973695833376,TRUE,16
2-2,0.177014722688797,0.0551373540775133,TRUE,16
2-3,-0.00327348054722578,0.0156986479030409,TRUE,16
3-3,-0.226072668130362,0.0285608658115259,TRUE,16
(Intercept):1,-1.17999444123731,0.0417337980680948,TRUE,16
(Intercept):2,-1.67567044288072,0.0560509087977357,TRUE,16
Covariate:1,0.635715664586166,0.0665461488335124,FALSE,16
Covariate:2,-0.458693891992249,0.0788786172806547,TRUE,16
1-1,0.116994260621826,0.0413493975063801,TRUE,16
1-2,0.00129311659487275,0.022364479796207,TRUE,16
1-3,0.0133303947358087,0.0138762108776552,TRUE,16
2-2,0.177865327973263,0.0638044971582993,TRUE,16
2-3,-0.0110052727200025,0.0151832640394042,TRUE,16
3-3,-0.250102701396398,0.0272904674244073,TRUE,16
(Intercept):1,-1.14229148883408,0.0440114067322909,TRUE,16
(Intercept):2,-1.57692636515716,0.0558315729820864,TRUE,16
Covariate:1,0.62895349758934,0.0645381815592968,FALSE,16
Covariate:2,-0.438792330111225,0.0764102556706882,TRUE,16
1-1,0.101477103285106,0.0415695499152592,TRUE,16
1-2,-0.0342418926852111,0.021918126619389,TRUE,16
1-3,-0.00467544506949325,0.0143331909547531,TRUE,16
2-2,0.152475592551442,0.0542064972245061,TRUE,16
2-3,-0.00457753291726179,0.0163068458999077,TRUE,16
3-3,-0.257960741118404,0.0304689302950094,TRUE,16
(Intercept):1,-1.04404961702505,0.0442021611893894,TRUE,16
(Intercept):2,-1.66372869042932,0.0578296596988046,TRUE,16
Covariate:1,0.510749953737989,0.0623263345669467,TRUE,16
Covariate:2,-0.565084662850418,0.0794276453774578,TRUE,16
1-1,0.10825367043141,0.0413494978778582,TRUE,16
1-2,-0.00504630814053915,0.02162954348025,TRUE,16
1-3,-0.0110966188113959,0.0135427154168972,TRUE,16
2-2,0.233780285187073,0.0495609794843418,TRUE,16
2-3,0.0128652926915578,0.0155846027864901,TRUE,16
3-3,-0.202517708331485,0.0283761790065374,TRUE,16
(Intercept):1,-1.11695693227317,0.0436970505463231,TRUE,16
(Intercept):2,-1.79059185816076,0.0604483595143323,FALSE,16
Covariate:1,0.473952066054605,0.0670931625213296,TRUE,16
Covariate:2,-0.398949457062273,0.0780556819863353,TRUE,16
1-1,0.0660528058481739,0.0444874884356312,TRUE,16
1-2,0.0633212391424359,0.021624300446422,FALSE,16
1-3,-0.00607861256882092,0.0141399908171605,TRUE,16
2-2,0.206677733962902,0.0628315966229558,TRUE,16
2-3,0.0308225527408376,0.0163366274672774,TRUE,16
3-3,-0.214246418307827,0.0282590505242883,TRUE,16
(Intercept):1,-1.06866664454266,0.0425299297359384,TRUE,16
(Intercept):2,-1.63412193630106,0.0568865622612936,TRUE,16
Covariate:1,0.539946769949869,0.0624898884514381,TRUE,16
Covariate:2,-0.431656982909777,0.0760171234438453,TRUE,16
1-1,0.0402892550358648,0.0398016995053032,TRUE,16
1-2,0.021560326952218,0.0205985838489198,TRUE,16
1-3,-0.0204449114960574,0.0134964188053795,TRUE,16
2-2,0.222209532005328,0.0565602923937727,TRUE,16
2-3,-0.00903566707334597,0.0155970489234723,TRUE,16
3-3,-0.257888007341508,0.0304074411994182,TRUE,16
(Intercept):1,-1.08929446361904,0.0424617975034513,TRUE,16
(Intercept):2,-1.59551339998398,0.0537040626909541,TRUE,16
Covariate:1,0.457851853458584,0.0606237079328856,TRUE,16
Covariate:2,-0.46254678782959,0.079858495950985,TRUE,16
1-1,0.0621709654692519,0.0405804744645106,TRUE,16
1-2,0.0101022181347161,0.0207220567839685,TRUE,16
1-3,-0.015175999487432,0.0138295788682646,TRUE,16
2-2,0.0998969762166383,0.0611636421994427,TRUE,16
2-3,-0.00459313377240448,0.0158410109552837,TRUE,16
3-3,-0.235874697125103,0.0279993792623717,TRUE,16
(Intercept):1,-1.07720899931951,0.0426576274210926,TRUE,16
(Intercept):2,-1.72384630846111,0.060136440563028,TRUE,16
Covariate:1,0.502245453239519,0.0638043727007776,TRUE,16
Covariate:2,-0.478778125634805,0.0752905265852799,TRUE,16
1-1,0.0832329093784918,0.0409556873753649,TRUE,16
1-2,0.0111466848102917,0.0209213238720669,TRUE,16
1-3,-0.0115505108619783,0.0143052344437157,TRUE,16
2-2,0.227990548430314,0.0621961816481987,TRUE,16
2-3,0.00693359580950146,0.0168872770673963,TRUE,16
3-3,-0.22705220460261,0.0292600251426819,TRUE,16
(Intercept):1,-1.0244738884432,0.042984372557481,TRUE,16
(Intercept):2,-1.54318160402016,0.0596638599916331,TRUE,16
Covariate:1,0.526265086240371,0.0641819788948068,TRUE,16
Covariate:2,-0.479562511446246,0.0737608396973888,TRUE,16
1-1,0.0350076989411815,0.0427412265373496,TRUE,16
1-2,-0.0160072074043917,0.0215384694823271,TRUE,16
1-3,-0.0232782247998232,0.0139206802365936,TRUE,16
2-2,0.106404660784442,0.0611828548320567,TRUE,16
2-3,-0.0270680052943528,0.0163166561336854,TRUE,16
3-3,-0.253293250953196,0.0302764135232762,TRUE,16
(Intercept):1,-1.09441282831236,0.0433937299364563,TRUE,16
(Intercept):2,-1.55367223778632,0.0553158340020526,TRUE,16
Covariate:1,0.469379989798842,0.0689073057857516,TRUE,16
Covariate:2,-0.527503453370408,0.0730683593385101,TRUE,16
1-1,0.054929341124457,0.0396237085974239,TRUE,16
1-2,-0.0181986295472398,0.0204664592229995,TRUE,16
1-3,-0.0125300769486505,0.0136453529407754,TRUE,16
2-2,0.0580153391679552,0.0592929771758601,FALSE,16
2-3,-0.0301998492963467,0.0158718948384134,TRUE,16
3-3,-0.272032528305572,0.0287878318705525,TRUE,16
(Intercept):1,-1.09956575246618,0.0429252953601343,TRUE,16
(Intercept):2,-1.54938883239044,0.0552450659765975,TRUE,16
Covariate:1,0.434193165101415,0.0658157504697962,TRUE,16
Covariate:2,-0.435640508518965,0.0722494017443846,TRUE,16
1-1,0.0710571529194445,0.0436947612826696,TRUE,16
1-2,0.000659821423305806,0.0210390570501351,TRUE,16
1-3,0.00226249820279515,0.013746107999509,TRUE,16
2-2,0.129495470336901,0.0605515981220157,TRUE,16
2-3,-0.0100826980297619,0.0156107551613868,TRUE,16
3-3,-0.166093559617263,0.0284464580803319,FALSE,16
(Intercept):1,-1.02198952275278,0.0405297957241398,TRUE,16
(Intercept):2,-1.59931891968778,0.0566318742504228,TRUE,16
Covariate:1,0.627931294723727,0.0627799631644825,FALSE,16
Covariate:2,-0.423649562658538,0.0819515312536741,TRUE,16
1-1,0.132989534556947,0.0377286231616253,TRUE,16
1-2,0.0122236161545719,0.0198878517795068,TRUE,16
1-3,-0.0230106469377201,0.0136132906605949,TRUE,16
2-2,0.203776761425238,0.0604793495258019,TRUE,16
2-3,-0.0165868640823603,0.0165596256130334,TRUE,16
3-3,-0.225884263986114,0.0306873615413493,TRUE,16
(Intercept):1,-1.10041391881031,0.0416658795705107,TRUE,16
(Intercept):2,-1.62416728268861,0.0579803320533449,TRUE,16
Covariate:1,0.547160691675638,0.0664420743471265,TRUE,16
Covariate:2,-0.505282681624342,0.0787391265095479,TRUE,16
1-1,0.0911091086315632,0.0401982517418264,TRUE,16
1-2,0.0102664345018056,0.0198860050944159,TRUE,16
1-3,-0.020030311347171,0.0130970205924145,TRUE,16
2-2,0.216318084483097,0.0485310270339811,TRUE,16
2-3,-0.00386556863358054,0.0162827707583761,TRUE,16
3-3,-0.234296063598392,0.0288767219650845,TRUE,16
(Intercept):1,-1.1754707952334,0.0445975273184813,TRUE,16
(Intercept):2,-1.58442092251782,0.058027647815562,TRUE,16
Covariate:1,0.501499225538699,0.0636409709512596,TRUE,16
Covariate:2,-0.529588263816459,0.0805843034062877,TRUE,16
1-1,0.0892281340830464,0.0409739251199011,TRUE,16
1-2,0.0330692891962186,0.0205678451312857,TRUE,16
1-3,0.0118903007948055,0.0147226421745143,TRUE,16
2-2,0.133789391506904,0.0588937494808479,TRUE,16
2-3,-0.00456011860785355,0.0169489397559487,TRUE,16
3-3,-0.246430593664783,0.0288644102640043,TRUE,16
(Intercept):1,-1.10350203319553,0.0435127021019269,TRUE,16
(Intercept):2,-1.55490324391738,0.0569480812133669,TRUE,16
Covariate:1,0.556421804615689,0.0603217059660476,TRUE,16
Covariate:2,-0.432363347763097,0.0760854338917614,TRUE,16
1-1,0.0375461077759164,0.0415178422421854,TRUE,16
1-2,-0.00539775924779076,0.0221924600043051,TRUE,16
1-3,-0.0103610792755414,0.0137766778740771,TRUE,16
2-2,0.145354185227997,0.0578883177830287,TRUE,16
2-3,-0.0232219542579959,0.0164211787185243,TRUE,16
3-3,-0.23060543066693,0.0289057840750894,TRUE,16
(Intercept):1,-1.09554744522175,0.0428523464163644,TRUE,16
(Intercept):2,-1.52039962746676,0.0545148013535298,TRUE,16
Covariate:1,0.47932354460906,0.0641567249634863,TRUE,16
Covariate:2,-0.425755224177625,0.0760476277799932,TRUE,16
1-1,0.0638707425870805,0.0439901482156697,TRUE,16
1-2,0.0169424023255721,0.0199953620705575,TRUE,16
1-3,-0.00930360038592949,0.0138285971288334,TRUE,16
2-2,0.172150387933683,0.0513298702115786,TRUE,16
2-3,-0.0200876105636958,0.0154000899674493,TRUE,16
3-3,-0.217317261402237,0.0285077727524244,TRUE,16
(Intercept):1,-1.18955205776669,0.044421046012692,FALSE,16
(Intercept):2,-1.71136799528269,0.0584302544491816,TRUE,16
Covariate:1,0.635719592616185,0.0669293782623437,FALSE,16
Covariate:2,-0.661929491765112,0.0794226856608254,FALSE,16
1-1,0.0618360154377173,0.0420290263549474,TRUE,16
1-2,0.0452826441397247,0.0214717663252701,FALSE,16
1-3,0.00869012218738042,0.0138717847678317,TRUE,16
2-2,0.163385459762747,0.0571148458606723,TRUE,16
2-3,-0.00209839023496732,0.0156935209257934,TRUE,16
3-3,-0.216789050546572,0.0284652672787902,TRUE,16
(Intercept):1,-1.04706893395957,0.0405489040388708,TRUE,16
(Intercept):2,-1.6932955200119,0.0570926538182055,TRUE,16
Covariate:1,0.448387307396314,0.0634040011276697,TRUE,16
Covariate:2,-0.489171283559503,0.0757290340090851,TRUE,16
1-1,0.0915001260507412,0.0412665001130515,TRUE,16
1-2,-0.0192747738317523,0.0199796373346036,TRUE,16
1-3,-0.023646598648307,0.013360765746118,TRUE,16
2-2,0.154168077953698,0.0622336912978661,TRUE,16
2-3,0.017476025374333,0.0151761461973178,TRUE,16
3-3,-0.259858811923385,0.0272130207398517,TRUE,16
(Intercept):1,-1.02875271274012,0.0412996686569884,TRUE,16
(Intercept):2,-1.62921095297301,0.0549039284578112,TRUE,16
Covariate:1,0.502445275517237,0.0647544906908272,TRUE,16
Covariate:2,-0.538133784564244,0.0760052753753247,TRUE,16
1-1,0.105343742979598,0.0391333558699866,TRUE,16
1-2,-0.0133510382020019,0.0207195445229576,TRUE,16
1-3,0.0036604256728834,0.0127735982567195,TRUE,16
2-2,0.337757833039607,0.0454590427524434,FALSE,16
2-3,0.0134617431864986,0.0150440810438368,TRUE,16
3-3,-0.17261140557299,0.0281470424423482,TRUE,16
(Intercept):1,-1.0144464651801,0.0425458580025329,FALSE,16
(Intercept):2,-1.61955760341083,0.0551746194508008,TRUE,16
Covariate:1,0.556721864039943,0.0604287394039664,TRUE,16
Covariate:2,-0.5413930319865,0.0743095030427815,TRUE,16
1-1,0.087338016270742,0.0409617987486622,TRUE,16
1-2,0.000822366355560408,0.0210064488084465,TRUE,16
1-3,-0.0293970214438368,0.0136084969528435,FALSE,16
2-2,0.140823509420979,0.0610942990542069,TRUE,16
2-3,0.00180770874227648,0.0148698115998817,TRUE,16
3-3,-0.184817472815436,0.027513434644218,TRUE,16
(Intercept):1,-1.06369285497246,0.0430504285299343,TRUE,16
(Intercept):2,-1.59920736806922,0.0555711136772612,TRUE,16
Covariate:1,0.408280837157768,0.0627837393066773,TRUE,16
Covariate:2,-0.410786094170417,0.0802923609573151,TRUE,16
1-1,0.142236827037366,0.0408660231934618,TRUE,16
1-2,-0.0231669416644548,0.021362090762423,TRUE,16
1-3,-0.00801518325689886,0.0135803128165629,TRUE,16
2-2,0.165229447278839,0.0552313731214701,TRUE,16
2-3,0.018466389904275,0.0161273450652576,TRUE,16
3-3,-0.202564877101865,0.0282512333493947,TRUE,16
(Intercept):1,-1.08188857191747,0.0429195661561444,TRUE,16
(Intercept):2,-1.55535289770247,0.0569725168776827,TRUE,16
Covariate:1,0.4875491520189,0.063145094707272,TRUE,16
Covariate:2,-0.355842568771947,0.0760510676228921,TRUE,16
1-1,0.153874276941843,0.0379235998289358,TRUE,16
1-2,-0.0109606032219594,0.0201785895742225,TRUE,16
1-3,-0.0195616453774995,0.013500009874731,TRUE,16
2-2,0.203201616410971,0.0510433112800442,TRUE,16
2-3,-0.0245472728769362,0.0159654930257948,TRUE,16
3-3,-0.239691721721228,0.028577586330857,TRUE,16
(Intercept):1,-1.08606110055689,0.0428792274930825,TRUE,16
(Intercept):2,-1.57956929927672,0.0556617023375444,TRUE,16
Covariate:1,0.472592516342798,0.0636397499062912,TRUE,16
Covariate:2,-0.542499322951881,0.0717972673889321,TRUE,16
1-1,0.100442662669241,0.0435498617633624,TRUE,16
1-2,-0.0203423728705957,0.0210681709136786,TRUE,16
1-3,-0.00931709859574999,0.0135210747025536,TRUE,16
2-2,0.222915104288719,0.0505438834672531,TRUE,16
2-3,-0.0130792429436552,0.0164523950967162,TRUE,16
3-3,-0.217465903936038,0.0298948639601521,TRUE,16
(Intercept):1,-1.05007980900543,0.0430252259028467,TRUE,16
(Intercept):2,-1.4918299514927,0.0533845019973493,FALSE,16
Covariate:1,0.557669677961629,0.0671078777015414,TRUE,16
Covariate:2,-0.505142351621902,0.0720253486369853,TRUE,16
1-1,0.0387956297834136,0.0413960898355824,TRUE,16
1-2,-0.0323355791293827,0.020414731082723,TRUE,16
1-3,0.00558849404450372,0.013649632344274,TRUE,16
2-2,0.169701833206316,0.0524884656901365,TRUE,16
2-3,-0.0149064631601776,0.0154126371021331,TRUE,16
3-3,-0.220220791948584,0.0277777761239989,TRUE,16
(Intercept):1,-1.04841442210608,0.0431529277425805,TRUE,16
(Intercept):2,-1.55586092406809,0.0554326995551052,TRUE,16
Covariate:1,0.425501491870142,0.0613173502305263,TRUE,16
Covariate:2,-0.557023494996805,0.0772480345858246,TRUE,16
1-1,0.0721895563803659,0.0409454765463336,TRUE,16
1-2,-0.00302474778969004,0.0211860781153891,TRUE,16
1-3,-0.0186735853147643,0.0136211567373509,TRUE,16
2-2,0.214970389272662,0.0560159789687727,TRUE,16
2-3,-0.0162698630642628,0.0158512318371513,TRUE,16
3-3,-0.221741826302615,0.0284455132915153,TRUE,16
(Intercept):1,-1.06523438421162,0.0445652985776175,TRUE,16
(Intercept):2,-1.56048671907399,0.0580233715269465,TRUE,16
Covariate:1,0.577665238099033,0.0637258053376569,TRUE,16
Covariate:2,-0.531823967303795,0.0774072506921249,TRUE,16
1-1,0.102635777205621,0.0401926528158443,TRUE,16
1-2,-0.023237212477811,0.0217865689437573,TRUE,16
1-3,0.00648080430700672,0.0144326953851844,TRUE,16
2-2,0.19864619508897,0.0603793276647401,TRUE,16
2-3,-0.00640809373089595,0.0161081154972938,TRUE,16
3-3,-0.211918066423483,0.0276875841443789,TRUE,16
(Intercept):1,-1.05719057638683,0.0417883250809182,TRUE,16
(Intercept):2,-1.6481435861611,0.0563876370376815,TRUE,16
Covariate:1,0.386444946336401,0.0615400570991202,TRUE,16
Covariate:2,-0.62340864168109,0.073779234184312,TRUE,16
1-1,0.120828742094061,0.0402035928845116,TRUE,16
1-2,-0.00686561186854178,0.0209422156446352,TRUE,16
1-3,-0.0195515698051743,0.0142719969465728,TRUE,16
2-2,0.227376385931008,0.0521991789843221,TRUE,16
2-3,0.00359567339850622,0.0162028000403596,TRUE,16
3-3,-0.24333443978461,0.0289973618582726,TRUE,16
(Intercept):1,-1.06766237723927,0.0441011712162218,TRUE,16
(Intercept):2,-1.53703146027278,0.0515717755082989,TRUE,16
Covariate:1,0.427831193380824,0.0610990541868279,TRUE,16
Covariate:2,-0.611702681250073,0.0762311086384246,TRUE,16
1-1,0.106157323612122,0.0440335076337948,TRUE,16
1-2,-0.0210821595532911,0.0215224382111038,TRUE,16
1-3,-0.0196208998266444,0.0140881518487811,TRUE,16
2-2,0.148075524703161,0.0503662098446413,TRUE,16
2-3,-0.0238521874251026,0.0160515915733447,TRUE,16
3-3,-0.235041878701287,0.0291533779193711,TRUE,16
(Intercept):1,-1.16360875908627,0.0427977845064556,TRUE,16
(Intercept):2,-1.64488813693368,0.056556079542066,TRUE,16
Covariate:1,0.49391604786152,0.0645238167021827,TRUE,16
Covariate:2,-0.477508410579082,0.0791200874389558,TRUE,16
1-1,0.198089743577868,0.0400880041647596,FALSE,16
1-2,-0.00339810214442512,0.0210267902512265,TRUE,16
1-3,0.00908294040619527,0.013686531314669,TRUE,16
2-2,0.248006792995267,0.0550454251517929,TRUE,16
2-3,0.0168399382777507,0.0156627559278679,TRUE,16
3-3,-0.187310187453485,0.029421045855571,TRUE,16
(Intercept):1,-1.096319765301,0.0433306163913414,TRUE,16
(Intercept):2,-1.54278007809191,0.0578837023990699,TRUE,16
Covariate:1,0.468979781754411,0.0639879785320014,TRUE,16
Covariate:2,-0.474346187141662,0.0766709790708699,TRUE,16
1-1,0.123642053719363,0.0410770309940564,TRUE,16
1-2,-0.0396110315722014,0.0230764947655905,TRUE,16
1-3,-0.00785439090500324,0.013958374023675,TRUE,16
2-2,0.123356174912122,0.0612639442133485,TRUE,16
2-3,-0.0225154536048173,0.0165818109940695,TRUE,16
3-3,-0.237690330258257,0.0283796226119362,TRUE,16
(Intercept):1,-1.12509159268821,0.0430732636054139,TRUE,16
(Intercept):2,-1.49130825700681,0.0558025147959515,FALSE,16
Covariate:1,0.596156866942341,0.0621331971225042,TRUE,16
Covariate:2,-0.360039136156752,0.07778833001626,TRUE,16
1-1,0.0734044699016602,0.0438603288312538,TRUE,16
1-2,-0.0109692927630786,0.0219595220387222,TRUE,16
1-3,0.00806744619514107,0.0143048757986618,TRUE,16
2-2,0.113449177895038,0.0597433331709711,TRUE,16
2-3,-0.0108090646155982,0.0158094266465289,TRUE,16
3-3,-0.208563883165042,0.0284552665963413,TRUE,16
(Intercept):1,-1.07589170359822,0.0442672569515299,TRUE,16
(Intercept):2,-1.52425509822316,0.0528421571296797,TRUE,16
Covariate:1,0.407648227249913,0.0635644145711437,TRUE,16
Covariate:2,-0.53570930765422,0.0753793507205797,TRUE,16
1-1,0.0622233495722874,0.0453146883781026,TRUE,16
1-2,-0.0030176906717956,0.0209944246539968,TRUE,16
1-3,-0.002787152375462,0.0135623189101545,TRUE,16
2-2,0.212660906791881,0.0493762294787237,TRUE,16
2-3,-0.00512849303953523,0.0152262853346026,TRUE,16
3-3,-0.217210814960656,0.027818769114466,TRUE,16
(Intercept):1,-0.965786057890526,0.0431272727602259,FALSE,16
(Intercept):2,-1.53494298116713,0.0580536751681844,TRUE,16
Covariate:1,0.511720046371518,0.0626771637875332,TRUE,16
Covariate:2,-0.410633520041243,0.0742143547274313,TRUE,16
1-1,0.096479054285066,0.0400826450668646,TRUE,16
1-2,-0.0524825980091319,0.0214329682147353,FALSE,16
1-3,-0.00732955594698858,0.0134079812998596,TRUE,16
2-2,0.17705805384938,0.0564835454001697,TRUE,16
2-3,0.011552092626056,0.0160357816278312,TRUE,16
3-3,-0.196250848432699,0.0279814684677541,TRUE,16
(Intercept):1,-1.0477682924728,0.041127939643197,TRUE,16
(Intercept):2,-1.6735401749854,0.0589170619169923,TRUE,16
Covariate:1,0.470452399182905,0.0644801430313741,TRUE,16
Covariate:2,-0.542675752226083,0.0746518082562765,TRUE,16
1-1,0.0953300806332578,0.0400860372485471,TRUE,16
1-2,0.0463757902378484,0.0201229678641121,FALSE,16
1-3,0.00066358998028196,0.0132343460830432,TRUE,16
2-2,0.160854621262698,0.0619310338516324,TRUE,16
2-3,0.00900929654653403,0.0164980619830022,TRUE,16
3-3,-0.201887422134858,0.0280413577828939,TRUE,16
(Intercept):1,-1.11357279181151,0.0461007131821205,TRUE,16
(Intercept):2,-1.53280515588703,0.0554042792891205,TRUE,16
Covariate:1,0.481179841258985,0.0662814605128892,TRUE,16
Covariate:2,-0.429091054620464,0.0782091784745896,TRUE,16
1-1,0.115495750682894,0.0423626501564442,TRUE,16
1-2,0.00822949197331998,0.0205706991880168,TRUE,16
1-3,0.00287135733667238,0.0146881528585258,TRUE,16
2-2,0.20179241357339,0.0562143503115897,TRUE,16
2-3,-0.0124958276126019,0.0158577297421304,TRUE,16
3-3,-0.165829519001287,0.029401457069632,TRUE,16
(Intercept):1,-1.13378367936089,0.0433356212928031,TRUE,16
(Intercept):2,-1.56364405650801,0.0569409582250583,TRUE,16
Covariate:1,0.47065422236124,0.061188079294316,TRUE,16
Covariate:2,-0.586008392297115,0.0824906022922361,TRUE,16
1-1,0.200725479695404,0.0366244321871716,FALSE,16
1-2,-0.0428933998895256,0.0226388071084486,TRUE,16
1-3,0.00560756203994056,0.0145244057767024,TRUE,16
2-2,0.0541248109841603,0.0654844931122443,TRUE,16
2-3,-0.0175538038823033,0.016201094431538,TRUE,16
3-3,-0.266777523970623,0.0291720679211662,TRUE,16
(Intercept):1,-1.11472261744025,0.0427358182546992,TRUE,16
(Intercept):2,-1.54891751671498,0.0572816081530706,TRUE,16
Covariate:1,0.392892255041546,0.0641625188754608,TRUE,16
Covariate:2,-0.431632199792757,0.0777825930688147,TRUE,16
1-1,0.125986405764418,0.039459565842812,TRUE,16
1-2,0.00669928855175603,0.0223767238508177,TRUE,16
1-3,-0.0181122578534151,0.0145305603826783,TRUE,16
2-2,0.0248062157627791,0.0609212880357206,FALSE,16
2-3,-0.018562592345818,0.0170951341392435,TRUE,16
3-3,-0.272945262196739,0.0302079080390521,TRUE,16
(Intercept):1,-1.10422303079254,0.0417779926228921,TRUE,16
(Intercept):2,-1.5522218037207,0.0560794951393832,TRUE,16
Covariate:1,0.463356809786451,0.0589693058012153,TRUE,16
Covariate:2,-0.428157228003978,0.0770046948005617,TRUE,16
1-1,0.0871932024772349,0.0425740189657305,TRUE,16
1-2,-0.0144304687712583,0.0200754863658624,TRUE,16
1-3,-0.0128524187277997,0.0131180037676727,TRUE,16
2-2,0.205615899436016,0.052331180623156,TRUE,16
2-3,-0.0154097624726308,0.0151334645839282,TRUE,16
3-3,-0.19670010641981,0.0271949571023879,TRUE,16
(Intercept):1,-1.06231040905168,0.0421271829509421,TRUE,16
(Intercept):2,-1.69951954397782,0.0599299023568486,TRUE,16
Covariate:1,0.434281463307095,0.0651435211581245,TRUE,16
Covariate:2,-0.47512560451924,0.0797818051921074,TRUE,16
1-1,0.077977022589737,0.0380182052633988,TRUE,16
1-2,-0.0108835717866952,0.020393619231597,TRUE,16
1-3,-0.0295694971057124,0.0138235884347047,FALSE,16
2-2,0.243398742042385,0.0558892934658714,TRUE,16
2-3,-0.0118387949035857,0.0162403876889793,TRUE,16
3-3,-0.272125221771645,0.0298328462430022,TRUE,16
(Intercept):1,-1.10100248092788,0.0428816873427305,TRUE,16
(Intercept):2,-1.61725709480932,0.0591093235601283,TRUE,16
Covariate:1,0.480684254480582,0.0625212872129531,TRUE,16
Covariate:2,-0.460633635165788,0.0776972240921756,TRUE,16
1-1,0.0937233266573015,0.0403855434090937,TRUE,16
1-2,-0.0251313627452103,0.0229296090594042,TRUE,16
1-3,-0.00459932248390926,0.0139058619164086,TRUE,16
2-2,0.256375843242896,0.0553522702285491,TRUE,16
2-3,-0.00996880347006815,0.016196233842313,TRUE,16
3-3,-0.231479790060907,0.0292835985272978,TRUE,16
(Intercept):1,-1.03797764287728,0.0426917688642516,TRUE,16
(Intercept):2,-1.5376152210223,0.05962211454473,TRUE,16
Covariate:1,0.484463263986094,0.066648218813464,TRUE,16
Covariate:2,-0.497481770340124,0.0778654604864116,TRUE,16
1-1,-0.0218499831958173,0.0445115428387378,FALSE,16
1-2,-0.0270053565941158,0.0218875928137768,TRUE,16
1-3,-0.0247774927315053,0.0140444635632207,TRUE,16
2-2,0.0297032583145368,0.0576453232033124,FALSE,16
2-3,-0.0347270723181175,0.0168087846948527,FALSE,16
3-3,-0.253249026120809,0.0274322949391765,TRUE,16
(Intercept):1,-1.12551336554541,0.0456864556827847,TRUE,16
(Intercept):2,-1.62330816995914,0.0609260392999415,TRUE,16
Covariate:1,0.58870413176568,0.0699006978354516,TRUE,16
Covariate:2,-0.577702125776432,0.0770488964960754,TRUE,16
1-1,0.0434147630781692,0.0406107311854042,TRUE,16
1-2,-0.0276647037811012,0.0230453452496198,TRUE,16
1-3,-0.0162514608478408,0.0143519007919626,TRUE,16
2-2,0.185939716077621,0.0554549163342513,TRUE,16
2-3,-0.0363612506862219,0.0161767452202302,FALSE,16
3-3,-0.300335090361182,0.0293812853851467,FALSE,16
(Intercept):1,-1.175925262286,0.0432871356520453,TRUE,16
(Intercept):2,-1.5237663141078,0.0525113950777612,TRUE,16
Covariate:1,0.412463478305236,0.064454788213369,TRUE,16
Covariate:2,-0.453576457691437,0.0779430428363214,TRUE,16
1-1,0.0982008699405946,0.0424127275199166,TRUE,16
1-2,0.0174929066779004,0.0200437362218483,TRUE,16
1-3,-0.00479778505921617,0.0137436785064395,TRUE,16
2-2,0.0780119678424899,0.0594268781561167,TRUE,16
2-3,-0.00487817229081029,0.0149380696436403,TRUE,16
3-3,-0.221135843489585,0.0296443312005788,TRUE,16
(Intercept):1,-1.12679057004865,0.0434664362083868,TRUE,16
(Intercept):2,-1.61242887480687,0.0547685891888667,TRUE,16
Covariate:1,0.514483665863184,0.0648444580204924,TRUE,16
Covariate:2,-0.505468385466468,0.0736122471898016,TRUE,16
1-1,0.0665538494137404,0.0402968337276241,TRUE,16
1-2,0.0125926819306313,0.0205804234839853,TRUE,16
1-3,0.0092505119107435,0.0128965209282144,TRUE,16
2-2,0.218651559465373,0.0538794085050601,TRUE,16
2-3,-0.0135221569836884,0.0147783910141456,TRUE,16
3-3,-0.182758797456735,0.0267971425325034,TRUE,16
(Intercept):1,-1.1138382360484,0.0421045685363157,TRUE,16
(Intercept):2,-1.62501762751969,0.0570795019775492,TRUE,16
Covariate:1,0.505579299299319,0.0662385331164131,TRUE,16
Covariate:2,-0.595879576065744,0.075709654909332,TRUE,16
1-1,0.115328212516389,0.0388050781192698,TRUE,16
1-2,-0.00581426315590994,0.022276934685225,TRUE,16
1-3,0.0221986261847597,0.0142163878865862,TRUE,16
2-2,0.1379422683903,0.0594100521066216,TRUE,16
2-3,0.0214256740163817,0.0161429426166157,TRUE,16
3-3,-0.240481602396574,0.0290577409436514,TRUE,16
(Intercept):1,-1.04993176567778,0.0420121903573363,TRUE,16
(Intercept):2,-1.65507349096355,0.060297165896982,TRUE,16
Covariate:1,0.472056230279581,0.067186729402988,TRUE,16
Covariate:2,-0.511601431509553,0.0796344733921672,TRUE,16
1-1,0.0903893763862197,0.0391985785335785,TRUE,16
1-2,-0.0162274092764587,0.0217763137800279,TRUE,16
1-3,-0.0235413805606542,0.0134439726896058,TRUE,16
2-2,0.0970802272257373,0.0606478718958658,TRUE,16
2-3,0.0140788152641443,0.0158129435474801,TRUE,16
3-3,-0.24687747187787,0.0292747603578219,TRUE,16
(Intercept):1,-1.13786038175903,0.0426700719983569,TRUE,16
(Intercept):2,-1.6308822549366,0.0570297120482451,TRUE,16
Covariate:1,0.563580259834171,0.062328890865335,TRUE,16
Covariate:2,-0.532614282046049,0.0789998769704574,TRUE,16
1-1,0.112332998435889,0.0383393003665784,TRUE,16
1-2,0.015847655121635,0.0210807089658955,TRUE,16
1-3,0.00560848327081061,0.0140599467518503,TRUE,16
2-2,0.236264731573366,0.0476190969722943,TRUE,16
2-3,-0.0128414069074349,0.0157757826310448,TRUE,16
3-3,-0.283710317826277,0.0293956999307354,FALSE,16
(Intercept):1,-1.08489558960045,0.0422324791847566,TRUE,16
(Intercept):2,-1.72906075716198,0.0600839472990386,FALSE,16
Covariate:1,0.416748076366674,0.0634526498579836,TRUE,16
Covariate:2,-0.594083379230237,0.0760350891846704,TRUE,16
1-1,0.137541821252547,0.0397948296398915,TRUE,16
1-2,0.0245890536973826,0.0205917581328461,TRUE,16
1-3,-0.000623489419414479,0.0136462402362934,TRUE,16
2-2,0.23992518306689,0.0600972181361449,TRUE,16
2-3,0.0171526523452325,0.0164258463643744,TRUE,16
3-3,-0.200112091536674,0.0290187051220379,TRUE,16
(Intercept):1,-1.16299418143605,0.0435723089767391,TRUE,16
(Intercept):2,-1.62137307205889,0.0584122726405889,TRUE,16
Covariate:1,0.471485515174487,0.0641164543028696,TRUE,16
Covariate:2,-0.553785980395257,0.0788406786960792,TRUE,16
1-1,0.0838802719159839,0.0426448777510137,TRUE,16
1-2,0.0119814192943258,0.0203771840406031,TRUE,16
1-3,0.00249311944002577,0.0139721388389341,TRUE,16
2-2,0.232503768278539,0.0532554242532793,TRUE,16
2-3,-0.00846035207577085,0.016293150600227,TRUE,16
3-3,-0.218022679312018,0.0291164281137756,TRUE,16
(Intercept):1,-1.14073683108029,0.0428592358792676,TRUE,16
(Intercept):2,-1.61069715829845,0.0585111723658209,TRUE,16
Covariate:1,0.511609450998221,0.0640694165363243,TRUE,16
Covariate:2,-0.617260619455991,0.0827542135216962,TRUE,16
1-1,0.0433598694357869,0.0409250725782139,TRUE,16
1-2,-0.00691339302401989,0.0225323588750552,TRUE,16
1-3,0.0106447488660802,0.013634702595917,TRUE,16
2-2,0.199050130772481,0.0598171204639212,TRUE,16
2-3,-0.0170781275938748,0.0159075325302428,TRUE,16
3-3,-0.220453022930301,0.0282123863669721,TRUE,16
(Intercept):1,-1.1091720431109,0.0416066111316477,TRUE,16
(Intercept):2,-1.61833036172904,0.0566224726746114,TRUE,16
Covariate:1,0.584678132453226,0.0617400445272763,TRUE,16
Covariate:2,-0.497764774854123,0.0734472046104707,TRUE,16
1-1,0.147977979627279,0.0392109885624724,TRUE,16
1-2,0.0297214969830235,0.0203500322196571,TRUE,16
1-3,0.0303791037673432,0.0133240425741567,FALSE,16
2-2,0.277050724645486,0.0487930868588245,TRUE,16
2-3,0.0191612581751908,0.0154023848364345,TRUE,16
3-3,-0.156739868446201,0.0266344011719338,FALSE,16
(Intercept):1,-1.07467221430937,0.041948039902076,TRUE,16
(Intercept):2,-1.5732642832108,0.0566157614233053,TRUE,16
Covariate:1,0.43887575407903,0.0638609569004116,TRUE,16
Covariate:2,-0.416898301017377,0.0775222519018157,TRUE,16
1-1,0.125694279176563,0.0418001312055088,TRUE,16
1-2,-0.025111525318191,0.0204730653143858,TRUE,16
1-3,-0.0192822686840725,0.0138086009514188,TRUE,16
2-2,0.194837992560728,0.0575727967257781,TRUE,16
2-3,-0.0146906918226831,0.0155495433759833,TRUE,16
3-3,-0.239576471711218,0.0284242579557071,TRUE,16
(Intercept):1,-1.06721152528144,0.0408178644149735,TRUE,16
(Intercept):2,-1.56919007802684,0.0559558476552429,TRUE,16
Covariate:1,0.506789246583298,0.061541594271081,TRUE,16
Covariate:2,-0.401747076864679,0.0798055793824206,TRUE,16
1-1,0.0800520834320478,0.0439221273780152,TRUE,16
1-2,-0.0292302244626999,0.0225547019218492,TRUE,16
1-3,-0.035720736263744,0.0133632449744771,FALSE,16
2-2,0.0848356831399192,0.0605071462805103,TRUE,16
2-3,-0.0177881678770026,0.0152037729353133,TRUE,16
3-3,-0.274767980095263,0.0299660881527023,TRUE,16
(Intercept):1,-1.05754392065385,0.0419148114138198,TRUE,16
(Intercept):2,-1.62418772535983,0.0574138431159697,TRUE,16
Covariate:1,0.486992045149052,0.0648974361334422,TRUE,16
Covariate:2,-0.487540871084505,0.076348394099547,TRUE,16
1-1,0.102246493656991,0.0411073473268845,TRUE,16
1-2,-0.0142660085121165,0.0207800740468739,TRUE,16
1-3,-0.0271482147680462,0.0139419577999038,TRUE,16
2-2,0.18113466193922,0.0602562606589346,TRUE,16
2-3,-0.00703868129560997,0.0162263409459979,TRUE,16
3-3,-0.244895018962855,0.0296236582716468,TRUE,16
(Intercept):1,-1.07237176492969,0.0435983817082086,TRUE,16
(Intercept):2,-1.5417850296154,0.0561913028928048,TRUE,16
Covariate:1,0.520359202673925,0.0622156660423428,TRUE,16
Covariate:2,-0.410693487027512,0.074560017050047,TRUE,16
1-1,0.0809774685926216,0.0392892581062192,TRUE,16
1-2,-0.0280550971173384,0.0210943705419213,TRUE,16
1-3,-0.0300468999011953,0.0132977309269418,FALSE,16
2-2,0.113872075817007,0.0580809750788198,TRUE,16
2-3,-0.0282479318129678,0.0159849361275727,TRUE,16
3-3,-0.260194131827818,0.0278990600505804,TRUE,16
(Intercept):1,-1.18699387168027,0.0431062787221328,FALSE,16
(Intercept):2,-1.65533657348001,0.0580168596379762,TRUE,16
Covariate:1,0.617558149758665,0.0632104639806773,TRUE,16
Covariate:2,-0.628549798542805,0.0770407182325272,TRUE,16
1-1,0.0724147456224767,0.0400856068391003,TRUE,16
1-2,0.0127329413920198,0.0216345054892249,TRUE,16
1-3,-0.0018206402901401,0.0142633995267273,TRUE,16
2-2,0.0821227133304747,0.0577410884096624,TRUE,16
2-3,0.00270319091498333,0.0165259576857538,TRUE,16
3-3,-0.265228707203194,0.0282761217860025,TRUE,16
(Intercept):1,-1.08737228838005,0.0427516315110032,TRUE,16
(Intercept):2,-1.69156406384074,0.0586423882146627,TRUE,16
Covariate:1,0.551783153468773,0.0654639692568249,TRUE,16
Covariate:2,-0.473616658013935,0.0779589998718343,TRUE,16
1-1,0.103042888392803,0.0382066350727979,TRUE,16
1-2,-0.00265909093190671,0.0205147165510923,TRUE,16
1-3,-0.017394471584746,0.0137930276517299,TRUE,16
2-2,0.186874170362386,0.059733469652169,TRUE,16
2-3,-0.00086503733171216,0.0162132431888023,TRUE,16
3-3,-0.258773889245854,0.028593187600368,TRUE,16
(Intercept):1,-0.994934360980192,0.0420685526676224,FALSE,16
(Intercept):2,-1.59469926655347,0.0577676846191007,TRUE,16
Covariate:1,0.464173352448023,0.0635357539455041,TRUE,16
Covariate:2,-0.37868086544745,0.0807785290741893,TRUE,16
1-1,0.054531392271435,0.0415542405576313,TRUE,16
1-2,-0.0444764216170908,0.0203495133367582,FALSE,16
1-3,-0.0208554696681206,0.0131367677617264,TRUE,16
2-2,0.143648152094037,0.0591380970917662,TRUE,16
2-3,0.000127948244315432,0.0159228168976145,TRUE,16
3-3,-0.242986833282606,0.0307722045370115,TRUE,16
(Intercept):1,-1.04772637529665,0.0421966264658401,TRUE,16
(Intercept):2,-1.60819257485942,0.0566372166093131,TRUE,16
Covariate:1,0.498346422896673,0.0634684295971195,TRUE,16
Covariate:2,-0.579440149085421,0.0794432332866054,TRUE,16
1-1,0.136648993877651,0.0404830800474302,TRUE,16
1-2,-0.0203267693151945,0.0198964242462692,TRUE,16
1-3,-0.0318603776547792,0.0124444581818162,FALSE,16
2-2,0.156438025906004,0.0510495225257188,TRUE,16
2-3,-0.0112645726194522,0.0148608858107173,TRUE,16
3-3,-0.222962089516848,0.0271075857293373,TRUE,16
(Intercept):1,-0.992675830977052,0.0406312791174281,FALSE,16
(Intercept):2,-1.55735823719952,0.0537232411309703,TRUE,16
Covariate:1,0.494274012445774,0.0625605008901599,TRUE,16
Covariate:2,-0.447357985064452,0.0730865195093428,TRUE,16
1-1,0.0830168318279307,0.0407028520342014,TRUE,16
1-2,-0.0383833968456263,0.021044415138768,TRUE,16
1-3,-0.0236201465636239,0.0133196631284544,TRUE,16
2-2,0.179370383538409,0.0571011557564128,TRUE,16
2-3,0.00202262657628762,0.0143375124437409,TRUE,16
3-3,-0.229764192163609,0.0288875373305645,TRUE,16
(Intercept):1,-1.09836327181465,0.0416604921633548,TRUE,16
(Intercept):2,-1.66747916810941,0.0562752598862563,TRUE,16
Covariate:1,0.475135128740553,0.0641437347327555,TRUE,16
Covariate:2,-0.407309604777984,0.0794273447313936,TRUE,16
1-1,0.0302704574843576,0.0423675949642247,TRUE,16
1-2,0.0249472441696016,0.0213023682264844,TRUE,16
1-3,0.00742873716495705,0.0138220232438399,TRUE,16
2-2,0.190665608122579,0.057150479343992,TRUE,16
2-3,0.0158107610484092,0.0156362745914583,TRUE,16
3-3,-0.234109532617841,0.0292337663788517,TRUE,16
(Intercept):1,-1.08026010111044,0.0436903386751328,TRUE,16
(Intercept):2,-1.60663712485033,0.056364423931454,TRUE,16
Covariate:1,0.453565214587865,0.0613794364048696,TRUE,16
Covariate:2,-0.411235183204605,0.0772672495877371,TRUE,16
1-1,0.0843215661230458,0.0402893111031531,TRUE,16
1-2,0.000864511823367112,0.0207817492781853,TRUE,16
1-3,-0.00407695355462298,0.0139522301209779,TRUE,16
2-2,0.140410841670155,0.055104940249292,TRUE,16
2-3,-0.00271231693061303,0.015121648651445,TRUE,16
3-3,-0.229036020538931,0.0265736487140405,TRUE,16
(Intercept):1,-1.09771702452408,0.042862098486976,TRUE,16
(Intercept):2,-1.68822657073453,0.0603666900195948,TRUE,16
Covariate:1,0.412601861678945,0.0603178772516104,TRUE,16
Covariate:2,-0.530920523063267,0.0761115867540852,TRUE,16
1-1,0.128838742713619,0.0383738598638601,TRUE,16
1-2,-0.00564757280415201,0.0210064590548303,TRUE,16
1-3,-0.0237336442761894,0.0138334644002682,TRUE,16
2-2,0.158764031505527,0.0603309589233605,TRUE,16
2-3,0.00274356510462963,0.0162649359950032,TRUE,16
3-3,-0.201841484099891,0.0280723229721129,TRUE,16
(Intercept):1,-1.11464630505983,0.0413537936113179,TRUE,16
(Intercept):2,-1.72821693009583,0.0621930879649143,TRUE,16
Covariate:1,0.59837525783622,0.0642924077170836,TRUE,16
Covariate:2,-0.495008508911844,0.0807028038713639,TRUE,16
1-1,0.100834474126643,0.0401920809177253,TRUE,16
1-2,0.0183664073884211,0.0219168417988498,TRUE,16
1-3,-0.0153173463653672,0.0134490437553321,TRUE,16
2-2,-0.0482309672575978,0.0713146642318196,FALSE,16
2-3,0.0275061549313628,0.0162203770273744,TRUE,16
3-3,-0.223183594362966,0.0283773034840266,TRUE,16
(Intercept):1,-1.0916687018031,0.0409543602595848,TRUE,16
(Intercept):2,-1.67305989364699,0.0568342762486678,TRUE,16
Covariate:1,0.451907159330685,0.0651159366785659,TRUE,16
Covariate:2,-0.603304913771386,0.0753539857474135,TRUE,16
1-1,0.0827273094398487,0.0411825453910854,TRUE,16
1-2,0.00261593425940479,0.0204367311342286,TRUE,16
1-3,-0.00642802443108142,0.0136125867545936,TRUE,16
2-2,0.202758306598518,0.0472671456971279,TRUE,16
2-3,0.0189984098996621,0.015896221290313,TRUE,16
3-3,-0.22492552782776,0.0289031640508925,TRUE,16
(Intercept):1,-1.14005056484294,0.0434897634900996,TRUE,16
(Intercept):2,-1.52494168976724,0.0561628044435365,TRUE,16
Covariate:1,0.439412883645824,0.0649675544631477,TRUE,16
Covariate:2,-0.50685200709529,0.0760327188913561,TRUE,16
1-1,0.0551139449891129,0.0421788595451819,TRUE,16
1-2,0.00727384550406464,0.021081760275666,TRUE,16
1-3,0.00887980889174841,0.0138940522130765,TRUE,16
2-2,0.223408372964127,0.0572415857930807,TRUE,16
2-3,-0.0310180808887826,0.0160909633593055,TRUE,16
3-3,-0.194704094927854,0.029206030898385,TRUE,16
(Intercept):1,-1.09396807855114,0.0441367158409722,TRUE,16
(Intercept):2,-1.60790552478799,0.0573409576365225,TRUE,16
Covariate:1,0.490724218159206,0.0634936928202799,TRUE,16
Covariate:2,-0.483516241973595,0.0775729155230958,TRUE,16
1-1,0.0855778853344826,0.0413607275307535,TRUE,16
1-2,-0.00995437782127074,0.021789871079219,TRUE,16
1-3,0.00364155970609707,0.01418780500329,TRUE,16
2-2,0.180350031945066,0.0583907349042254,TRUE,16
2-3,0.00403045409689685,0.0163372236651119,TRUE,16
3-3,-0.22921138858535,0.0298083134851385,TRUE,16
(Intercept):1,-1.07496000241051,0.0430241128743968,TRUE,16
(Intercept):2,-1.42964659327668,0.0533773738162742,FALSE,16
Covariate:1,0.531977889495541,0.0646282596953793,TRUE,16
Covariate:2,-0.370010956538042,0.0771346058660955,TRUE,16
1-1,0.140807838643243,0.0402144475947916,TRUE,16
1-2,-0.0421188271255694,0.0207210787185078,FALSE,16
1-3,-0.0151839991312028,0.0132217751083509,TRUE,16
2-2,0.119829753370561,0.058828715723616,TRUE,16
2-3,-0.0358802717743587,0.0157500197385866,FALSE,16
3-3,-0.215248910980313,0.0286409520919403,TRUE,16
(Intercept):1,-1.02866907112132,0.0409943343093816,TRUE,16
(Intercept):2,-1.54622200041802,0.0557257890373444,TRUE,16
Covariate:1,0.418005672891,0.0623574230115993,TRUE,16
Covariate:2,-0.362997852808311,0.0767845380289046,TRUE,16
1-1,0.108341073788874,0.0370425573753532,TRUE,16
1-2,-0.0364305986930986,0.0203207360953304,TRUE,16
1-3,-0.0254556503129447,0.0127612930720201,FALSE,16
2-2,0.116588986356481,0.0609320777301528,TRUE,16
2-3,-0.0265953937043637,0.015402866401103,TRUE,16
3-3,-0.276035997628189,0.0283996270617491,TRUE,16
(Intercept):1,-1.05242055993638,0.0433554663305503,TRUE,16
(Intercept):2,-1.52069101632768,0.0567524038373795,TRUE,16
Covariate:1,0.496124018172508,0.0623611240505479,TRUE,16
Covariate:2,-0.492360397512935,0.0748541590533038,TRUE,16
1-1,0.0531237097986002,0.0456088841167798,TRUE,16
1-2,-0.0225145255555467,0.0208050788287996,TRUE,16
1-3,-0.0325931539497379,0.0142078815164003,FALSE,16
2-2,0.0817172487099981,0.0576301854543807,TRUE,16
2-3,-0.0331874194070402,0.0157852598689246,FALSE,16
3-3,-0.255042253077872,0.0293636782514136,TRUE,16
(Intercept):1,-1.14023074604224,0.0435410409342023,TRUE,16
(Intercept):2,-1.58185428766865,0.0580562951750154,TRUE,16
Covariate:1,0.594708949175108,0.0638648701746532,TRUE,16
Covariate:2,-0.480754934598031,0.0741499295944399,TRUE,16
1-1,0.0573251638284815,0.0397943112607859,TRUE,16
1-2,0.00126369682931951,0.0207033292851063,TRUE,16
1-3,0.00228348555694423,0.0138697657190198,TRUE,16
2-2,0.184968943425558,0.0614002413880375,TRUE,16
2-3,-0.0173764360259794,0.015589337635,TRUE,16
3-3,-0.215916035076396,0.0283021403007001,TRUE,16
(Intercept):1,-1.060913332383,0.04243036012258,TRUE,16
(Intercept):2,-1.60781936118125,0.0571072358245784,TRUE,16
Covariate:1,0.573395300980166,0.0654791759448171,TRUE,16
Covariate:2,-0.51717476471907,0.0726570137194193,TRUE,16
1-1,0.128185363440349,0.0408626543752822,TRUE,16
1-2,0.0150129312698242,0.0219959661918375,TRUE,16
1-3,-0.0141800352540426,0.0140698590070381,TRUE,16
2-2,0.123272915886151,0.0548968501291265,TRUE,16
2-3,0.00914679523317276,0.0165404470119049,TRUE,16
3-3,-0.192028917233986,0.0297193178304708,TRUE,16
(Intercept):1,-1.04340088029405,0.0422854971697996,TRUE,16
(Intercept):2,-1.62604254380309,0.053641845892655,TRUE,16
Covariate:1,0.419558913988059,0.0608557578413063,TRUE,16
Covariate:2,-0.65107305513462,0.0752916749084495,FALSE,16
1-1,0.0919597253305393,0.0350773633210189,TRUE,16
1-2,-0.00414280791653325,0.019760193666315,TRUE,16
1-3,-0.0153194912505158,0.0134208205162165,TRUE,16
2-2,0.106237088803156,0.0588841807447477,TRUE,16
2-3,-0.0105747698138626,0.0155092949751535,TRUE,16
3-3,-0.25347171112059,0.0298845321254954,TRUE,16
(Intercept):1,-1.03963637292399,0.0426943125001318,TRUE,16
(Intercept):2,-1.49552008367662,0.059035982831763,TRUE,16
Covariate:1,0.422090581804831,0.0654157956616673,TRUE,16
Covariate:2,-0.508463383192033,0.0744657560105243,TRUE,16
1-1,0.0529819495108545,0.0403408929300427,TRUE,16
1-2,-0.0347152408596723,0.022219067135742,TRUE,16
1-3,0.00186017162249829,0.0141332701485062,TRUE,16
2-2,0.134968254882617,0.0634537777422481,TRUE,16
2-3,-0.0224023500357114,0.0165068804720801,TRUE,16
3-3,-0.244495055559471,0.0273668399319751,TRUE,16
(Intercept):1,-1.02922195182156,0.0413081674962536,TRUE,16
(Intercept):2,-1.53079858108232,0.0550093322781419,TRUE,16
Covariate:1,0.51121239511418,0.0629480656091229,TRUE,16
Covariate:2,-0.568350522579098,0.0714183021648467,TRUE,16
1-1,0.0117500582587735,0.0438439895132899,TRUE,16
1-2,0.0068142521545076,0.0202479514928056,TRUE,16
1-3,-0.0227304217375028,0.0137104214913582,TRUE,16
2-2,0.164186319073203,0.0542831014564573,TRUE,16
2-3,-0.0378967975588144,0.0162140386094222,FALSE,16
3-3,-0.222342316561686,0.0294599460265284,TRUE,16
(Intercept):1,-1.0969200063758,0.0423982750877522,TRUE,16
(Intercept):2,-1.54406150703338,0.0585523957639119,TRUE,16
Covariate:1,0.449184339265512,0.0603225742741922,TRUE,16
Covariate:2,-0.559468118344505,0.0703369011976238,TRUE,16
1-1,0.0384370135250113,0.0388981060801992,TRUE,16
1-2,-0.022251391429952,0.0219131895179132,TRUE,16
1-3,-0.0156540719118578,0.0140006374511508,TRUE,16
2-2,0.112240483528447,0.0557415888495159,TRUE,16
2-3,-0.0267781475590851,0.0158446348753798,TRUE,16
3-3,-0.235595184193879,0.027518909492823,TRUE,16
(Intercept):1,-1.14133761700419,0.0426708041507473,TRUE,16
(Intercept):2,-1.64717268046364,0.0579228276054031,TRUE,16
Covariate:1,0.529861222951309,0.0664456524257589,TRUE,16
Covariate:2,-0.543102179298223,0.0803306539341204,TRUE,16
1-1,0.0957458754524865,0.0389144075722012,TRUE,16
1-2,-0.00487109403519281,0.0210127602598113,TRUE,16
1-3,-0.00462233596633706,0.0138783438091919,TRUE,16
2-2,0.194782553938652,0.0616855515527761,TRUE,16
2-3,-0.0205710232986478,0.0154372412882349,TRUE,16
3-3,-0.274124151225018,0.0279584071858099,TRUE,16
(Intercept):1,-1.11608613892005,0.0449060441490142,TRUE,16
(Intercept):2,-1.62440373409861,0.0580331502971986,TRUE,16
Covariate:1,0.494585526741022,0.0644402781781073,TRUE,16
Covariate:2,-0.541703400463864,0.0770097678966427,TRUE,16
1-1,0.134850733485408,0.0431881276574482,TRUE,16
1-2,0.0272693917145911,0.0209738794861594,TRUE,16
1-3,0.00541273145797357,0.0141043445267884,TRUE,16
2-2,0.164849503012618,0.0635869852086443,TRUE,16
2-3,0.010099701685323,0.0158536415393388,TRUE,16
3-3,-0.154101821302536,0.0277961801210425,FALSE,16
(Intercept):1,-1.06520840390331,0.041286328400139,TRUE,16
(Intercept):2,-1.59225928004525,0.0573397070825479,TRUE,16
Covariate:1,0.404096821145535,0.0627754514301798,TRUE,16
Covariate:2,-0.66595549926052,0.0800307806151936,FALSE,16
1-1,0.0507388115792652,0.0384991506557048,TRUE,16
1-2,-0.0367739992487156,0.0214669474703984,TRUE,16
1-3,-0.0243783450004561,0.0134953927707331,TRUE,16
2-2,0.0779520779735134,0.0534833722371569,TRUE,16
2-3,0.000835557462821716,0.0163716638769721,TRUE,16
3-3,-0.285382419569851,0.0286017353100846,FALSE,16
(Intercept):1,-1.1101508260633,0.0430818518174977,TRUE,16
(Intercept):2,-1.62738815006686,0.0556512539127784,TRUE,16
Covariate:1,0.617102440357824,0.0651619731845666,TRUE,16
Covariate:2,-0.511745494586259,0.0787292681617602,TRUE,16
1-1,0.0979726151669147,0.0409950108336073,TRUE,16
1-2,-0.00447633691323519,0.0217363974220663,TRUE,16
1-3,0.00160256685860523,0.0131543966677334,TRUE,16
2-2,0.201446789745127,0.0589375198551231,TRUE,16
2-3,-0.00330163917644561,0.0159195054401669,TRUE,16
3-3,-0.225353928477126,0.0280739069874777,TRUE,16
(Intercept):1,-1.10987860806763,0.0426306401543468,TRUE,16
(Intercept):2,-1.70778409611191,0.0573319438186444,TRUE,16
Covariate:1,0.603267783453262,0.0631305156551458,TRUE,16
Covariate:2,-0.592054585860622,0.0789188171405144,TRUE,16
1-1,0.0896387557432,0.0419373178514559,TRUE,16
1-2,0.0231699345435326,0.0213739761092818,TRUE,16
1-3,-0.0123195649867396,0.0141108670397256,TRUE,16
2-2,0.192393205456309,0.0549591539490249,TRUE,16
2-3,0.00309398152942662,0.0161031641887086,TRUE,16
3-3,-0.236619233458953,0.028082585920263,TRUE,16
(Intercept):1,-1.12763164682401,0.0447219968538173,TRUE,16
(Intercept):2,-1.65150840456587,0.0590897724085641,TRUE,16
Covariate:1,0.460775940109097,0.0688539085047956,TRUE,16
Covariate:2,-0.388395195217202,0.0777379647165514,TRUE,16
1-1,0.0919983492362881,0.0403886504844279,TRUE,16
1-2,0.0164227429781631,0.0204518543073581,TRUE,16
1-3,0.00394795275011534,0.0145506391850497,TRUE,16
2-2,0.214457187423752,0.0544590136908332,TRUE,16
2-3,-3.20899043537641e-05,0.0168834153060334,TRUE,16
3-3,-0.228854410558026,0.0289272619880318,TRUE,16
(Intercept):1,-1.0542024977111,0.043906858651419,TRUE,16
(Intercept):2,-1.53089335589419,0.0545637244872571,TRUE,16
Covariate:1,0.444836036221503,0.0618457058093751,TRUE,16
Covariate:2,-0.398270751811216,0.0714354068414789,TRUE,16
1-1,0.0884771679480324,0.0451171422518455,TRUE,16
1-2,-0.0471266177427057,0.0223241394413101,FALSE,16
1-3,-0.0368327262384983,0.0142596026386725,FALSE,16
2-2,0.158495063934504,0.0598505827950788,TRUE,16
2-3,-0.00769334850366138,0.0162334354143328,TRUE,16
3-3,-0.212917045869516,0.0286474065306777,TRUE,16
(Intercept):1,-1.08634241290007,0.0443835068015448,TRUE,16
(Intercept):2,-1.52748374790607,0.0571217279584314,TRUE,16
Covariate:1,0.582233663206412,0.064286166130374,TRUE,16
Covariate:2,-0.499200107060051,0.0762790077241503,TRUE,16
1-1,0.094604113854544,0.0392889631044518,TRUE,16
1-2,-0.0274499734756327,0.0216284611722918,TRUE,16
1-3,-0.0170563500322639,0.0134801591527425,TRUE,16
2-2,0.075371330056415,0.0599282118231103,TRUE,16
2-3,-0.0223906583825673,0.0158535684289765,TRUE,16
3-3,-0.238985038651407,0.028609921982252,TRUE,16
(Intercept):1,-1.09935265176716,0.0443974523311738,TRUE,16
(Intercept):2,-1.64305098014017,0.0588979898076766,TRUE,16
Covariate:1,0.446057852805453,0.0635037657997928,TRUE,16
Covariate:2,-0.504835872294146,0.0763399462976062,TRUE,16
1-1,0.0489047552399972,0.0419060068308948,TRUE,16
1-2,0.0254346997238335,0.0211443238597185,TRUE,16
1-3,-0.00478438807242363,0.0142250258711624,TRUE,16
2-2,0.212161379799467,0.057264214458656,TRUE,16
2-3,-0.0185001687045528,0.0164400294438546,TRUE,16
3-3,-0.221433961038748,0.0275889910367492,TRUE,16
(Intercept):1,-1.10875694631596,0.0433367265134001,TRUE,16
(Intercept):2,-1.58751781724647,0.056417341018791,TRUE,16
Covariate:1,0.399117592073698,0.0588610527137536,TRUE,16
Covariate:2,-0.515690639363224,0.075924865131369,TRUE,16
1-1,0.0931243801054598,0.0406551174330097,TRUE,16
1-2,0.00853381978514435,0.0207377794731303,TRUE,16
1-3,-0.0145398612001385,0.013696363099866,TRUE,16
2-2,0.15946023145442,0.055576710850669,TRUE,16
2-3,-0.0196510129051217,0.0158282311217973,TRUE,16
3-3,-0.250396776737962,0.0285899460788374,TRUE,16
(Intercept):1,-1.09564951477751,0.0424774819488549,TRUE,16
(Intercept):2,-1.54434036840405,0.0558333914805632,TRUE,16
Covariate:1,0.511517928190455,0.064364727793921,TRUE,16
Covariate:2,-0.447118897263533,0.074560733416421,TRUE,16
1-1,0.136842871091965,0.0380996931996225,TRUE,16
1-2,0.0112778930839751,0.0198669117867506,TRUE,16
1-3,-0.0084402768970419,0.0140107507631251,TRUE,16
2-2,0.20039295921496,0.0549214272891838,TRUE,16
2-3,-0.00912897703676325,0.0164073208856252,TRUE,16
3-3,-0.210676555551011,0.029209847976858,TRUE,16
(Intercept):1,-0.998049855634155,0.0404469462099481,FALSE,16
(Intercept):2,-1.64040466237022,0.0600169025329549,TRUE,16
Covariate:1,0.470596769691473,0.0638375041363456,TRUE,16
Covariate:2,-0.501911392931371,0.0774039327010698,TRUE,16
1-1,0.0734458615440645,0.0390200880936546,TRUE,16
1-2,-0.0102262619327928,0.0213460338960353,TRUE,16
1-3,-0.0250372458735436,0.0137476969828669,TRUE,16
2-2,0.0941490576419532,0.0610331917059906,TRUE,16
2-3,0.00644652756654377,0.0164191382812587,TRUE,16
3-3,-0.204060010365815,0.0269042472208094,TRUE,16
(Intercept):1,-1.07315001152844,0.0429526128607355,TRUE,16
(Intercept):2,-1.60724617562055,0.0567273649814223,TRUE,16
Covariate:1,0.485000768430232,0.0611024224229464,TRUE,16
Covariate:2,-0.455247980100954,0.0790726031020284,TRUE,16
1-1,0.0657498061549954,0.0406185483579838,TRUE,16
1-2,0.0227716539315658,0.0217264596953644,TRUE,16
1-3,-0.0129854880795343,0.013828434047787,TRUE,16
2-2,0.152475513588945,0.0633779935971474,TRUE,16
2-3,-0.0107782699954914,0.0157519093643133,TRUE,16
3-3,-0.202662177435831,0.0298892352132543,TRUE,16
(Intercept):1,-1.07151741300482,0.0423207106422478,TRUE,16
(Intercept):2,-1.63656327033549,0.0586320879451391,TRUE,16
Covariate:1,0.416329769375877,0.0627740002749522,TRUE,16
Covariate:2,-0.577624261658611,0.0789892158294567,TRUE,16
1-1,0.057417775898461,0.042622221888238,TRUE,16
1-2,-0.018853596435223,0.0214344382329474,TRUE,16
1-3,-0.0145950546307327,0.0140540751430762,TRUE,16
2-2,0.080828334221737,0.0667639058649581,TRUE,16
2-3,-0.00824893414859823,0.0164563213906787,TRUE,16
3-3,-0.244328275307143,0.0275059958568368,TRUE,16
(Intercept):1,-1.10670620770856,0.0445453640886821,TRUE,16
(Intercept):2,-1.66392634985831,0.0567330641424149,TRUE,16
Covariate:1,0.428724255704728,0.0621703230461601,TRUE,16
Covariate:2,-0.54891562052526,0.0713891032799355,TRUE,16
1-1,0.0968638651744424,0.0387837506971242,TRUE,16
1-2,0.0464178058979905,0.0196473237546208,FALSE,16
1-3,-0.0104574985534799,0.013935220823038,TRUE,16
2-2,0.294557181202424,0.0513502420961515,FALSE,16
2-3,-0.0106510736651315,0.0150415650187456,TRUE,16
3-3,-0.194687696513672,0.029439185771809,TRUE,16
(Intercept):1,-1.13762787399182,0.0437118026155651,TRUE,16
(Intercept):2,-1.62394426256386,0.0585551064672025,TRUE,16
Covariate:1,0.403851123266101,0.0625668672942179,TRUE,16
Covariate:2,-0.522651170260842,0.0752869826906583,TRUE,16
1-1,0.0995962750254401,0.0393597714359648,TRUE,16
1-2,-0.0288685777248964,0.0234625077218588,TRUE,16
1-3,-0.00731088842241299,0.0144228340104643,TRUE,16
2-2,0.0870300422106185,0.060531615516778,TRUE,16
2-3,-0.0153409007919134,0.0156754604721016,TRUE,16
3-3,-0.261959644215034,0.028582639311513,TRUE,16
(Intercept):1,-1.11456870801155,0.0438900763477787,TRUE,16
(Intercept):2,-1.66507836632358,0.0579163340293171,TRUE,16
Covariate:1,0.458937853332072,0.067711846377495,TRUE,16
Covariate:2,-0.535678621008835,0.0741817846896846,TRUE,16
1-1,0.135182292666618,0.0404437585622289,TRUE,16
1-2,0.00225445635175914,0.0209075170696459,TRUE,16
1-3,0.00402265066215084,0.0137269928001124,TRUE,16
2-2,0.201360634248618,0.0501610823195261,TRUE,16
2-3,0.0185567492470468,0.015439293161833,TRUE,16
3-3,-0.252067917670101,0.0294527813847941,TRUE,16
(Intercept):1,-1.06666166378162,0.0413835595316692,TRUE,16
(Intercept):2,-1.69770551117675,0.0584955501085548,TRUE,16
Covariate:1,0.536838542857992,0.0649597411465376,TRUE,16
Covariate:2,-0.573397636738408,0.0726591593058622,TRUE,16
1-1,0.103449664790726,0.040685960381159,TRUE,16
1-2,0.0173170840029479,0.0207984023619818,TRUE,16
1-3,0.000418009570550738,0.0140391785032602,TRUE,16
2-2,0.295649316313152,0.0545595276763191,FALSE,16
2-3,0.0152078955365997,0.0172286593259363,TRUE,16
3-3,-0.202024418704302,0.029309834725503,TRUE,16
(Intercept):1,-1.02503963634306,0.0421009593636604,TRUE,16
(Intercept):2,-1.63648926597571,0.0589568299948181,TRUE,16
Covariate:1,0.479718195145277,0.0611082247899895,TRUE,16
Covariate:2,-0.443544361134929,0.0773345397244357,TRUE,16
1-1,0.0676697820880404,0.0409008321845965,TRUE,16
1-2,-0.0103770677481386,0.0208719576608996,TRUE,16
1-3,-0.0284362118974835,0.0140418950445394,FALSE,16
2-2,0.130540270882353,0.0618383180276772,TRUE,16
2-3,-0.00921076466722231,0.0161765739607356,TRUE,16
3-3,-0.215781541259866,0.0285981222085309,TRUE,16
(Intercept):1,-1.08668393950988,0.0434230283174832,TRUE,16
(Intercept):2,-1.57918477037202,0.0574242253966437,TRUE,16
Covariate:1,0.352395481260101,0.0596538340135207,FALSE,16
Covariate:2,-0.540991312416441,0.0756525050193019,TRUE,16
1-1,0.0144914986473383,0.0416182350512364,TRUE,16
1-2,-0.0151685537141244,0.0233222606766491,TRUE,16
1-3,-0.00754194710128835,0.013705229594318,TRUE,16
2-2,0.187773514868771,0.0621317507627554,TRUE,16
2-3,-0.0290241749844257,0.0160939633650684,TRUE,16
3-3,-0.251369985606134,0.0287418154289785,TRUE,16
(Intercept):1,-1.14749070213883,0.0447655912358992,TRUE,16
(Intercept):2,-1.57832559596508,0.0587681579401785,TRUE,16
Covariate:1,0.485694282490701,0.0665447475200977,TRUE,16
Covariate:2,-0.446208237677629,0.0771459537515732,TRUE,16
1-1,0.0881265565181809,0.0421084161673507,TRUE,16
1-2,0.00849970643403167,0.0217953019007805,TRUE,16
1-3,0.0286486329821667,0.0138400071128627,FALSE,16
2-2,0.178814732533049,0.0569601874440391,TRUE,16
2-3,-0.007827074198349,0.0162791370017845,TRUE,16
3-3,-0.217556281769639,0.0285927164873965,TRUE,16
(Intercept):1,-1.11534745784897,0.042531795415685,TRUE,16
(Intercept):2,-1.58821954213553,0.0570636818116017,TRUE,16
Covariate:1,0.560094796759519,0.0615542301515983,TRUE,16
Covariate:2,-0.536052704875665,0.0733250639859175,TRUE,16
1-1,0.0665449083371578,0.0439840202331431,TRUE,16
1-2,0.00615632649714652,0.0209511023791929,TRUE,16
1-3,0.0030330308395594,0.0141988604167402,TRUE,16
2-2,0.127800131073962,0.0610198537082689,TRUE,16
2-3,-0.0288212007874668,0.0160136041258732,TRUE,16
3-3,-0.231178107355767,0.0292889726027433,TRUE,16
(Intercept):1,-1.04372476457324,0.041589861415036,TRUE,16
(Intercept):2,-1.67666477310428,0.0575872262191507,TRUE,16
Covariate:1,0.39928725244329,0.0670447401997127,TRUE,16
Covariate:2,-0.618000836085602,0.078033407222316,TRUE,16
1-1,0.128025363458461,0.0393468018642458,TRUE,16
1-2,0.00984768290122733,0.0201507168348285,TRUE,16
1-3,-0.0270888339358584,0.013203573980503,FALSE,16
2-2,0.298608778508374,0.0517107085272079,FALSE,16
2-3,-0.000318155862837481,0.0148639365426031,TRUE,16
3-3,-0.244405751184471,0.0282681746815462,TRUE,16
(Intercept):1,-1.07865129315407,0.0426289494971701,TRUE,16
(Intercept):2,-1.63237143995191,0.0575494519087811,TRUE,16
Covariate:1,0.509216606888207,0.0626113514433539,TRUE,16
Covariate:2,-0.388128793926764,0.0766252950784384,TRUE,16
1-1,0.128137910474747,0.0387099598622188,TRUE,16
1-2,-0.012735580624973,0.0206721310428901,TRUE,16
1-3,-0.0026435334653338,0.0135334717446434,TRUE,16
2-2,0.289360661200038,0.0588950983968815,TRUE,16
2-3,-0.00901578203119464,0.0165993753718435,TRUE,16
3-3,-0.207600980497204,0.0290321828565445,TRUE,16
(Intercept):1,-1.02926552691722,0.042070349403345,TRUE,16
(Intercept):2,-1.53833366112597,0.0571587773945214,TRUE,16
Covariate:1,0.530589804318142,0.0613560022907977,TRUE,16
Covariate:2,-0.450210077747453,0.0812993401262128,TRUE,16
1-1,0.0769590331610402,0.0409953598769025,TRUE,16
1-2,-0.0158710542764678,0.0205957864864531,TRUE,16
1-3,-0.0119644573379999,0.0139510553268866,TRUE,16
2-2,0.11726840954482,0.057284781000541,TRUE,16
2-3,0.00675463102937649,0.0155390501608212,TRUE,16
3-3,-0.192169528442318,0.0289895162710902,TRUE,16
(Intercept):1,-1.07651290089419,0.042605145304297,TRUE,16
(Intercept):2,-1.60693407424841,0.0558752590892078,TRUE,16
Covariate:1,0.440436531772929,0.0670822607771987,TRUE,16
Covariate:2,-0.448985563433749,0.0790269711800401,TRUE,16
1-1,0.0640139258091043,0.0430467561982383,TRUE,16
1-2,-0.0161077233472704,0.0211702958879164,TRUE,16
1-3,-0.0266545744165202,0.0132859662652458,FALSE,16
2-2,0.184371086096086,0.0516817388555908,TRUE,16
2-3,-0.0176615608091281,0.0154035966903806,TRUE,16
3-3,-0.277559790671837,0.0292077692810665,TRUE,16
(Intercept):1,-1.03971319671995,0.043661247926698,TRUE,16
(Intercept):2,-1.60224748489685,0.0580555601837226,TRUE,16
Covariate:1,0.461024029948427,0.0646578983439294,TRUE,16
Covariate:2,-0.434493334009597,0.083161286852846,TRUE,16
1-1,0.0666478198435046,0.0416782471429396,TRUE,16
1-2,-0.053651564389089,0.0217371792209085,FALSE,16
1-3,-0.0234165504442729,0.0142059807064879,TRUE,16
2-2,0.179274814097313,0.057868542828912,TRUE,16
2-3,-0.00210250751769859,0.0162312897809939,TRUE,16
3-3,-0.244548286980354,0.0282447971395812,TRUE,16
(Intercept):1,-1.06345819319229,0.0433240981121497,TRUE,16
(Intercept):2,-1.58666277555894,0.057598275979718,TRUE,16
Covariate:1,0.54717651522737,0.0648244411002597,TRUE,16
Covariate:2,-0.486039371832413,0.0759573338364004,TRUE,16
1-1,0.0646861678205631,0.0436582244787886,TRUE,16
1-2,-0.00607942791692601,0.0226872027960101,TRUE,16
1-3,-0.00914606573453234,0.0136086226551733,TRUE,16
2-2,0.121489567850318,0.0645731221083979,TRUE,16
2-3,0.00437364317979935,0.0154588272453795,TRUE,16
3-3,-0.212973108667517,0.0283856102375196,TRUE,16
(Intercept):1,-1.06069045410914,0.0429320389763569,TRUE,16
(Intercept):2,-1.54304765037785,0.0615407415169238,TRUE,16
Covariate:1,0.519400587238766,0.0657411711256986,TRUE,16
Covariate:2,-0.511298834362143,0.0771095865336473,TRUE,16
1-1,0.100058153232375,0.040666536560818,TRUE,16
1-2,-0.018109202907635,0.0219791391755002,TRUE,16
1-3,-0.0158957130831243,0.0136658867000515,TRUE,16
2-2,0.132444287972102,0.0586873738400229,TRUE,16
2-3,-0.0100514105180173,0.0158855871569966,TRUE,16
3-3,-0.230999157544242,0.0286376979321989,TRUE,16
(Intercept):1,-1.1569329644825,0.0455387509788488,TRUE,16
(Intercept):2,-1.59541377820365,0.0583475454028564,TRUE,16
Covariate:1,0.498570716261814,0.0658419820183995,TRUE,16
Covariate:2,-0.463124696564578,0.08417829607986,TRUE,16
1-1,0.118049402386695,0.0417916854427937,TRUE,16
1-2,-0.0210899660085018,0.0211774411919153,TRUE,16
1-3,0.0113759145423776,0.0141070716688367,TRUE,16
2-2,0.148920393044291,0.0613640681795147,TRUE,16
2-3,0.00304409689302969,0.0157251319091437,TRUE,16
3-3,-0.244001230923745,0.0285280236164014,TRUE,16
(Intercept):1,-1.14219294922178,0.0437971786377323,TRUE,16
(Intercept):2,-1.66560008428453,0.0575422698389474,TRUE,16
Covariate:1,0.516070716138775,0.0687338169824819,TRUE,16
Covariate:2,-0.420460955268182,0.0762221904305647,TRUE,16
1-1,0.0333775619028762,0.0442819386209849,TRUE,16
1-2,0.0196086127221225,0.0224839081649935,TRUE,16
1-3,0.00156445870132609,0.0146017205234313,TRUE,16
2-2,0.212436773233644,0.05794094497062,TRUE,16
2-3,-0.00429805115797892,0.0164023217391118,TRUE,16
3-3,-0.25393218442889,0.0286237259592971,TRUE,16
(Intercept):1,-1.08247752548575,0.0428623442784733,TRUE,16
(Intercept):2,-1.55841433615823,0.0559926651211069,TRUE,16
Covariate:1,0.504215143152725,0.0608107233551893,TRUE,16
Covariate:2,-0.478816804112847,0.0740977889497099,TRUE,16
1-1,0.0682918978246649,0.0428894133268974,TRUE,16
1-2,-0.0223816148524132,0.0216228951490637,TRUE,16
1-3,-0.0088065295510908,0.0137007179655983,TRUE,16
2-2,0.241210014159351,0.0533309628797543,TRUE,16
2-3,-0.016194022796081,0.014815523205508,TRUE,16
3-3,-0.207837438013599,0.0286163624729689,TRUE,16
(Intercept):1,-1.08572838557879,0.0421127277401489,TRUE,16
(Intercept):2,-1.51831147524525,0.0585558404525683,TRUE,16
Covariate:1,0.549573854240831,0.0633204898349166,TRUE,16
Covariate:2,-0.526172844890957,0.0749664731653809,TRUE,16
1-1,0.082727285625122,0.0383639428326457,TRUE,16
1-2,-0.033074672068146,0.0207803926724587,TRUE,16
1-3,-0.019845961738037,0.013711828394275,TRUE,16
2-2,0.0685457590966195,0.0584750617392574,TRUE,16
2-3,-0.0321048442381352,0.0159562997054335,FALSE,16
3-3,-0.2645245588783,0.0290769640423964,TRUE,16
(Intercept):1,-1.06585107880743,0.0422827351505904,TRUE,16
(Intercept):2,-1.57422181505878,0.0608500138173236,TRUE,16
Covariate:1,0.405413219664879,0.0621782117905065,TRUE,16
Covariate:2,-0.686387513562931,0.0750575080661904,FALSE,16
1-1,0.0508333987797831,0.0428849951628419,TRUE,16
1-2,-0.0191031117766193,0.0215871232836743,TRUE,16
1-3,-0.002363566747929,0.0144968466652279,TRUE,16
2-2,0.201056313966832,0.0529258262994891,TRUE,16
2-3,-0.00580147540683698,0.016895365038166,TRUE,16
3-3,-0.247530822770237,0.0291790411761222,TRUE,16
(Intercept):1,-1.09127696026563,0.0408061264227799,TRUE,16
(Intercept):2,-1.61082603961571,0.0577529571530838,TRUE,16
Covariate:1,0.643192471798203,0.0621740037728234,FALSE,16
Covariate:2,-0.431344684851148,0.0732497910634908,TRUE,16
1-1,0.0731720021703783,0.0405117617098508,TRUE,16
1-2,-0.00460225284868043,0.0203300411945239,TRUE,16
1-3,-0.0267367297191887,0.0134601569494758,FALSE,16
2-2,0.0845242606953213,0.0578112635482173,TRUE,16
2-3,-0.0155864696747227,0.0154323811739555,TRUE,16
3-3,-0.24855036672079,0.0278789226628329,TRUE,16
(Intercept):1,-1.12476683086942,0.0436784606156497,TRUE,16
(Intercept):2,-1.62073492336632,0.0571768686524341,TRUE,16
Covariate:1,0.530130717531795,0.0659989506032893,TRUE,16
Covariate:2,-0.560857501307612,0.0747540326542827,TRUE,16
1-1,0.0451056022240173,0.0423773739470659,TRUE,16
1-2,0.000965409853643608,0.0208855613093658,TRUE,16
1-3,-0.0182873331493641,0.0141496146573733,TRUE,16
2-2,0.0811817968067023,0.0612118056382656,TRUE,16
2-3,-0.00796831066220938,0.0154527857238915,TRUE,16
3-3,-0.246984621520067,0.0294224271680624,TRUE,16
(Intercept):1,-1.02865339385294,0.0424709632211087,TRUE,16
(Intercept):2,-1.51329294569589,0.0558105473009218,TRUE,16
Covariate:1,0.433462767768234,0.0641143875254096,TRUE,16
Covariate:2,-0.516362721672926,0.0804318173729618,TRUE,16
1-1,0.136015891174669,0.0387701815208054,TRUE,16
1-2,-0.0291885350746882,0.0208737798327251,TRUE,16
1-3,-0.013956859980328,0.013361068593537,TRUE,16
2-2,0.136174983509766,0.0632407977898444,TRUE,16
2-3,-0.0115771538748612,0.0161324003120587,TRUE,16
3-3,-0.227341053762237,0.029583011455654,TRUE,16
(Intercept):1,-1.13396316618192,0.0439821276921229,TRUE,16
(Intercept):2,-1.60548259521758,0.0570284253080015,TRUE,16
Covariate:1,0.509876684934718,0.066525082770795,TRUE,16
Covariate:2,-0.591201420623962,0.0794304078833427,TRUE,16
1-1,0.131115622154819,0.0397959725381238,TRUE,16
1-2,0.00140988670399861,0.0223740467879266,TRUE,16
1-3,-0.00148475995025314,0.0146043439446129,TRUE,16
2-2,0.169504505029696,0.0609725857832016,TRUE,16
2-3,-0.0145071165830643,0.0155915322249721,TRUE,16
3-3,-0.21317982356752,0.0296677380089747,TRUE,16
(Intercept):1,-1.07183251895129,0.0438028699818779,TRUE,16
(Intercept):2,-1.68415992833637,0.0578262403716121,TRUE,16
Covariate:1,0.497584710070821,0.0634434179609127,TRUE,16
Covariate:2,-0.485575628253934,0.0772775898948411,TRUE,16
1-1,0.112303017954415,0.0390349084215727,TRUE,16
1-2,0.0358295758121413,0.0210767541450001,TRUE,16
1-3,-0.00559772244334642,0.0140999224909099,TRUE,16
2-2,0.200785016860997,0.05837319332793,TRUE,16
2-3,0.0217705925502096,0.0153607152902962,TRUE,16
3-3,-0.193813113880852,0.0309396252863877,TRUE,16
(Intercept):1,-1.09207059077731,0.0422807448692708,TRUE,16
(Intercept):2,-1.63691620630848,0.0561545226754668,TRUE,16
Covariate:1,0.420119855991111,0.061563216864934,TRUE,16
Covariate:2,-0.609471339977331,0.0803784177043369,TRUE,16
1-1,0.14184937654616,0.0378544259305751,TRUE,16
1-2,0.0157353373508166,0.0198106922688318,TRUE,16
1-3,-0.00743687123729966,0.0137297843252,TRUE,16
2-2,0.215838670215676,0.055921094275556,TRUE,16
2-3,0.00730092212518836,0.0156144386510267,TRUE,16
3-3,-0.222321530033137,0.0309548307496636,TRUE,16
(Intercept):1,-1.06211822068936,0.0434361314256586,TRUE,16
(Intercept):2,-1.68605747339218,0.059250963001929,TRUE,16
Covariate:1,0.548233332092756,0.0647747303390372,TRUE,16
Covariate:2,-0.60377132102947,0.0817530677097152,TRUE,16
1-1,0.000661406990641459,0.0413290356094208,FALSE,16
1-2,0.00476591245906061,0.0204716431018462,TRUE,16
1-3,-0.0187785613717813,0.0139904223801616,TRUE,16
2-2,0.245215179767079,0.052740390916154,TRUE,16
2-3,-0.0137933608377567,0.0167439789920769,TRUE,16
3-3,-0.260966871175403,0.0295596619713929,TRUE,16
(Intercept):1,-1.01474168565565,0.0423923573390058,FALSE,16
(Intercept):2,-1.57051108160252,0.0572782441464333,TRUE,16
Covariate:1,0.530593969561401,0.0613159559956962,TRUE,16
Covariate:2,-0.548158262430707,0.0732033226302833,TRUE,16
1-1,0.105722832344594,0.0433412602610371,TRUE,16
1-2,-0.0420426106938997,0.0212501631771442,FALSE,16
1-3,-0.0278521373526633,0.0137254465095849,FALSE,16
2-2,0.199618535202215,0.0559447029711325,TRUE,16
2-3,-0.000459062272074309,0.0160203097188282,TRUE,16
3-3,-0.203978660506324,0.0277778491107173,TRUE,16
(Intercept):1,-1.02682925751541,0.0412323409189546,TRUE,16
(Intercept):2,-1.56692704216333,0.0576843209838184,TRUE,16
Covariate:1,0.520421860708989,0.0631189900340791,TRUE,16
Covariate:2,-0.424826101666927,0.0716234836020189,TRUE,16
1-1,0.0993572017452848,0.0363557704177846,TRUE,16
1-2,-0.0383145804690021,0.0205502552789696,TRUE,16
1-3,-0.0169047838593299,0.0131531437402679,TRUE,16
2-2,0.15240941563164,0.0579719928868773,TRUE,16
2-3,-0.00315778661733243,0.0150645774410155,TRUE,16
3-3,-0.248724303573708,0.028882502621266,TRUE,16
(Intercept):1,-1.14631364680012,0.0451811841411498,TRUE,16
(Intercept):2,-1.58885137285459,0.0581273381437878,TRUE,16
Covariate:1,0.555950629412764,0.0638560395776712,TRUE,16
Covariate:2,-0.498381001876953,0.0759761449613492,TRUE,16
1-1,0.152668088008325,0.0373194981659597,TRUE,16
1-2,0.0253110837360817,0.0213643672869497,TRUE,16
1-3,0.0175711041993637,0.014547878905395,TRUE,16
2-2,0.196420007655524,0.0520498347714486,TRUE,16
2-3,0.00145068315442119,0.0159120233675198,TRUE,16
3-3,-0.218102576343814,0.0291040055842319,TRUE,16
(Intercept):1,-1.09136884115893,0.0430223067366569,TRUE,16
(Intercept):2,-1.65005249913561,0.0559223850419578,TRUE,16
Covariate:1,0.409482298784285,0.0634309299564891,TRUE,16
Covariate:2,-0.531965468963083,0.0762839049481445,TRUE,16
1-1,0.126266843652667,0.0413526844681285,TRUE,16
1-2,-0.0156243319727459,0.0205063770484537,TRUE,16
1-3,-0.00480374795511511,0.0139618229329187,TRUE,16
2-2,0.235619708780559,0.0579529154199607,TRUE,16
2-3,0.0217443352211622,0.0158428450195034,TRUE,16
3-3,-0.197387265686263,0.0286874521148644,TRUE,16
(Intercept):1,-1.11653173409829,0.0435864187857676,TRUE,16
(Intercept):2,-1.54107509284938,0.0554941492259128,TRUE,16
Covariate:1,0.504339879485055,0.0675129518813041,TRUE,16
Covariate:2,-0.603863292965525,0.0755248301575626,TRUE,16
1-1,0.102979668233453,0.0394278103074837,TRUE,16
1-2,0.00236812392224049,0.0206499003467047,TRUE,16
1-3,0.0150984933812327,0.0138368665979533,TRUE,16
2-2,0.0974152414860911,0.0608740043386021,TRUE,16
2-3,0.00542936438825304,0.0158319286765065,TRUE,16
3-3,-0.228672453031547,0.0292482698695003,TRUE,16
(Intercept):1,-1.11120487711484,0.0420350055704295,TRUE,16
(Intercept):2,-1.57275661233286,0.057051776170222,TRUE,16
Covariate:1,0.549399183256268,0.0643716819009039,TRUE,16
Covariate:2,-0.568957281190172,0.0763430323583574,TRUE,16
1-1,0.169282282808087,0.0399339933051682,TRUE,16
1-2,0.010673191177071,0.0215887568632866,TRUE,16
1-3,-0.00142681699833264,0.014146002528753,TRUE,16
2-2,0.138426861194706,0.0603119353952569,TRUE,16
2-3,-0.00610636533836093,0.0164562446407464,TRUE,16
3-3,-0.191143237096959,0.0303443042525976,TRUE,16
(Intercept):1,-1.05385869845281,0.0414132190181384,TRUE,16
(Intercept):2,-1.69236074050881,0.0582444550000663,TRUE,16
Covariate:1,0.467609290195077,0.0561701461030648,TRUE,16
Covariate:2,-0.49347557669428,0.0767717453049919,TRUE,16
1-1,0.0970409469073967,0.039625449335991,TRUE,16
1-2,0.0139380750206318,0.0204317351184715,TRUE,16
1-3,-0.0450515527887923,0.0142462451833804,FALSE,16
2-2,0.169315877038241,0.0624226050264295,TRUE,16
2-3,-0.00945930440269155,0.0166787150721884,TRUE,16
3-3,-0.241991680628132,0.0281301346790872,TRUE,16
(Intercept):1,-1.0903931952357,0.0433775667069658,TRUE,16
(Intercept):2,-1.51103728039401,0.0571155919370965,TRUE,16
Covariate:1,0.50442848565734,0.0644535604330787,TRUE,16
Covariate:2,-0.350503613196146,0.0751481184032422,FALSE,16
1-1,0.116177974208714,0.0393813112303093,TRUE,16
1-2,-0.0269809978137008,0.0213883573663197,TRUE,16
1-3,0.00171044544243058,0.0136208019518886,TRUE,16
2-2,0.0559072795139511,0.0593510660186407,FALSE,16
2-3,-0.0216232403717616,0.0161350165639679,TRUE,16
3-3,-0.236174277420425,0.0290046430688062,TRUE,16
(Intercept):1,-1.07987924454368,0.043224683765084,TRUE,16
(Intercept):2,-1.63832401059079,0.0573920574170049,TRUE,16
Covariate:1,0.448859575197914,0.0595705230170353,TRUE,16
Covariate:2,-0.467853507575893,0.0743941128693612,TRUE,16
1-1,0.0429464064404522,0.0419199463342819,TRUE,16
1-2,-0.0128402314104238,0.0219934358787082,TRUE,16
1-3,-0.0379422231184637,0.0140572705034877,FALSE,16
2-2,0.0857182276185077,0.0613437336329633,TRUE,16
2-3,-0.0211922856230367,0.0160904748907974,TRUE,16
3-3,-0.263554444351167,0.0284830664873894,TRUE,16
(Intercept):1,-1.15479807095767,0.042780368601351,TRUE,16
(Intercept):2,-1.726631152997,0.0593790266775884,FALSE,16
Covariate:1,0.525447628137252,0.066920737737644,TRUE,16
Covariate:2,-0.594812625787111,0.0798104566889501,TRUE,16
1-1,0.0772105595212835,0.0450592406559159,TRUE,16
1-2,0.0145464396380775,0.0220750822012351,TRUE,16
1-3,0.0180502450024318,0.0136211502361671,TRUE,16
2-2,0.143246161285828,0.0735203255588561,TRUE,16
2-3,0.03137645467794,0.0160735738535497,TRUE,16
3-3,-0.203474605313929,0.0275250823466566,TRUE,16
(Intercept):1,-1.07903823689537,0.042971658172796,TRUE,16
(Intercept):2,-1.53822947284988,0.057165473585039,TRUE,16
Covariate:1,0.492606390768355,0.0679248563336297,TRUE,16
Covariate:2,-0.578022591654103,0.0764355778774705,TRUE,16
1-1,0.0921033406600596,0.0425078468128229,TRUE,16
1-2,-0.0223228212120093,0.0217274693026235,TRUE,16
1-3,0.010206493160465,0.0144246598478914,TRUE,16
2-2,0.110118170923896,0.0612765425044977,TRUE,16
2-3,5.79038579638779e-05,0.0161588222302603,TRUE,16
3-3,-0.200046681096649,0.0286767660662353,TRUE,16
(Intercept):1,-1.03058998854074,0.0418963040378037,TRUE,16
(Intercept):2,-1.66000356235539,0.057996581607053,TRUE,16
Covariate:1,0.389368475233208,0.0645826543178666,TRUE,16
Covariate:2,-0.468109977722991,0.0777546242796759,TRUE,16
1-1,0.106921473002798,0.0410268332466528,TRUE,16
1-2,-0.0107828402914019,0.0211106633104659,TRUE,16
1-3,-0.00454174698298828,0.0138297329428585,TRUE,16
2-2,0.214282978577966,0.0566874593015056,TRUE,16
2-3,0.0251104032984022,0.0162398098809146,TRUE,16
3-3,-0.217933874546331,0.0290668328402378,TRUE,16
(Intercept):1,-1.07559720715729,0.0431055612718348,TRUE,16
(Intercept):2,-1.60416043373038,0.0556987710594504,TRUE,16
Covariate:1,0.618626289652393,0.0598333845320656,FALSE,16
Covariate:2,-0.431716488289884,0.0764899874364481,TRUE,16
1-1,0.103789407087726,0.0377142785829835,TRUE,16
1-2,-0.0348702996817916,0.020626640891019,TRUE,16
1-3,-0.0150372557768312,0.0136486095757125,TRUE,16
2-2,0.211936057073574,0.0569764560318978,TRUE,16
2-3,-0.00547161581673408,0.0155942653832525,TRUE,16
3-3,-0.220799137009697,0.0282412919230101,TRUE,16
(Intercept):1,-1.14064331585079,0.0437422243915936,TRUE,16
(Intercept):2,-1.69286547817728,0.0564722538418037,TRUE,16
Covariate:1,0.484741993948911,0.0653846759215563,TRUE,16
Covariate:2,-0.424609010948122,0.0756438335750131,TRUE,16
1-1,0.141281776193412,0.0374983133660069,TRUE,16
1-2,0.0372789405372572,0.0207944646995271,TRUE,16
1-3,0.00877264375074723,0.0139733999038897,TRUE,16
2-2,0.176592946643706,0.0599835828258862,TRUE,16
2-3,0.0307744860175398,0.0159770584638811,TRUE,16
3-3,-0.18294208913127,0.0274596478071863,TRUE,16
(Intercept):1,-1.08959845076139,0.0414599723604335,TRUE,16
(Intercept):2,-1.6163073853502,0.0557690087982307,TRUE,16
Covariate:1,0.617879986592475,0.0645927119964804,TRUE,16
Covariate:2,-0.469084710375953,0.0727118416211954,TRUE,16
1-1,0.0742839729144306,0.0424578485407392,TRUE,16
1-2,-0.0443856655375072,0.0213773450528382,FALSE,16
1-3,-0.0290796559904884,0.0139239809691914,FALSE,16
2-2,0.127503859663714,0.0582398004019449,TRUE,16
2-3,-0.0186727421166881,0.0164731913692144,TRUE,16
3-3,-0.253535397664295,0.0310732612194594,TRUE,16
(Intercept):1,-1.13591001176039,0.0435166428921913,TRUE,16
(Intercept):2,-1.58303343520639,0.054057373500823,TRUE,16
Covariate:1,0.401280641166335,0.0653158425215098,TRUE,16
Covariate:2,-0.406472038576182,0.0735131655102196,TRUE,16
1-1,0.0547087342264755,0.0486289887079141,TRUE,16
1-2,-0.00266523194637447,0.021557091716328,TRUE,16
1-3,-0.00388407485312953,0.0141392931657558,TRUE,16
2-2,0.180625257381072,0.0565593083587915,TRUE,16
2-3,-0.0288680432970692,0.0155247886556315,TRUE,16
3-3,-0.260524793158339,0.0291496163014798,TRUE,16
(Intercept):1,-1.18896511406258,0.044649795713397,FALSE,16
(Intercept):2,-1.68146045333844,0.0600224171628817,TRUE,16
Covariate:1,0.406437430927457,0.0623362026682642,TRUE,16
Covariate:2,-0.637758485323067,0.0751096774350102,TRUE,16
1-1,0.132036849957925,0.0391088438647825,TRUE,16
1-2,0.0308426917739628,0.0215159107747529,TRUE,16
1-3,-0.013995784947899,0.0145693510098475,TRUE,16
2-2,0.0766967052409459,0.0646576651152815,TRUE,16
2-3,-0.0232664811030746,0.0166040517408232,TRUE,16
3-3,-0.306257312100002,0.0298740636911322,FALSE,16
(Intercept):1,-1.03961162349198,0.0419484599901172,TRUE,16
(Intercept):2,-1.55498182539806,0.0568920923829643,TRUE,16
Covariate:1,0.519100660935704,0.0668654453762037,TRUE,16
Covariate:2,-0.4889604347178,0.0809031193451541,TRUE,16
1-1,0.125554351176153,0.0444232570320406,TRUE,16
1-2,-0.0371691061710952,0.0212964722726547,TRUE,16
1-3,-0.030276376031227,0.0139690363714258,FALSE,16
2-2,0.090930929389072,0.0578831913302197,TRUE,16
2-3,0.00260022233690824,0.015811877039386,TRUE,16
3-3,-0.250449940357088,0.0293342836984555,TRUE,16
(Intercept):1,-1.0753876183975,0.0432088256161087,TRUE,16
(Intercept):2,-1.55163102119735,0.055038137135925,TRUE,16
Covariate:1,0.407342741849086,0.0639163523162974,TRUE,16
Covariate:2,-0.608382947560719,0.0716359017534378,TRUE,16
1-1,0.0993463010287728,0.0373267112717443,TRUE,16
1-2,-0.0146022379869928,0.0209606158618524,TRUE,16
1-3,-0.0275133221259486,0.0135624663314881,FALSE,16
2-2,0.0671308165042733,0.0615163934447787,TRUE,16
2-3,-0.0298923524206868,0.0158039216392782,TRUE,16
3-3,-0.265595606896189,0.029152823712407,TRUE,16
(Intercept):1,-1.01557375127466,0.0429357033914382,TRUE,16
(Intercept):2,-1.64410530615183,0.0570132562859236,TRUE,16
Covariate:1,0.453761929454363,0.064002218551275,TRUE,16
Covariate:2,-0.507231512986876,0.0798908059757512,TRUE,16
1-1,-0.020973004551677,0.0440799907063641,FALSE,16
1-2,-0.050256887037339,0.0220259830708445,FALSE,16
1-3,-0.0409603438443872,0.0140185862772153,FALSE,16
2-2,0.212525303191908,0.0547435837310622,TRUE,16
2-3,-0.0246476108894847,0.0160254844327641,TRUE,16
3-3,-0.269618479579876,0.028403365196795,TRUE,16
(Intercept):1,-1.0705522371638,0.0429965208615557,TRUE,16
(Intercept):2,-1.54257964936688,0.0591851761281336,TRUE,16
Covariate:1,0.513990224589702,0.0640330869047698,TRUE,16
Covariate:2,-0.637335430790496,0.0797249904748747,TRUE,16
1-1,0.0681694429466892,0.0390300152934172,TRUE,16
1-2,-0.0328617516528043,0.0219781207223429,TRUE,16
1-3,-0.00815986271592527,0.0134111875728188,TRUE,16
2-2,0.115115402606547,0.0624434457850259,TRUE,16
2-3,-0.0162976977855132,0.0162912108019786,TRUE,16
3-3,-0.205862231893971,0.0283569812887202,TRUE,16
(Intercept):1,-1.13191394271497,0.0441915799927291,TRUE,16
(Intercept):2,-1.56046274337118,0.0558392222911679,TRUE,16
Covariate:1,0.513935816827988,0.0661747568958817,TRUE,16
Covariate:2,-0.365655655517687,0.073761393226462,TRUE,16
1-1,0.088428024248431,0.0427380787551721,TRUE,16
1-2,0.0199814295014833,0.0212749686498972,TRUE,16
1-3,0.0068680159482706,0.0141103422531094,TRUE,16
2-2,0.156185934619664,0.0568912858782466,TRUE,16
2-3,-0.0175185103084416,0.0161933086106345,TRUE,16
3-3,-0.192409345281737,0.0275091753721697,TRUE,16
(Intercept):1,-1.06044569672145,0.0417714514629301,TRUE,16
(Intercept):2,-1.65003293751622,0.0574151754407525,TRUE,16
Covariate:1,0.577419364817076,0.0654280089061758,TRUE,16
Covariate:2,-0.370475477765944,0.077202481553242,TRUE,16
1-1,0.087220917171523,0.0419231965352844,TRUE,16
1-2,-0.00753525726675615,0.0222074042182318,TRUE,16
1-3,-0.00510549462913082,0.0138718995996173,TRUE,16
2-2,0.216713939822999,0.0592475740711007,TRUE,16
2-3,0.00435629342538636,0.0165128350250305,TRUE,16
3-3,-0.244373000375438,0.0299424970084562,TRUE,16
(Intercept):1,-1.10978948673107,0.0434755712760698,TRUE,16
(Intercept):2,-1.53371989325707,0.0548111266205427,TRUE,16
Covariate:1,0.431969993315095,0.0604273489532892,TRUE,16
Covariate:2,-0.514441513590931,0.0753551888659581,TRUE,16
1-1,0.0176265484457764,0.0425589553389122,TRUE,16
1-2,-0.00794016849954548,0.0210520297726484,TRUE,16
1-3,-0.00413425852825888,0.0146238247992329,TRUE,16
2-2,0.194500311761168,0.0561845757841353,TRUE,16
2-3,-0.0239258077970374,0.015873764112578,TRUE,16
3-3,-0.212931651378708,0.0281581336120302,TRUE,16
(Intercept):1,-1.11233087540917,0.0436393712738811,TRUE,16
(Intercept):2,-1.63447291437899,0.0589518594792409,TRUE,16
Covariate:1,0.556387630017897,0.0605740711279326,TRUE,16
Covariate:2,-0.396392351797187,0.0731030343147984,TRUE,16
1-1,0.109087833257603,0.0398091747746463,TRUE,16
1-2,-0.0152743413132424,0.0203445208936702,TRUE,16
1-3,-0.0225342385604248,0.013595555470815,TRUE,16
2-2,0.20071774244003,0.058596409688067,TRUE,16
2-3,-0.0127026540994516,0.0163151737308074,TRUE,16
3-3,-0.304352536998255,0.0293073967624419,FALSE,16
(Intercept):1,-1.0205016779465,0.0422260446939709,TRUE,16
(Intercept):2,-1.64423401244323,0.0564569846950272,TRUE,16
Covariate:1,0.531510212583532,0.0625846587234434,TRUE,16
Covariate:2,-0.527683076563697,0.0798886070648947,TRUE,16
1-1,0.114638478942493,0.038433974040285,TRUE,16
1-2,0.00455721091279477,0.0205712452643705,TRUE,16
1-3,-0.0218365357248102,0.0141352250683122,TRUE,16
2-2,0.222544663295308,0.0567918666417876,TRUE,16
2-3,0.00810151600511539,0.015542528918836,TRUE,16
3-3,-0.229169384065882,0.0302570388343406,TRUE,16
(Intercept):1,-1.05452261213723,0.039893948015502,TRUE,16
(Intercept):2,-1.57317722681861,0.0555626508733198,TRUE,16
Covariate:1,0.402881747106425,0.0615376192229814,TRUE,16
Covariate:2,-0.547305990752989,0.0754426924515747,TRUE,16
1-1,0.102419673563429,0.0396508635875005,TRUE,16
1-2,-0.0268996605663942,0.0216271853054139,TRUE,16
1-3,-0.0265932254566958,0.0132839033606054,FALSE,16
2-2,0.196297482981126,0.0582869599752361,TRUE,16
2-3,-0.0469626782555016,0.0159674725853876,FALSE,16
3-3,-0.231606846819652,0.0290030943847634,TRUE,16
(Intercept):1,-1.04463953822257,0.0422305690974776,TRUE,16
(Intercept):2,-1.58949135856606,0.0570517887188773,TRUE,16
Covariate:1,0.453350032644745,0.0616150106680718,TRUE,16
Covariate:2,-0.344052225139704,0.0782833698700178,FALSE,16
1-1,0.134467442478987,0.0387199979264662,TRUE,16
1-2,-0.0227236578512316,0.0218540766928342,TRUE,16
1-3,-0.00485784526348991,0.0138269935913497,TRUE,16
2-2,0.164702372502707,0.0570315318351188,TRUE,16
2-3,-0.00197833854998614,0.0159931745498916,TRUE,16
3-3,-0.197925534083345,0.0290749063258702,TRUE,16
(Intercept):1,-1.07816148836187,0.0434937153878459,TRUE,16
(Intercept):2,-1.47968628144846,0.0530804439375422,FALSE,16
Covariate:1,0.525553172689343,0.0631154969838451,TRUE,16
Covariate:2,-0.487770510505839,0.0736609823516515,TRUE,16
1-1,0.0252823148227633,0.0414891265638556,TRUE,16
1-2,-0.00856056754748588,0.0221643386551659,TRUE,16
1-3,0.0103248757417063,0.0139729696558668,TRUE,16
2-2,0.104987327852993,0.0602130173121026,TRUE,16
2-3,-0.0185624738079793,0.0153005681612416,TRUE,16
3-3,-0.200463351401487,0.0275230485616317,TRUE,16
(Intercept):1,-1.07952762392503,0.0437770881273976,TRUE,16
(Intercept):2,-1.62818516481902,0.057919993695728,TRUE,16
Covariate:1,0.620426799147916,0.0645837875039849,TRUE,16
Covariate:2,-0.429636211829003,0.0748892080685419,TRUE,16
1-1,0.0588844070952115,0.0389609459559892,TRUE,16
1-2,0.0146063767729781,0.0213520092683858,TRUE,16
1-3,-0.00659179923864749,0.0147312072261723,TRUE,16
2-2,0.284016147353599,0.0473816956245608,FALSE,16
2-3,-0.00617098387494163,0.0155799898222806,TRUE,16
3-3,-0.233580579946685,0.0287183099025583,TRUE,16
(Intercept):1,-1.09485375889152,0.0412619937029205,TRUE,16
(Intercept):2,-1.6017178532359,0.0550154927848699,TRUE,16
Covariate:1,0.475174019729454,0.0636231817474041,TRUE,16
Covariate:2,-0.527225334049199,0.0774489955752523,TRUE,16
1-1,0.0963041803936732,0.0417186888892631,TRUE,16
1-2,-0.00703158821164497,0.0217152245564797,TRUE,16
1-3,-0.0247297383806592,0.013942777759219,TRUE,16
2-2,0.151893642850998,0.0556326450825092,TRUE,16
2-3,-0.00540147349456276,0.0149345722259028,TRUE,16
3-3,-0.231283639321256,0.0275282697749877,TRUE,16
(Intercept):1,-1.17145245695962,0.0450806277597645,TRUE,16
(Intercept):2,-1.69163336385549,0.0576566352211631,TRUE,16
Covariate:1,0.403962590239494,0.0643548946702392,TRUE,16
Covariate:2,-0.551741679335135,0.0773826752810444,TRUE,16
1-1,0.103395275536996,0.04193888357599,TRUE,16
1-2,0.0354376229118609,0.0206493316001198,TRUE,16
1-3,-0.000642368587857052,0.0133890728513653,TRUE,16
2-2,0.237469201003266,0.0495052213312623,TRUE,16
2-3,0.0121409848327518,0.0153697897363105,TRUE,16
3-3,-0.252070008036728,0.0279790864779769,TRUE,16
(Intercept):1,-1.04388570164979,0.0433369156176339,TRUE,16
(Intercept):2,-1.46876595556025,0.0579889420817567,FALSE,16
Covariate:1,0.452314210408568,0.0650488205856616,TRUE,16
Covariate:2,-0.389441658319639,0.0811768753476549,TRUE,16
1-1,0.0916527314791609,0.0397359126391474,TRUE,16
1-2,-0.0582342879032031,0.0210591306500503,FALSE,16
1-3,-0.0125907418517436,0.0136831994763263,TRUE,16
2-2,0.154551435123174,0.0527762081455356,TRUE,16
2-3,-0.0229925539001573,0.0161267132171546,TRUE,16
3-3,-0.237717824101357,0.0272032782518084,TRUE,16
(Intercept):1,-1.05702130769209,0.0410088988936163,TRUE,16
(Intercept):2,-1.6126479045211,0.0557369576927264,TRUE,16
Covariate:1,0.446929988146871,0.0631053619895277,TRUE,16
Covariate:2,-0.578968869960285,0.0744586032078603,TRUE,16
1-1,0.0975975734392005,0.0409943303378911,TRUE,16
1-2,0.00303975128323848,0.0204581607897237,TRUE,16
1-3,-0.0282450022480223,0.0134746005141372,FALSE,16
2-2,0.131876400563079,0.0566641814942529,TRUE,16
2-3,-0.00974185426616573,0.0155476873310008,TRUE,16
3-3,-0.191994954599303,0.0289510898466934,TRUE,16
(Intercept):1,-1.07344498815618,0.0441427031540141,TRUE,16
(Intercept):2,-1.61081925574665,0.0563504689893355,TRUE,16
Covariate:1,0.521433924525324,0.0677711410480532,TRUE,16
Covariate:2,-0.469936211079911,0.0770360686866956,TRUE,16
1-1,0.0814524312445,0.0446790985133135,TRUE,16
1-2,-0.0147776423400163,0.0222705763827559,TRUE,16
1-3,-0.010786532376365,0.0141122523676705,TRUE,16
2-2,0.253874354603637,0.0542358508309559,TRUE,16
2-3,-0.00575739504671145,0.0163109774112002,TRUE,16
3-3,-0.234207574696669,0.0311557352139653,TRUE,16
(Intercept):1,-1.06213665686404,0.0406577272758471,TRUE,16
(Intercept):2,-1.63548078061985,0.0568309016935944,TRUE,16
Covariate:1,0.52308579316893,0.0607307184421685,TRUE,16
Covariate:2,-0.567571810042661,0.0702335178782248,TRUE,16
1-1,0.0859640497036074,0.0379387870708038,TRUE,16
1-2,0.000592013637135784,0.0204270986095398,TRUE,16
1-3,-0.011630850505757,0.0133829057511507,TRUE,16
2-2,0.194505314504694,0.0566656187341306,TRUE,16
2-3,-0.0120908630106652,0.01519344387504,TRUE,16
3-3,-0.211924355801503,0.0286961728856151,TRUE,16
(Intercept):1,-1.07873715436829,0.0442626114313836,TRUE,16
(Intercept):2,-1.69000946787473,0.0583357797611528,TRUE,16
Covariate:1,0.531815992936215,0.0660383096110755,TRUE,16
Covariate:2,-0.606821000196105,0.0806881263823215,TRUE,16
1-1,0.0403206142499872,0.0420522682180617,TRUE,16
1-2,0.023311545693129,0.0209550318605237,TRUE,16
1-3,-0.0243584350301448,0.0149440069534018,TRUE,16
2-2,0.155107987122149,0.0560946106946668,TRUE,16
2-3,-0.00429419483690174,0.015495721937284,TRUE,16
3-3,-0.250719679830751,0.027616998653814,TRUE,16
(Intercept):1,-1.00682698591462,0.0423292164112227,FALSE,16
(Intercept):2,-1.54646741816748,0.0566138718930307,TRUE,16
Covariate:1,0.524140563948324,0.0619473240637364,TRUE,16
Covariate:2,-0.330113228620437,0.0761821501236198,FALSE,16
1-1,0.0269715605684929,0.041612742300332,TRUE,16
1-2,-0.0289618550658704,0.0214245515350864,TRUE,16
1-3,-0.0194745319840422,0.014253296616952,TRUE,16
2-2,0.0708179548603123,0.0639359037332287,TRUE,16
2-3,0.00220679346108937,0.0161268686350049,TRUE,16
3-3,-0.246040714987519,0.0293006029663551,TRUE,16
(Intercept):1,-1.1171478385158,0.0422968959821085,TRUE,16
(Intercept):2,-1.58061832628011,0.0569904950179966,TRUE,16
Covariate:1,0.470572083605098,0.0648378612502413,TRUE,16
Covariate:2,-0.468379880650705,0.0795042415957455,TRUE,16
1-1,0.176292413824314,0.0436786969021582,TRUE,16
1-2,0.0052968375385538,0.020849008113242,TRUE,16
1-3,0.0146499949730541,0.0139007017239273,TRUE,16
2-2,0.170849054999065,0.0615101429422574,TRUE,16
2-3,0.0176923587118308,0.016076574527237,TRUE,16
3-3,-0.16906552871269,0.0269721490778602,FALSE,16
(Intercept):1,-1.04582706209086,0.0419717086990197,TRUE,16
(Intercept):2,-1.52777441026753,0.0559421220007027,TRUE,16
Covariate:1,0.516156037498183,0.0615056656924515,TRUE,16
Covariate:2,-0.45744274121155,0.0733691472567873,TRUE,16
1-1,0.159855785959059,0.0377164095729962,TRUE,16
1-2,0.00212721139151319,0.0205605916131894,TRUE,16
1-3,-0.00932422173422158,0.0136350220334126,TRUE,16
2-2,0.0731109171305343,0.0609549235064579,TRUE,16
2-3,-0.00999556803626202,0.0154309772514537,TRUE,16
3-3,-0.181857241169049,0.0278645991433268,TRUE,16
(Intercept):1,-1.05863353132786,0.0424971395208522,TRUE,16
(Intercept):2,-1.62407583293449,0.0540579510771286,TRUE,16
Covariate:1,0.382262891949005,0.063976470708238,TRUE,16
Covariate:2,-0.584213305000078,0.0744112651115603,TRUE,16
1-1,-0.0101684349099158,0.0428259747943031,FALSE,16
1-2,-0.0146069952792501,0.0211056762638455,TRUE,16
1-3,-0.0134857159948695,0.0140442791353594,TRUE,16
2-2,0.115017334490203,0.0632387059387102,TRUE,16
2-3,-0.0142287846169301,0.0158370180721177,TRUE,16
3-3,-0.263512748418199,0.0292733039206062,TRUE,16
(Intercept):1,-1.00939338573016,0.0416671204751999,FALSE,16
(Intercept):2,-1.59894235979806,0.0597653658294083,TRUE,16
Covariate:1,0.553115116150659,0.0611603553725815,TRUE,16
Covariate:2,-0.413377725455061,0.0801137019715171,TRUE,16
1-1,0.0726535170071619,0.040572595580669,TRUE,16
1-2,-0.0103774885482985,0.0212425949915593,TRUE,16
1-3,-0.0137883805086557,0.0135618392423257,TRUE,16
2-2,0.234497594110344,0.05564155021531,TRUE,16
2-3,-0.00475145526437753,0.0158865080579232,TRUE,16
3-3,-0.208431065810399,0.0301760417696645,TRUE,16
(Intercept):1,-1.051631379863,0.041834862250148,TRUE,16
(Intercept):2,-1.60739874658263,0.0579502867612549,TRUE,16
Covariate:1,0.524510752649488,0.0624742860795942,TRUE,16
Covariate:2,-0.580507326510408,0.0788059648475547,TRUE,16
1-1,0.107737336000035,0.0382705306945495,TRUE,16
1-2,-0.0135114477042949,0.0212011935032081,TRUE,16
1-3,-0.00497241932442023,0.0138613279015824,TRUE,16
2-2,0.169008420299325,0.0555063806252898,TRUE,16
2-3,0.00379764549590947,0.0165374066534104,TRUE,16
3-3,-0.176123891296909,0.0277746709979384,TRUE,16
(Intercept):1,-1.08544525053511,0.0445346304320523,TRUE,16
(Intercept):2,-1.58034606247127,0.0553086936110523,TRUE,16
Covariate:1,0.42603315591988,0.0659725853538375,TRUE,16
Covariate:2,-0.527770068749808,0.0789741529023249,TRUE,16
1-1,0.0424443631263037,0.0404173896394763,TRUE,16
1-2,-0.00859762143957454,0.0216808406131568,TRUE,16
1-3,-0.00259952695085667,0.0146792543289291,TRUE,16
2-2,0.239374478218458,0.0546939547744479,TRUE,16
2-3,-0.0160570888193484,0.0165603733497931,TRUE,16
3-3,-0.266797785922208,0.0291832046008596,TRUE,16
(Intercept):1,-1.11126204982964,0.0434396957637883,TRUE,16
(Intercept):2,-1.78781118125481,0.0565080624217494,FALSE,16
Covariate:1,0.481285587765463,0.0638017019606329,TRUE,16
Covariate:2,-0.613214895015414,0.07788406987065,TRUE,16
1-1,0.0311376150333453,0.0417100558752179,TRUE,16
1-2,0.0515552957532664,0.0203277096166574,FALSE,16
1-3,-0.00740975552700808,0.0143296428111728,TRUE,16
2-2,0.215645515818691,0.0545889942990998,TRUE,16
2-3,0.00334729860623011,0.0161586988988184,TRUE,16
3-3,-0.264980802093371,0.0287681723805452,TRUE,16
(Intercept):1,-1.11520352197273,0.0455156260732949,TRUE,16
(Intercept):2,-1.48451800410403,0.0543987925117239,FALSE,16
Covariate:1,0.51225454953371,0.0656032462167834,TRUE,16
Covariate:2,-0.520202151537844,0.0724697053424494,TRUE,16
1-1,0.0537280190820167,0.0401675475616717,TRUE,16
1-2,-0.0213913705635507,0.021568374124134,TRUE,16
1-3,0.00506033917572828,0.0143889359305682,TRUE,16
2-2,0.165131781194558,0.0538075027376119,TRUE,16
2-3,-0.0311942807559004,0.0161605235381352,TRUE,16
3-3,-0.233381745750696,0.0279339194766015,TRUE,16
(Intercept):1,-1.09677461687906,0.0436614302454985,TRUE,16
(Intercept):2,-1.74964963836454,0.0578116932310256,FALSE,16
Covariate:1,0.49088307141726,0.0657967763528136,TRUE,16
Covariate:2,-0.463833208829132,0.0789200952724628,TRUE,16
1-1,0.0984337165080982,0.0420325668861577,TRUE,16
1-2,0.027639775520208,0.0204341460532132,TRUE,16
1-3,-0.0110327613291218,0.0139601356411034,TRUE,16
2-2,0.209285905220451,0.0627347892584002,TRUE,16
2-3,0.0214145620775873,0.01605023537078,TRUE,16
3-3,-0.256327821206378,0.0293199345013156,TRUE,16
(Intercept):1,-1.10343224305551,0.0423517397028524,TRUE,16
(Intercept):2,-1.59091330852766,0.0552724641415446,TRUE,16
Covariate:1,0.551195114195459,0.0647698504793766,TRUE,16
Covariate:2,-0.476274985587189,0.0784570855666698,TRUE,16
1-1,0.0783896396996766,0.0387302062545115,TRUE,16
1-2,-0.0104451704395751,0.0215115811801165,TRUE,16
1-3,-0.00596220732929791,0.0130938209194962,TRUE,16
2-2,0.174521168909826,0.0550481748903153,TRUE,16
2-3,-0.0226160816332829,0.0145736669691455,TRUE,16
3-3,-0.216684485714139,0.0284517919269657,TRUE,16
(Intercept):1,-1.06304327715918,0.0435936850670726,TRUE,16
(Intercept):2,-1.6374317598012,0.0582100024664752,TRUE,16
Covariate:1,0.406678732393677,0.0668175051035163,TRUE,16
Covariate:2,-0.537739024913732,0.078845197215041,TRUE,16
1-1,0.0545025751697564,0.0388578409157115,TRUE,16
1-2,-0.000550470286275029,0.0206001997750748,TRUE,16
1-3,-0.0185574236581301,0.0143546057788882,TRUE,16
2-2,0.0193813083314114,0.065903953140202,FALSE,16
2-3,-0.0168288754744492,0.0163174720765246,TRUE,16
3-3,-0.238599434861875,0.028317067445985,TRUE,16
(Intercept):1,-1.10220493159901,0.0441822107635894,TRUE,16
(Intercept):2,-1.56723867209267,0.0544579699262701,TRUE,16
Covariate:1,0.612698089384406,0.0613431259640835,TRUE,16
Covariate:2,-0.462471080222782,0.0712934325708949,TRUE,16
1-1,0.0355060217203863,0.0432218073172265,TRUE,16
1-2,-0.00392749845926634,0.0219005385615581,TRUE,16
1-3,-0.0165840246376452,0.0139798476994014,TRUE,16
2-2,0.143553256476254,0.0559546358404843,TRUE,16
2-3,-0.0161750047118855,0.0156716371842866,TRUE,16
3-3,-0.247380903986514,0.0298540388183211,TRUE,16
(Intercept):1,-1.07846302873999,0.0439611501789163,TRUE,16
(Intercept):2,-1.64283529951582,0.059245960146876,TRUE,16
Covariate:1,0.488827642946297,0.0678083057993296,TRUE,16
Covariate:2,-0.546074432287993,0.0793498909615937,TRUE,16
1-1,0.111276053096101,0.0412208534592542,TRUE,16
1-2,0.0139054147727796,0.0217191077947923,TRUE,16
1-3,-0.00127436001348441,0.0143941778487941,TRUE,16
2-2,0.157906162283366,0.0702863233514876,TRUE,16
2-3,0.00911268723249622,0.0158399645851662,TRUE,16
3-3,-0.20417485565604,0.02818707136139,TRUE,16
(Intercept):1,-1.07773890702246,0.0446586128954514,TRUE,16
(Intercept):2,-1.53883730551754,0.0589435707162191,TRUE,16
Covariate:1,0.608882727483833,0.0662518661216594,TRUE,16
Covariate:2,-0.461898755427547,0.0779098112164286,TRUE,16
1-1,0.0814734240290558,0.0403734306085357,TRUE,16
1-2,-0.00256181530698391,0.0227200184708694,TRUE,16
1-3,0.00949497173121685,0.0145498741768995,TRUE,16
2-2,0.201025955787536,0.0503956523708687,TRUE,16
2-3,-0.0147115168972849,0.0171569598909961,TRUE,16
3-3,-0.231738910521801,0.0285688926260577,TRUE,16
(Intercept):1,-1.07245008844182,0.0429384598114184,TRUE,16
(Intercept):2,-1.63903297553612,0.0598497138077178,TRUE,16
Covariate:1,0.563601935470421,0.0652589440571244,TRUE,16
Covariate:2,-0.503973315023442,0.0758299950090056,TRUE,16
1-1,0.0719245121135757,0.0447748490047341,TRUE,16
1-2,-0.0122603915000487,0.0228728365579585,TRUE,16
1-3,-0.000412434545317229,0.0142670135818316,TRUE,16
2-2,0.219092717796886,0.0598672480528569,TRUE,16
2-3,0.0070415183813212,0.016060473365262,TRUE,16
3-3,-0.210746656297124,0.0285620713387848,TRUE,16
(Intercept):1,-1.11257742887591,0.0429307709355495,TRUE,16
(Intercept):2,-1.64813993472975,0.0589460695235436,TRUE,16
Covariate:1,0.490087231066888,0.0673942104237473,TRUE,16
Covariate:2,-0.4462023914386,0.0779885351636044,TRUE,16
1-1,0.114158979459959,0.0394022850668562,TRUE,16
1-2,-0.0319280719024965,0.0203025105164275,TRUE,16
1-3,-0.00569408778236855,0.0137859010924715,TRUE,16
2-2,0.253526262979764,0.0559483623962544,TRUE,16
2-3,0.00107572823456898,0.0159858129974626,TRUE,16
3-3,-0.231097458354395,0.0282977673701286,TRUE,16
(Intercept):1,-1.19185829703847,0.0427610062137688,FALSE,16
(Intercept):2,-1.6581306218403,0.0580814056343617,TRUE,16
Covariate:1,0.564213565016845,0.0637733838699502,TRUE,16
Covariate:2,-0.424583371020752,0.0762702811236791,TRUE,16
1-1,0.116537069618539,0.0398998296244607,TRUE,16
1-2,0.0238100863265808,0.0213890440147357,TRUE,16
1-3,-0.00626673226803695,0.0137286346182863,TRUE,16
2-2,0.23139294756489,0.0527275689470983,TRUE,16
2-3,-0.0178315234708026,0.0162890681191518,TRUE,16
3-3,-0.247710065178311,0.026918440947924,TRUE,16
(Intercept):1,-1.1196384827024,0.0419352509276301,TRUE,16
(Intercept):2,-1.66047725310221,0.0566686947540433,TRUE,16
Covariate:1,0.516006390577966,0.0664248274380259,TRUE,16
Covariate:2,-0.508603203791426,0.075609226873146,TRUE,16
1-1,0.0454306774800397,0.0449115716615045,TRUE,16
1-2,0.0123212249493239,0.020616070337782,TRUE,16
1-3,-0.00270073352687859,0.0140565220088181,TRUE,16
2-2,0.209352472998163,0.0570858746376032,TRUE,16
2-3,-0.00598463273190022,0.0153237741188523,TRUE,16
3-3,-0.247782554349163,0.0303278727950388,TRUE,16
(Intercept):1,-1.04276688507771,0.0431700559946104,TRUE,16
(Intercept):2,-1.61613864798748,0.0591081468289944,TRUE,16
Covariate:1,0.391026933013275,0.0612006232791376,TRUE,16
Covariate:2,-0.565760059677386,0.0720358028894348,TRUE,16
1-1,0.0311688650805699,0.0435181550291074,TRUE,16
1-2,-0.0192101212452926,0.0207249465000573,TRUE,16
1-3,-0.0326454439860216,0.0135268562082685,FALSE,16
2-2,0.199156028298956,0.0568183978739661,TRUE,16
2-3,-0.0205064560627441,0.015753744229,TRUE,16
3-3,-0.239755916681689,0.0267200566904777,TRUE,16
(Intercept):1,-1.1613537222341,0.0429303133973515,TRUE,16
(Intercept):2,-1.64588370472785,0.0557007475070062,TRUE,16
Covariate:1,0.525282717330639,0.0654209744397631,TRUE,16
Covariate:2,-0.501675599576108,0.0782649904619066,TRUE,16
1-1,0.129952860709895,0.0393673287529312,TRUE,16
1-2,0.00112792803809324,0.021239780648001,TRUE,16
1-3,-0.00184188697763792,0.0137461605931753,TRUE,16
2-2,0.14392251148338,0.0603757919504109,TRUE,16
2-3,0.0139478957868512,0.0163162638552107,TRUE,16
3-3,-0.236640657431556,0.0287425667298605,TRUE,16
(Intercept):1,-1.08666235289267,0.0431789592430333,TRUE,16
(Intercept):2,-1.57228598236812,0.0530123690590528,TRUE,16
Covariate:1,0.58043571249497,0.0645175703548893,TRUE,16
Covariate:2,-0.407062409308417,0.0771904171600355,TRUE,16
1-1,0.118092035230089,0.0408306510764579,TRUE,16
1-2,-0.0199209847848532,0.0217954700835349,TRUE,16
1-3,-0.0131651583408324,0.0137805992248548,TRUE,16
2-2,0.143571597214208,0.0582577826893259,TRUE,16
2-3,-0.00211672496762014,0.0148177841683463,TRUE,16
3-3,-0.211407569852265,0.0282810288072551,TRUE,16
(Intercept):1,-1.03317739985025,0.0422775803941681,TRUE,16
(Intercept):2,-1.6505001355859,0.0555662280895687,TRUE,16
Covariate:1,0.490767850625997,0.0657818972146717,TRUE,16
Covariate:2,-0.555038065698919,0.0799476928853935,TRUE,16
1-1,0.0413795091300243,0.0412050171767564,TRUE,16
1-2,-0.0057794841987528,0.0206954597092623,TRUE,16
1-3,-0.012261763552507,0.0143405522696139,TRUE,16
2-2,0.273121738916801,0.0503842121858748,TRUE,16
2-3,0.00805874453179515,0.0154576259545083,TRUE,16
3-3,-0.249322778395637,0.0289589445183353,TRUE,16
(Intercept):1,-1.07234440037813,0.0449017713151548,TRUE,16
(Intercept):2,-1.54725311598679,0.0597848332897519,TRUE,16
Covariate:1,0.48540085376562,0.0637189311000243,TRUE,16
Covariate:2,-0.399586209292205,0.0752265818902412,TRUE,16
1-1,0.0576287211902341,0.0407160565650006,TRUE,16
1-2,-0.0300501853721113,0.0229732755984342,TRUE,16
1-3,-0.0205270333729852,0.0143547344482237,TRUE,16
2-2,0.175631585514294,0.0608456207677952,TRUE,16
2-3,-0.0038411606677843,0.0168407146472651,TRUE,16
3-3,-0.226723161976683,0.0287839061997166,TRUE,16
(Intercept):1,-1.10899450019953,0.0426772645276462,TRUE,16
(Intercept):2,-1.57713772195541,0.0573458475683692,TRUE,16
Covariate:1,0.552733964549211,0.0637481563924597,TRUE,16
Covariate:2,-0.459041337719052,0.0749390550212901,TRUE,16
1-1,0.111850482404441,0.0371998923298438,TRUE,16
1-2,-0.0133575979007916,0.0212733872033752,TRUE,16
1-3,0.0117604469097899,0.0138505108446205,TRUE,16
2-2,0.135814464231976,0.057336235912399,TRUE,16
2-3,-0.00216258928349917,0.0159945030788359,TRUE,16
3-3,-0.218815745296458,0.0280914881803166,TRUE,16
(Intercept):1,-1.11825173431132,0.042056615141088,TRUE,16
(Intercept):2,-1.58844558510921,0.0565863307406384,TRUE,16
Covariate:1,0.477909978204973,0.065276638666306,TRUE,16
Covariate:2,-0.443658936362302,0.0830027376540197,TRUE,16
1-1,0.101774382667385,0.0445496990047385,TRUE,16
1-2,-0.0258862787016666,0.0211321559422809,TRUE,16
1-3,-0.0122976007133469,0.0137841883937088,TRUE,16
2-2,0.112141885643553,0.0609502490234039,TRUE,16
2-3,-0.00656980138476345,0.0159207971342825,TRUE,16
3-3,-0.182800875228246,0.0274363558843775,TRUE,16
(Intercept):1,-1.04147875172203,0.0434057746835027,TRUE,16
(Intercept):2,-1.63363903257192,0.0576867500378168,TRUE,16
Covariate:1,0.466242815868788,0.0640990795644878,TRUE,16
Covariate:2,-0.551136853218161,0.0808344726305533,TRUE,16
1-1,0.0732938372071611,0.0441213082660471,TRUE,16
1-2,-0.00274570269344558,0.0213599373213259,TRUE,16
1-3,-0.01433313810391,0.0138262590692419,TRUE,16
2-2,0.0662806539198814,0.0574383505074316,FALSE,16
2-3,0.00765673413443167,0.0156831648219588,TRUE,16
3-3,-0.244526970900755,0.0305164616120752,TRUE,16
(Intercept):1,-1.13392304844809,0.0456205806515851,TRUE,16
(Intercept):2,-1.49095581388178,0.0566802130609034,FALSE,16
Covariate:1,0.610361856937359,0.0645891051164055,TRUE,16
Covariate:2,-0.413523119396265,0.0748531597910665,TRUE,16
1-1,0.0809890692154611,0.0410471822704597,TRUE,16
1-2,0.00952790444624094,0.0219095573041302,TRUE,16
1-3,-0.0124343672400739,0.0147607114972411,TRUE,16
2-2,0.00184015635271525,0.0673566288719316,FALSE,16
2-3,-0.0459835617355259,0.0165594520356907,FALSE,16
3-3,-0.28219696073672,0.0291377476131988,FALSE,16
(Intercept):1,-1.05433903095888,0.0443905990232218,TRUE,16
(Intercept):2,-1.58412530597825,0.0555280864644526,TRUE,16
Covariate:1,0.471647292672775,0.06341364183262,TRUE,16
Covariate:2,-0.5811936549118,0.0740958126358196,TRUE,16
1-1,0.0248224217269939,0.0436752398145325,TRUE,16
1-2,-0.0157940030967293,0.0202288194937923,TRUE,16
1-3,0.00530632049114853,0.0140352934206849,TRUE,16
2-2,0.15532326942083,0.0557393583254166,TRUE,16
2-3,0.0144157800632448,0.0164626663711911,TRUE,16
3-3,-0.199778039459894,0.027795942734677,TRUE,16
(Intercept):1,-1.07916034369845,0.042926233732116,TRUE,16
(Intercept):2,-1.58664490518276,0.0588102159665261,TRUE,16
Covariate:1,0.633155966021639,0.0630663701698743,FALSE,16
Covariate:2,-0.436414615265193,0.0778479473059699,TRUE,16
1-1,0.166242646737178,0.0397344742009182,TRUE,16
1-2,-0.0578326854980255,0.0225052626379663,FALSE,16
1-3,0.0146391852009897,0.0137466053077714,TRUE,16
2-2,0.202250767025777,0.0577457604231517,TRUE,16
2-3,0.00828863208436126,0.0155982077727346,TRUE,16
3-3,-0.204579427658836,0.0290641036024141,TRUE,16
(Intercept):1,-1.12030940839112,0.0437268532201669,TRUE,16
(Intercept):2,-1.58720268209639,0.0552908144645105,TRUE,16
Covariate:1,0.477805894350912,0.0613505607899536,TRUE,16
Covariate:2,-0.453120184098434,0.074466315781796,TRUE,16
1-1,0.0557369612617705,0.0426511410875396,TRUE,16
1-2,-0.0320831541033307,0.0225359524290237,TRUE,16
1-3,-0.0278454921667314,0.0140183861757457,FALSE,16
2-2,0.179941069625144,0.0552320145694456,TRUE,16
2-3,-0.00451795304748901,0.0156733184590275,TRUE,16
3-3,-0.224475707462332,0.0294572846365171,TRUE,16
(Intercept):1,-1.02601231097271,0.040240741255526,TRUE,16
(Intercept):2,-1.59310696719599,0.054658079737789,TRUE,16
Covariate:1,0.522656341048498,0.0622590053209474,TRUE,16
Covariate:2,-0.56119619813986,0.0749738504049662,TRUE,16
1-1,0.0324423036987632,0.0402634580968346,TRUE,16
1-2,-0.0147038199076448,0.0196676725870487,TRUE,16
1-3,-0.0174307334998282,0.013887229135222,TRUE,16
2-2,0.18546256162439,0.0483032303976108,TRUE,16
2-3,-0.00334450173487092,0.0148430376366679,TRUE,16
3-3,-0.253648756793773,0.0285441640895958,TRUE,16
(Intercept):1,-1.14203870963128,0.0423956644617333,TRUE,16
(Intercept):2,-1.69624563024187,0.0595441564045126,TRUE,16
Covariate:1,0.550841744312419,0.0645108615824533,TRUE,16
Covariate:2,-0.602193701690488,0.0807622588436622,TRUE,16
1-1,0.0991650270758077,0.0391734921769876,TRUE,16
1-2,0.0286288747188772,0.0227431223299143,TRUE,16
1-3,-0.013579833851464,0.0137576343960042,TRUE,16
2-2,0.0859793372361412,0.0654708971002371,TRUE,16
2-3,-0.000263163549747863,0.01667014374345,TRUE,16
3-3,-0.24740412935014,0.0291586029336275,TRUE,16
(Intercept):1,-0.984654667523417,0.0400368454755199,FALSE,16
(Intercept):2,-1.55290974505749,0.0609983739245698,TRUE,16
Covariate:1,0.510830929893356,0.0637133171905537,TRUE,16
Covariate:2,-0.486358987182908,0.0772187194623445,TRUE,16
1-1,-0.0256751654286774,0.0403944537237649,FALSE,16
1-2,-0.0266470791349216,0.0214532826145067,TRUE,16
1-3,-0.03931936684284,0.0134604594416619,FALSE,16
2-2,0.0654950825632831,0.062373199450782,TRUE,16
2-3,-0.035009560226048,0.0169279469335149,FALSE,16
3-3,-0.238853894528745,0.0296591854810283,TRUE,16
(Intercept):1,-1.05936209572597,0.0413068869709776,TRUE,16
(Intercept):2,-1.57698703263877,0.0583823443243127,TRUE,16
Covariate:1,0.509069488843432,0.0621360871363663,TRUE,16
Covariate:2,-0.605123124861338,0.082229966762373,TRUE,16
1-1,0.0448394621899916,0.0425276738045245,TRUE,16
1-2,0.00105398933514481,0.0216089561972665,TRUE,16
1-3,-0.0146456328335582,0.0145206252633039,TRUE,16
2-2,0.12033339767138,0.0624828481432567,TRUE,16
2-3,-0.0198222891135191,0.0156000584980608,TRUE,16
3-3,-0.221525146596759,0.0290234834919453,TRUE,16
(Intercept):1,-1.10335983029405,0.0418867119947422,TRUE,16
(Intercept):2,-1.57334277951615,0.0545505214435386,TRUE,16
Covariate:1,0.453828394088027,0.0666586984197789,TRUE,16
Covariate:2,-0.419636941855336,0.0716775833431914,TRUE,16
1-1,0.0687061957390854,0.0391049435212586,TRUE,16
1-2,-0.00958389567943776,0.0203122207833939,TRUE,16
1-3,-0.012810364973065,0.0130524785718118,TRUE,16
2-2,0.177318727174319,0.0562233763893589,TRUE,16
2-3,-0.0142293447922231,0.0153683783262832,TRUE,16
3-3,-0.231629293119748,0.0278915790130267,TRUE,16
(Intercept):1,-1.05404386189696,0.0436065533537129,TRUE,16
(Intercept):2,-1.65942280614526,0.0578951946299493,TRUE,16
Covariate:1,0.417919634813476,0.0612990094227813,TRUE,16
Covariate:2,-0.57336294608908,0.0810488098709151,TRUE,16
1-1,0.127503889618151,0.0391582352930267,TRUE,16
1-2,-0.000102505771613355,0.0208468401861742,TRUE,16
1-3,-0.0206906106156727,0.013073728386399,TRUE,16
2-2,0.173566890146772,0.0560208431479012,TRUE,16
2-3,0.00936198394594437,0.0160073442572678,TRUE,16
3-3,-0.184692401656773,0.0280988793813086,TRUE,16
(Intercept):1,-1.05074403095169,0.042119628600046,TRUE,16
(Intercept):2,-1.5448362310354,0.0540053962481113,TRUE,16
Covariate:1,0.527275193519713,0.0641704506468842,TRUE,16
Covariate:2,-0.455552948832258,0.0794145854062345,TRUE,16
1-1,0.0713311995064466,0.0387718769432008,TRUE,16
1-2,-0.0272746667978038,0.0212288434010299,TRUE,16
1-3,-0.0121266277296051,0.0140601984272942,TRUE,16
2-2,0.127062460014775,0.0620032385136871,TRUE,16
2-3,-0.0227740350935632,0.0160002046089973,TRUE,16
3-3,-0.25229498522805,0.0273954280632389,TRUE,16
(Intercept):1,-1.11471630966711,0.0433232371374696,TRUE,16
(Intercept):2,-1.60197500375072,0.0555653807656518,TRUE,16
Covariate:1,0.439852293726464,0.0642705841164935,TRUE,16
Covariate:2,-0.492569370835609,0.0748989353457448,TRUE,16
1-1,0.110992751584222,0.0421787352866641,TRUE,16
1-2,0.0014499106147087,0.0203202290058503,TRUE,16
1-3,-0.00821144268295715,0.0131171498150578,TRUE,16
2-2,0.257483243152271,0.0528935493618302,TRUE,16
2-3,-0.00665835592224069,0.0157087733534212,TRUE,16
3-3,-0.243997896363006,0.0300887434321645,TRUE,16
(Intercept):1,-1.03549237018829,0.0432469261734153,TRUE,16
(Intercept):2,-1.57914751756173,0.0565036790656639,TRUE,16
Covariate:1,0.416153561760253,0.0665184001874342,TRUE,16
Covariate:2,-0.627949592590563,0.080831619319999,TRUE,16
1-1,0.0366369271943457,0.039702062497734,TRUE,16
1-2,-0.0554142537573063,0.0202577966854805,FALSE,16
1-3,-0.0183815822417536,0.0136424676349075,TRUE,16
2-2,0.115495990719103,0.0538356137411155,TRUE,16
2-3,0.00139125003549129,0.0157134192073617,TRUE,16
3-3,-0.259183913769693,0.0288105108988998,TRUE,16
(Intercept):1,-1.1036721715357,0.0428862181190301,TRUE,16
(Intercept):2,-1.56316316401674,0.0535432329331382,TRUE,16
Covariate:1,0.525495818161508,0.0636526070812043,TRUE,16
Covariate:2,-0.517658310988456,0.0729258293866949,TRUE,16
1-1,0.114994545136147,0.0389935645210743,TRUE,16
1-2,0.0118340416619886,0.0196886950317586,TRUE,16
1-3,0.00271531400350134,0.0132129972094162,TRUE,16
2-2,0.128478650588811,0.0541532875174114,TRUE,16
2-3,-0.000185282650508799,0.0153424710783474,TRUE,16
3-3,-0.22018398393081,0.0274211598191879,TRUE,16
(Intercept):1,-1.12745162799934,0.043400103848107,TRUE,16
(Intercept):2,-1.67167735706295,0.0561460971963671,TRUE,16
Covariate:1,0.51564837826932,0.0609365236456725,TRUE,16
Covariate:2,-0.558283572835489,0.0799750940504513,TRUE,16
1-1,0.161851388898994,0.0391270836905454,TRUE,16
1-2,0.0283974638997536,0.0197503082732734,TRUE,16
1-3,0.00810878389365872,0.0136279253696342,TRUE,16
2-2,0.269646173622485,0.0527744238109731,TRUE,16
2-3,0.000904968441941615,0.0154717955977203,TRUE,16
3-3,-0.225253947487848,0.0285739391318654,TRUE,16
(Intercept):1,-1.06844138662678,0.0428342072010582,TRUE,16
(Intercept):2,-1.54439995217725,0.055458761329474,TRUE,16
Covariate:1,0.554782184997175,0.0663785398810891,TRUE,16
Covariate:2,-0.461561143982617,0.0754113742543921,TRUE,16
1-1,0.12425721348832,0.0397514669471604,TRUE,16
1-2,-0.00671788007703385,0.0211833678717884,TRUE,16
1-3,-0.0256269276041649,0.0144029529603231,TRUE,16
2-2,0.131736312194465,0.066901903208316,TRUE,16
2-3,-0.018442583435909,0.0158174569828522,TRUE,16
3-3,-0.226506260232658,0.0305202154600272,TRUE,16
(Intercept):1,-1.16869255961788,0.0457324149046934,TRUE,16
(Intercept):2,-1.51921327733615,0.0562151599082242,TRUE,16
Covariate:1,0.526423727539635,0.0659960290640986,TRUE,16
Covariate:2,-0.546809407063143,0.0788995681879341,TRUE,16
1-1,0.0900156607156574,0.0398063038692163,TRUE,16
1-2,-0.0191727475625997,0.0223919776547603,TRUE,16
1-3,0.0156903243679267,0.014106257756511,TRUE,16
2-2,0.0882763990435746,0.058184173040222,TRUE,16
2-3,-0.0294972129090999,0.0156920130835963,TRUE,16
3-3,-0.262732956418287,0.0298147649337013,TRUE,16
(Intercept):1,-1.10488587010519,0.0441233027169404,TRUE,16
(Intercept):2,-1.66525762942083,0.0585795063375629,TRUE,16
Covariate:1,0.57202089994845,0.0691979070014454,TRUE,16
Covariate:2,-0.446326803464962,0.0791599376960799,TRUE,16
1-1,0.0400093174839955,0.0415100736930639,TRUE,16
1-2,-0.0100927714716584,0.0220751192473826,TRUE,16
1-3,0.00939945029695485,0.0141678868493234,TRUE,16
2-2,0.269625554782445,0.0522964734544251,TRUE,16
2-3,0.0028971884487243,0.0160433649688623,TRUE,16
3-3,-0.229098972947035,0.028225600515273,TRUE,16
(Intercept):1,-1.03888204024703,0.0408497964971718,TRUE,16
(Intercept):2,-1.52073329350067,0.0553523971837128,TRUE,16
Covariate:1,0.460886705047135,0.0626693395658049,TRUE,16
Covariate:2,-0.518195502943803,0.0738780420274142,TRUE,16
1-1,0.0526196411649897,0.0430110671804689,TRUE,16
1-2,-0.0261822676972102,0.0201918100031233,TRUE,16
1-3,-0.00867698834360135,0.0137402014282031,TRUE,16
2-2,0.177681963616547,0.0533699188030999,TRUE,16
2-3,-0.0182323150966787,0.0154990632801357,TRUE,16
3-3,-0.219789681140621,0.0293034427241852,TRUE,16
(Intercept):1,-1.01076766393485,0.0388048922735503,FALSE,16
(Intercept):2,-1.64837382683807,0.0562616368894463,TRUE,16
Covariate:1,0.472726896320658,0.0635965496117286,TRUE,16
Covariate:2,-0.492644397416344,0.0786711698731512,TRUE,16
1-1,0.0398396820091088,0.038424136410777,TRUE,16
1-2,-0.00561632785182534,0.0216626637212822,TRUE,16
1-3,-0.0226030436462451,0.0133041996647974,TRUE,16
2-2,0.176180166732354,0.0570305585592976,TRUE,16
2-3,0.00194451732101474,0.0160800113223594,TRUE,16
3-3,-0.233413372756095,0.0288438760195062,TRUE,16
(Intercept):1,-1.13336006370709,0.0428070846077221,TRUE,16
(Intercept):2,-1.54585198842063,0.0568085562585004,TRUE,16
Covariate:1,0.509612499261824,0.064176090895994,TRUE,16
Covariate:2,-0.493883487598946,0.0780939699567614,TRUE,16
1-1,0.158019899994834,0.0369800662833556,TRUE,16
1-2,-0.0298200993389941,0.0222437138113405,TRUE,16
1-3,0.00243573150684426,0.0140705078690024,TRUE,16
2-2,0.145358610453061,0.0598305394800583,TRUE,16
2-3,-0.00869346909165709,0.0171054211178611,TRUE,16
3-3,-0.201253266579545,0.0286575312403737,TRUE,16
(Intercept):1,-1.12192776053618,0.0445076152945864,TRUE,16
(Intercept):2,-1.60614858275859,0.0554885198044287,TRUE,16
Covariate:1,0.584953533086924,0.0689920701478219,TRUE,16
Covariate:2,-0.526891166302858,0.0802002759620529,TRUE,16
1-1,0.0647402395348582,0.0408798843063372,TRUE,16
1-2,-0.0151733092593266,0.019924893072523,TRUE,16
1-3,-0.0170418704418536,0.0128937318844667,TRUE,16
2-2,0.208671372362644,0.0547336914994924,TRUE,16
2-3,-0.0176281870546026,0.0154603411532008,TRUE,16
3-3,-0.27612596460731,0.0288444230228925,TRUE,16
(Intercept):1,-1.08238666474832,0.0424724795389487,TRUE,16
(Intercept):2,-1.59018836654029,0.0542874188356914,TRUE,16
Covariate:1,0.591122246014192,0.0654093759736841,TRUE,16
Covariate:2,-0.470299480112851,0.0796128054786191,TRUE,16
1-1,0.130407925180227,0.0419160636643363,TRUE,16
1-2,-0.0116895076062311,0.0201442873388122,TRUE,16
1-3,-0.00489640975240148,0.0136005292448729,TRUE,16
2-2,0.214850448707047,0.0561232648362394,TRUE,16
2-3,-0.000541412196559098,0.0158777476191559,TRUE,16
3-3,-0.200814538822774,0.028040332441811,TRUE,16
(Intercept):1,-1.02825939310021,0.0429269611238008,TRUE,16
(Intercept):2,-1.70521984886571,0.0627874102905087,TRUE,16
Covariate:1,0.467930655589247,0.0674928252861645,TRUE,16
Covariate:2,-0.451516707516331,0.0788291013939117,TRUE,16
1-1,0.0282738143725298,0.042192316640163,TRUE,16
1-2,-0.0255880825191901,0.0231875446295631,TRUE,16
1-3,-0.0101976624939602,0.0143349794203241,TRUE,16
2-2,0.202902893626092,0.0573293993512543,TRUE,16
2-3,0.00754427935811169,0.0163471502740373,TRUE,16
3-3,-0.276529447945328,0.0270470714363585,FALSE,16
(Intercept):1,-1.08026974036182,0.0412487512606034,TRUE,16
(Intercept):2,-1.65197381344473,0.0569514215367896,TRUE,16
Covariate:1,0.262543930956352,0.0591080233598719,FALSE,16
Covariate:2,-0.534383150059732,0.0829486338319032,TRUE,16
1-1,0.129235627751398,0.0406995015403335,TRUE,16
1-2,-0.0199226400027553,0.0212966481560094,TRUE,16
1-3,-0.0216487734452857,0.0134921504947507,TRUE,16
2-2,0.151154477436825,0.058130461096754,TRUE,16
2-3,0.000817995885521782,0.015772746642235,TRUE,16
3-3,-0.27084111061049,0.0289464667345957,TRUE,16
(Intercept):1,-1.06135662699241,0.0443918540195534,TRUE,16
(Intercept):2,-1.65506354997414,0.059386359024677,TRUE,16
Covariate:1,0.528160396654311,0.0625086368243343,TRUE,16
Covariate:2,-0.301415547403828,0.072169756486475,FALSE,16
1-1,0.0577478807066183,0.0378309340957423,TRUE,16
1-2,0.00302189299094362,0.0212404206851512,TRUE,16
1-3,-0.0182974127024838,0.0140540226038364,TRUE,16
2-2,0.163724642301689,0.0558790474385938,TRUE,16
2-3,0.0136180003599653,0.0160891050655769,TRUE,16
3-3,-0.252916707407565,0.0284887468345621,TRUE,16
(Intercept):1,-1.03393234208152,0.0424359444754601,TRUE,16
(Intercept):2,-1.5056733683365,0.0566791011392643,TRUE,16
Covariate:1,0.403781725472039,0.0635217806779732,TRUE,16
Covariate:2,-0.591304123911155,0.0775794266515311,TRUE,16
1-1,-0.00286976979992186,0.0407466175944347,FALSE,16
1-2,-0.0310628675906114,0.020784670823035,TRUE,16
1-3,-0.0195053216621763,0.0137440803620478,TRUE,16
2-2,0.173261189848531,0.0566592350614317,TRUE,16
2-3,-0.0417037007624919,0.0152665905777751,FALSE,16
3-3,-0.283133841505136,0.0293179916544644,FALSE,16
(Intercept):1,-1.08808783784899,0.0450015433732026,TRUE,16
(Intercept):2,-1.61062989063022,0.0581329243327636,TRUE,16
Covariate:1,0.571320581615866,0.0662429080731899,TRUE,16
Covariate:2,-0.431203362045701,0.0773759220636351,TRUE,16
1-1,0.0384759058388138,0.0403309966149634,TRUE,16
1-2,-0.0308837934685881,0.0215480807818774,TRUE,16
1-3,-0.00932839974930189,0.0138594388704121,TRUE,16
2-2,0.187603854346136,0.0623999163369807,TRUE,16
2-3,-0.00700633206629863,0.0167017972384141,TRUE,16
3-3,-0.279806728625193,0.0283654329913315,FALSE,16
(Intercept):1,-1.07786109761747,0.0405525858342149,TRUE,16
(Intercept):2,-1.69752312499683,0.0581340706440695,TRUE,16
Covariate:1,0.403654464755707,0.062670570331133,TRUE,16
Covariate:2,-0.64292357285037,0.0789771982246054,TRUE,16
1-1,0.079837093471551,0.0419546980612334,TRUE,16
1-2,-0.0132398208907083,0.0217545835003402,TRUE,16
1-3,-0.0385931831847469,0.0140701997105279,FALSE,16
2-2,0.106934668591743,0.0603023116425576,TRUE,16
2-3,-0.014283482154052,0.0171920517052537,TRUE,16
3-3,-0.308744986032149,0.0296138116107821,FALSE,16
(Intercept):1,-1.07122439646579,0.0439928416500872,TRUE,16
(Intercept):2,-1.72606308473435,0.0584723155514916,FALSE,16
Covariate:1,0.535385687484772,0.0674340797235947,TRUE,16
Covariate:2,-0.524147527489503,0.0778273914971661,TRUE,16
1-1,-0.0341916391655957,0.0452800581936403,FALSE,16
1-2,-0.00262918252450506,0.0218427054848315,TRUE,16
1-3,-0.0116031282193763,0.0137446345734903,TRUE,16
2-2,0.21992145517519,0.0577433631684718,TRUE,16
2-3,0.000492171167570764,0.0162727016250912,TRUE,16
3-3,-0.235450149796886,0.0278119876650992,TRUE,16
(Intercept):1,-1.09968217795663,0.0433945115916811,TRUE,16
(Intercept):2,-1.62979583523314,0.0597873476549084,TRUE,16
Covariate:1,0.598054172373259,0.0646195415241275,TRUE,16
Covariate:2,-0.47406767235502,0.0792880039242524,TRUE,16
1-1,0.103773357003317,0.0382195963824757,TRUE,16
1-2,-0.0191831052282491,0.0213622275250792,TRUE,16
1-3,0.00272867524309429,0.0136645157110291,TRUE,16
2-2,0.122984216937038,0.059087892568875,TRUE,16
2-3,0.00407700690113544,0.0162207460231159,TRUE,16
3-3,-0.209447009148206,0.0294777474679411,TRUE,16
(Intercept):1,-1.16169427141243,0.0443350840430251,TRUE,16
(Intercept):2,-1.66841194024662,0.0570721744929214,TRUE,16
Covariate:1,0.54807207079219,0.0638992368112232,TRUE,16
Covariate:2,-0.439659367681369,0.0833513383023448,TRUE,16
1-1,0.114950168328271,0.0406593663702383,TRUE,16
1-2,0.0344921735708192,0.0210016355778888,TRUE,16
1-3,0.0251175359999782,0.0137379899057949,TRUE,16
2-2,0.246352766106551,0.0555771579624441,TRUE,16
2-3,0.0131538434700015,0.0158786761162166,TRUE,16
3-3,-0.164437770561489,0.0296394584834115,FALSE,16
(Intercept):1,-1.08541065329382,0.0420517801952762,TRUE,16
(Intercept):2,-1.59419652422325,0.055676032006309,TRUE,16
Covariate:1,0.399431016557721,0.0637843994977673,TRUE,16
Covariate:2,-0.584664654804315,0.0776895025340822,TRUE,16
1-1,0.0832002279031753,0.0395848172115101,TRUE,16
1-2,0.0187408366219528,0.0203197501132534,TRUE,16
1-3,-0.00822334702077386,0.0139138904091203,TRUE,16
2-2,0.143964508340148,0.0575935580070384,TRUE,16
2-3,-0.00353600884533516,0.0156208331192896,TRUE,16
3-3,-0.203468700940475,0.02958752293121,TRUE,16
(Intercept):1,-1.07236749119385,0.0440728948228988,TRUE,16
(Intercept):2,-1.60587445912899,0.0551700898099551,TRUE,16
Covariate:1,0.500817162301425,0.0643119714550874,TRUE,16
Covariate:2,-0.611375487737993,0.0856220898052265,TRUE,16
1-1,0.0230780772642972,0.0430861049898599,TRUE,16
1-2,-0.0191927933222489,0.0218309385275089,TRUE,16
1-3,-0.0201490258005206,0.014393560867905,TRUE,16
2-2,0.0676831120746171,0.0632319719497053,TRUE,16
2-3,-0.0116422722586575,0.0156393033634763,TRUE,16
3-3,-0.238916525933531,0.0289366711595503,TRUE,16
(Intercept):1,-1.09136336848325,0.0420326702327062,TRUE,16
(Intercept):2,-1.53033460555997,0.0557654245977773,TRUE,16
Covariate:1,0.577839308000316,0.0643415599628842,TRUE,16
Covariate:2,-0.353671562352028,0.0784927482752167,TRUE,16
1-1,0.105401388465943,0.0391618204270016,TRUE,16
1-2,-0.021264069589616,0.0215959199723432,TRUE,16
1-3,-0.0179019312607691,0.0139664018063641,TRUE,16
2-2,0.0722174657840855,0.0574324727134951,TRUE,16
2-3,-0.0212708075358053,0.0158152820309014,TRUE,16
3-3,-0.245216790069757,0.0278996121265899,TRUE,16
(Intercept):1,-1.1461565321765,0.0450458895498136,TRUE,16
(Intercept):2,-1.67256013484485,0.0614403636437854,TRUE,16
Covariate:1,0.479181582290634,0.0665938980245089,TRUE,16
Covariate:2,-0.465156795045079,0.0757862671538353,TRUE,16
1-1,0.0446577556450446,0.0429068236801483,TRUE,16
1-2,0.0249344291345253,0.0229390355459492,TRUE,16
1-3,-0.00233426740469925,0.0145126065585592,TRUE,16
2-2,0.0958499107740613,0.0674644023809419,TRUE,16
2-3,0.0147189782385591,0.0167985519020394,TRUE,16
3-3,-0.239022080640277,0.0278242256282247,TRUE,16
(Intercept):1,-1.03851158798641,0.042098552757517,TRUE,16
(Intercept):2,-1.47595862101504,0.0546965693838475,FALSE,16
Covariate:1,0.360085050050378,0.0650295413721356,FALSE,16
Covariate:2,-0.394633971544489,0.0752499518655454,TRUE,16
1-1,0.121291265278733,0.0388282454783597,TRUE,16
1-2,-0.035147900169245,0.0206480913486221,TRUE,16
1-3,-0.0265104478720999,0.0136384157664644,TRUE,16
2-2,0.171340947686973,0.0565428267710884,TRUE,16
2-3,-0.0309440354225532,0.0158405423738135,TRUE,16
3-3,-0.230162827546697,0.0289311741650364,TRUE,16
(Intercept):1,-1.08705623005624,0.0439903634071884,TRUE,16
(Intercept):2,-1.65636535462414,0.0594136597273212,TRUE,16
Covariate:1,0.523166850859812,0.0659058563806669,TRUE,16
Covariate:2,-0.485269402006053,0.0750565782010275,TRUE,16
1-1,0.109858326450904,0.0421578006397538,TRUE,16
1-2,0.0549386446848778,0.0207136169576255,FALSE,16
1-3,-0.00535104066013691,0.0138018147858314,TRUE,16
2-2,0.238281677451082,0.0559761805039401,TRUE,16
2-3,0.00603302048978136,0.0155624954023731,TRUE,16
3-3,-0.159521717943389,0.0290003078999516,FALSE,16
(Intercept):1,-1.07479054377753,0.0438119624843877,TRUE,16
(Intercept):2,-1.61811682558026,0.0588623168348536,TRUE,16
Covariate:1,0.332659332388302,0.0658183483842674,FALSE,16
Covariate:2,-0.505435910273825,0.0765045581961291,TRUE,16
1-1,0.027159043252855,0.0434694139843119,TRUE,16
1-2,-0.0432879141342216,0.0226420951967305,TRUE,16
1-3,-0.0171144272999326,0.0136922348515095,TRUE,16
2-2,0.189145928668134,0.0561978988923912,TRUE,16
2-3,-0.00262255042876618,0.0165215519347095,TRUE,16
3-3,-0.237920834404742,0.0286430479553396,TRUE,16
(Intercept):1,-1.02005720237435,0.0415726334385745,TRUE,16
(Intercept):2,-1.68679109796481,0.0580716943725858,TRUE,16
Covariate:1,0.449040993310941,0.0657708291411128,TRUE,16
Covariate:2,-0.606356537333847,0.0782331756112735,TRUE,16
1-1,0.010125332488196,0.042744436311518,FALSE,16
1-2,-0.00438132850480606,0.0221572686097462,TRUE,16
1-3,-0.0244066629322993,0.0134892256089529,TRUE,16
2-2,0.186324074863832,0.0564746307426775,TRUE,16
2-3,0.00907530789820158,0.0150077057647182,TRUE,16
3-3,-0.239406601411724,0.0288375687882905,TRUE,16
(Intercept):1,-1.12883267295144,0.0435215994918601,TRUE,16
(Intercept):2,-1.5443305893111,0.0526879038827493,TRUE,16
Covariate:1,0.600383101118161,0.0711666788691936,TRUE,16
Covariate:2,-0.508238565518731,0.074797700846626,TRUE,16
1-1,0.0556441993648376,0.0436136331433345,TRUE,16
1-2,-0.00569689251917181,0.022289220917185,TRUE,16
1-3,-0.00581295455133619,0.0140751401108385,TRUE,16
2-2,0.158471810952141,0.0619814573293731,TRUE,16
2-3,-0.0428739890847084,0.0157602835222633,FALSE,16
3-3,-0.245236390011174,0.0280201007953044,TRUE,16
(Intercept):1,-1.09076609585523,0.04393364962048,TRUE,16
(Intercept):2,-1.57217811900668,0.0572846636579161,TRUE,16
Covariate:1,0.604306871566663,0.0628900170502777,TRUE,16
Covariate:2,-0.445399758308623,0.0745331139047295,TRUE,16
1-1,0.141811484411257,0.0410192289518465,TRUE,16
1-2,-0.00876079631177704,0.0209672079184782,TRUE,16
1-3,-0.0113730984086104,0.0141294943666175,TRUE,16
2-2,0.220368850833709,0.0561416583342384,TRUE,16
2-3,-0.0143220083690681,0.0162457169246398,TRUE,16
3-3,-0.205671843441621,0.0292825992569643,TRUE,16
(Intercept):1,-1.13801020320645,0.0438349892619876,TRUE,16
(Intercept):2,-1.63446550307248,0.0581816173938148,TRUE,16
Covariate:1,0.500155302121724,0.0654336809598192,TRUE,16
Covariate:2,-0.472206210462621,0.0781016283667939,TRUE,16
1-1,0.138923968056834,0.0398129505042229,TRUE,16
1-2,-0.0150805813708554,0.0222469693285363,TRUE,16
1-3,0.01683703618861,0.0140489362095275,TRUE,16
2-2,0.189269919799977,0.0602983048576614,TRUE,16
2-3,0.0159188680619161,0.0168222692906774,TRUE,16
3-3,-0.205078615500388,0.0278267024610601,TRUE,16
(Intercept):1,-1.1595929576221,0.0429907734051535,TRUE,16
(Intercept):2,-1.62335124810332,0.0602995876195547,TRUE,16
Covariate:1,0.53252284182937,0.0627412436556929,TRUE,16
Covariate:2,-0.370660201007828,0.0754111363511329,TRUE,16
1-1,0.146190095740462,0.0414329559094537,TRUE,16
1-2,-0.00826466313819173,0.021998861860196,TRUE,16
1-3,-0.00108104503013987,0.013683817389623,TRUE,16
2-2,0.0874615626334861,0.0662258484096861,TRUE,16
2-3,-0.00634226004227241,0.0161742782506982,TRUE,16
3-3,-0.211711522685025,0.0290963085459489,TRUE,16
(Intercept):1,-1.04399060116801,0.0427539103179451,TRUE,16
(Intercept):2,-1.58595613430277,0.0593914090767724,TRUE,16
Covariate:1,0.453909942593019,0.0657027281520709,TRUE,16
Covariate:2,-0.412388306576613,0.0730870157123501,TRUE,16
1-1,0.0479718647746526,0.0414354919017393,TRUE,16
1-2,-0.0241902447483492,0.0219189267802708,TRUE,16
1-3,-0.0174879362911141,0.0138690098991377,TRUE,16
2-2,0.224631037734979,0.0520878588197116,TRUE,16
2-3,-0.0213383797538046,0.0158779377525998,TRUE,16
3-3,-0.244694593057607,0.0275067972869958,TRUE,16
(Intercept):1,-1.08469783655405,0.0452086916551726,TRUE,16
(Intercept):2,-1.51948777109043,0.0558598319073967,TRUE,16
Covariate:1,0.424130114917903,0.063855522725751,TRUE,16
Covariate:2,-0.460905425627609,0.0741454201039775,TRUE,16
1-1,0.101661780391502,0.0405328288911445,TRUE,16
1-2,0.00749635591714913,0.0203345581968738,TRUE,16
1-3,-0.00845411091061891,0.0139948664489647,TRUE,16
2-2,0.142802316422346,0.0551436501168227,TRUE,16
2-3,-0.0325634625305779,0.0159415820999057,FALSE,16
3-3,-0.213971160421929,0.0289750891247625,TRUE,16
(Intercept):1,-1.06800874949704,0.0426927120077045,TRUE,16
(Intercept):2,-1.63586713485011,0.0557391925466153,TRUE,16
Covariate:1,0.477794355443505,0.062142349613682,TRUE,16
Covariate:2,-0.461651082834685,0.0802508797550004,TRUE,16
1-1,0.0920099145700207,0.0401807180032773,TRUE,16
1-2,-0.0211070809931705,0.0215313133970198,TRUE,16
1-3,-0.0112308003954076,0.0142174651419737,TRUE,16
2-2,0.187101589552084,0.053108919724429,TRUE,16
2-3,0.0043901334875451,0.0152016685057848,TRUE,16
3-3,-0.266642670126334,0.029146295734093,TRUE,16
(Intercept):1,-1.04139824730989,0.0416800007101376,TRUE,16
(Intercept):2,-1.57044435117196,0.0574779421637668,TRUE,16
Covariate:1,0.489777108953362,0.0681258772150023,TRUE,16
Covariate:2,-0.484405806213973,0.0809886848138538,TRUE,16
1-1,0.0569835530846882,0.042111233277126,TRUE,16
1-2,-0.0368485336158934,0.0223791609452795,TRUE,16
1-3,0.0129265348603808,0.0142311503459196,TRUE,16
2-2,0.126578511978249,0.0652589264207638,TRUE,16
2-3,0.00072718500877459,0.0158073265856381,TRUE,16
3-3,-0.173804456337744,0.02830957635621,TRUE,16
(Intercept):1,-1.06262010379519,0.0419765328091939,TRUE,16
(Intercept):2,-1.59790215681254,0.0558833567111256,TRUE,16
Covariate:1,0.442224663213956,0.0632137311934662,TRUE,16
Covariate:2,-0.609287346358736,0.0755255391553626,TRUE,16
1-1,-0.0288890397864669,0.0434144562682523,FALSE,16
1-2,-0.00790679991208957,0.0215187017578057,TRUE,16
1-3,-0.0213401274122192,0.0136955703813863,TRUE,16
2-2,0.100697293857783,0.0578528731371076,TRUE,16
2-3,-0.03371901585588,0.0149951978393188,FALSE,16
3-3,-0.263655840152916,0.0293417230767006,TRUE,16
(Intercept):1,-1.01659564977534,0.0404041671478616,FALSE,16
(Intercept):2,-1.6124948635524,0.0583110755561715,TRUE,16
Covariate:1,0.431267414756723,0.0582796394518284,TRUE,16
Covariate:2,-0.533296533828918,0.080598401302627,TRUE,16
1-1,0.00167654226547242,0.0427861131760522,FALSE,16
1-2,-0.0307294072784693,0.0207008660221147,TRUE,16
1-3,-0.0504953317223258,0.0139400033883277,FALSE,16
2-2,0.116554505908262,0.0640074913976527,TRUE,16
2-3,-0.0440586523488638,0.0166344759631396,FALSE,16
3-3,-0.285378537889282,0.0307337744574164,FALSE,16
(Intercept):1,-1.10720091354627,0.0445354618779644,TRUE,16
(Intercept):2,-1.5025295046115,0.0543899048504953,FALSE,16
Covariate:1,0.486771823380758,0.0651748987609923,TRUE,16
Covariate:2,-0.599126956645384,0.0725816108395433,TRUE,16
1-1,0.106409827126515,0.0417564242818196,TRUE,16
1-2,-0.00636729650057042,0.0222283017896505,TRUE,16
1-3,-0.0223280083413283,0.0150035400546485,TRUE,16
2-2,0.161060877966779,0.0574522835954094,TRUE,16
2-3,-0.0421051756954998,0.0158977272018957,FALSE,16
3-3,-0.219558931433783,0.0288440877884975,TRUE,16
(Intercept):1,-1.12488707056488,0.0444410522392393,TRUE,16
(Intercept):2,-1.66937738924357,0.055819783162573,TRUE,16
Covariate:1,0.514477901524499,0.067607136447055,TRUE,16
Covariate:2,-0.434200234819896,0.0750314293733682,TRUE,16
1-1,0.0928018065921862,0.0414391846238045,TRUE,16
1-2,0.0203202357926005,0.0225172411477111,TRUE,16
1-3,0.00482471884217321,0.014818842390732,TRUE,16
2-2,0.190654976728463,0.0592893199749797,TRUE,16
2-3,0.0187848011101596,0.0156690521599155,TRUE,16
3-3,-0.209404465517242,0.0297873802608991,TRUE,16
(Intercept):1,-1.04262066603969,0.041890820779056,TRUE,16
(Intercept):2,-1.56207040975461,0.0604084247145696,TRUE,16
Covariate:1,0.499952870999942,0.0634816567893004,TRUE,16
Covariate:2,-0.397090353958976,0.0779501054229591,TRUE,16
1-1,0.0567084488176854,0.0430594933842689,TRUE,16
1-2,-0.0378784968700176,0.0220295836788129,TRUE,16
1-3,-0.0132655667436703,0.0127487390225657,TRUE,16
2-2,0.141868548556223,0.0565109661504684,TRUE,16
2-3,-0.0120758037810967,0.0157406675905789,TRUE,16
3-3,-0.256949327912195,0.0287033942852717,TRUE,16
(Intercept):1,-1.06298154994751,0.0419241532944757,TRUE,16
(Intercept):2,-1.66331959670603,0.0577200797858139,TRUE,16
Covariate:1,0.30208889811358,0.0632400518554135,FALSE,16
Covariate:2,-0.547645856916663,0.0785210556676829,TRUE,16
1-1,0.0740260621272291,0.0393205677761423,TRUE,16
1-2,-0.00189885066009371,0.0215142533531858,TRUE,16
1-3,0.00188466760128707,0.0138555674781694,TRUE,16
2-2,0.134717175977244,0.0662025744210904,TRUE,16
2-3,0.0207770002406663,0.0168057902032281,TRUE,16
3-3,-0.244750173123305,0.0287844714683489,TRUE,16
(Intercept):1,-1.06518901585983,0.0420475123029521,TRUE,16
(Intercept):2,-1.62613701873913,0.0568025593933199,TRUE,16
Covariate:1,0.438830085064302,0.0634458575988415,TRUE,16
Covariate:2,-0.540792845716695,0.0762012038242301,TRUE,16
1-1,0.104628986652526,0.0403345418299247,TRUE,16
1-2,-0.0135780699950335,0.0211921714004311,TRUE,16
1-3,-0.00778323378732456,0.0134693943331429,TRUE,16
2-2,0.180023837333102,0.0609317336871585,TRUE,16
2-3,-0.000961874643813312,0.0152481009229512,TRUE,16
3-3,-0.215742785345009,0.028571671639234,TRUE,16
(Intercept):1,-1.05251535652959,0.0425524186537362,TRUE,16
(Intercept):2,-1.62700740053324,0.0566647956719968,TRUE,16
Covariate:1,0.434628434404951,0.0596332861694275,TRUE,16
Covariate:2,-0.594616557623297,0.0752203828412155,TRUE,16
1-1,0.120260782599294,0.0370771593388918,TRUE,16
1-2,0.0206409691289266,0.0210487982679827,TRUE,16
1-3,0.00640271014192416,0.0137368981569727,TRUE,16
2-2,0.138248246318492,0.0617791169132412,TRUE,16
2-3,0.0171728958211971,0.0150793488367442,TRUE,16
3-3,-0.214837184839156,0.0283993413515464,TRUE,16
(Intercept):1,-1.14352086749412,0.042838180835662,TRUE,16
(Intercept):2,-1.55925628442364,0.0590526058790931,TRUE,16
Covariate:1,0.547054242693695,0.0640531156361032,TRUE,16
Covariate:2,-0.485926061111487,0.0789714103086348,TRUE,16
1-1,0.147145505458446,0.041116694555763,TRUE,16
1-2,-0.0100234676779684,0.020448730416174,TRUE,16
1-3,-0.00554418889863585,0.0139276055067356,TRUE,16
2-2,0.202054526823362,0.0500760247166464,TRUE,16
2-3,-0.0296330219427477,0.0159589028720208,TRUE,16
3-3,-0.248938912854678,0.0292835774468564,TRUE,16
(Intercept):1,-1.11798867990977,0.0428625283370148,TRUE,16
(Intercept):2,-1.63732679485695,0.0575203186265353,TRUE,16
Covariate:1,0.479155272064917,0.0673651436398531,TRUE,16
Covariate:2,-0.541821612056027,0.0774051378229637,TRUE,16
1-1,0.0798483611461832,0.038773860144437,TRUE,16
1-2,-0.0105522508102421,0.0220284132341784,TRUE,16
1-3,-0.0103274792370008,0.0143169766663401,TRUE,16
2-2,0.167722531035226,0.0601052633475853,TRUE,16
2-3,-0.0140977672749355,0.0163318160478961,TRUE,16
3-3,-0.273969125570042,0.03021443758598,TRUE,16
(Intercept):1,-1.09707513954765,0.0429084045418254,TRUE,16
(Intercept):2,-1.51550939069395,0.056992131519964,TRUE,16
Covariate:1,0.522813474403583,0.0643619801310685,TRUE,16
Covariate:2,-0.553238482571136,0.0790275232333635,TRUE,16
1-1,0.148613155731719,0.0413375087731183,TRUE,16
1-2,-0.0110888535096237,0.0216605545509003,TRUE,16
1-3,-0.00493018365609561,0.0147863438927319,TRUE,16
2-2,0.137006993378118,0.0562860241382171,TRUE,16
2-3,-0.00811975481889528,0.0160469380834065,TRUE,16
3-3,-0.260775053508064,0.0283068752127483,TRUE,16
(Intercept):1,-1.12316588844318,0.0429410298313389,TRUE,16
(Intercept):2,-1.64135342216349,0.0558487990997601,TRUE,16
Covariate:1,0.515936798011878,0.0676277771430879,TRUE,16
Covariate:2,-0.389390503291895,0.0760675483405976,TRUE,16
1-1,0.0931016287051284,0.0374738544570147,TRUE,16
1-2,0.0275880627930078,0.0210940370243652,TRUE,16
1-3,-0.00176674038292214,0.0140157879589828,TRUE,16
2-2,0.178326534423477,0.0612713803436596,TRUE,16
2-3,0.000492496006210668,0.0161559400692275,TRUE,16
3-3,-0.284650830157102,0.0293455332769057,FALSE,16
(Intercept):1,-1.00069858162413,0.0409558591995397,FALSE,16
(Intercept):2,-1.62868899752044,0.0571635383578786,TRUE,16
Covariate:1,0.405440007151518,0.0637780209851759,TRUE,16
Covariate:2,-0.458344998897536,0.0753571465250895,TRUE,16
1-1,0.0678572724709328,0.0385543276941937,TRUE,16
1-2,-0.047586246218443,0.0205425264552143,FALSE,16
1-3,-0.0363191846361322,0.0130711030443647,FALSE,16
2-2,0.115833914253408,0.0649810137936097,TRUE,16
2-3,0.00342745215776784,0.0156132067957701,TRUE,16
3-3,-0.268694507566278,0.029235640610064,TRUE,16
(Intercept):1,-1.1222490867447,0.0418153834793099,TRUE,16
(Intercept):2,-1.68575863295152,0.0573535317519687,TRUE,16
Covariate:1,0.603842748045202,0.0606722938605891,TRUE,16
Covariate:2,-0.570803762629662,0.0764389897839722,TRUE,16
1-1,0.119694475219166,0.038419614598578,TRUE,16
1-2,0.0252362992455287,0.021204610135363,TRUE,16
1-3,0.00155506383212423,0.0140129960786595,TRUE,16
2-2,0.112486272944892,0.0678186489519139,TRUE,16
2-3,-0.0102383267219878,0.0159798529136796,TRUE,16
3-3,-0.218229144119965,0.0280709335773643,TRUE,16
(Intercept):1,-1.01518036637144,0.0417924663080243,FALSE,16
(Intercept):2,-1.61205640448704,0.0552332901178608,TRUE,16
Covariate:1,0.433507041683469,0.0618097658566651,TRUE,16
Covariate:2,-0.468896857535532,0.0747770387587546,TRUE,16
1-1,0.0926832934965942,0.0389479195843135,TRUE,16
1-2,0.011734815704912,0.0205916507104784,TRUE,16
1-3,-0.0067051551628205,0.0135881328005233,TRUE,16
2-2,0.207224383653749,0.0566159555768327,TRUE,16
2-3,0.00462008198143939,0.0155751534890722,TRUE,16
3-3,-0.19044152096951,0.0286067849083803,TRUE,16
(Intercept):1,-1.0901787134163,0.0420844536277025,TRUE,16
(Intercept):2,-1.61453614706856,0.0563330116559034,TRUE,16
Covariate:1,0.531457773109924,0.0638753332438031,TRUE,16
Covariate:2,-0.430987130611318,0.077133076772668,TRUE,16
1-1,0.0395933208819271,0.0419913540000516,TRUE,16
1-2,-0.0262581032828096,0.0220249432486264,TRUE,16
1-3,-0.0145602197502415,0.0140797157547052,TRUE,16
2-2,0.130255588341018,0.0561111828160617,TRUE,16
2-3,-0.0166919641585996,0.0159111422600658,TRUE,16
3-3,-0.295965399392719,0.0292961021394969,FALSE,16
(Intercept):1,-1.09538512284958,0.0420286765648605,TRUE,16
(Intercept):2,-1.60769295028957,0.0582081233871105,TRUE,16
Covariate:1,0.398651877672548,0.0629507391616656,TRUE,16
Covariate:2,-0.566571360173541,0.0748813914190895,TRUE,16
1-1,0.0523294185859358,0.0383634323816131,TRUE,16
1-2,-0.00329814275095418,0.0199292254808337,TRUE,16
1-3,0.00384724548843602,0.0138463500028396,TRUE,16
2-2,0.186846309094685,0.0557729331944638,TRUE,16
2-3,-0.00817633683478574,0.0158749978161317,TRUE,16
3-3,-0.239621412697435,0.0287410985355043,TRUE,16
(Intercept):1,-1.06792921290482,0.0420528071398843,TRUE,16
(Intercept):2,-1.55365680764354,0.0552745668380972,TRUE,16
Covariate:1,0.479463606592373,0.0621115110078825,TRUE,16
Covariate:2,-0.557450484385836,0.0756158070717218,TRUE,16
1-1,0.137917293038769,0.040055754061926,TRUE,16
1-2,0.00924987896427339,0.0200679363552391,TRUE,16
1-3,-0.00570824886212733,0.0132357756388995,TRUE,16
2-2,0.144644008910521,0.0582826205588917,TRUE,16
2-3,-0.00211689628261045,0.0157412799323109,TRUE,16
3-3,-0.204338128710077,0.0287826872575992,TRUE,16
(Intercept):1,-1.04169991426007,0.0429998253077507,TRUE,16
(Intercept):2,-1.57606105291878,0.0587845560316877,TRUE,16
Covariate:1,0.451753148287792,0.0664052953318203,TRUE,16
Covariate:2,-0.554734447319141,0.0762670790317043,TRUE,16
1-1,0.0772699751735544,0.0405770180319796,TRUE,16
1-2,0.00579704916883253,0.0214153416130105,TRUE,16
1-3,-0.0277180275179588,0.0130207193079616,FALSE,16
2-2,0.0725608066957461,0.0626889481279178,TRUE,16
2-3,-0.0168772651403305,0.0157533170503398,TRUE,16
3-3,-0.214713191187449,0.0281219326425353,TRUE,16
(Intercept):1,-1.09185337544215,0.0435718057358699,TRUE,16
(Intercept):2,-1.57960251532491,0.0582181831981864,TRUE,16
Covariate:1,0.427848843605813,0.0648757623419556,TRUE,16
Covariate:2,-0.411440792897491,0.0766081787378564,TRUE,16
1-1,0.0273998304516428,0.0425860099604494,TRUE,16
1-2,-0.0216369627287335,0.0232543477178305,TRUE,16
1-3,0.0145083503605768,0.0138194688034638,TRUE,16
2-2,0.129012612919112,0.0612560845637955,TRUE,16
2-3,-0.00863313174940872,0.016729073111224,TRUE,16
3-3,-0.217769639191272,0.0281257497754665,TRUE,16
(Intercept):1,-1.07122074800402,0.0419194795597288,TRUE,16
(Intercept):2,-1.5970895971214,0.0555206415178884,TRUE,16
Covariate:1,0.491618352975652,0.0649289818633623,TRUE,16
Covariate:2,-0.429499945726708,0.0714492243491142,TRUE,16
1-1,0.0898757785913245,0.0410666424422233,TRUE,16
1-2,-0.0253177045558562,0.0204801222852766,TRUE,16
1-3,-0.00871162722818885,0.0138866567696638,TRUE,16
2-2,0.284608851439463,0.0573570605350582,TRUE,16
2-3,-0.0123130275590004,0.0157551913447522,TRUE,16
3-3,-0.235380803007282,0.0312018056761068,TRUE,16
(Intercept):1,-1.11625088473695,0.0432767335738701,TRUE,16
(Intercept):2,-1.57709762134989,0.05620607030289,TRUE,16
Covariate:1,0.62778129939216,0.0647946254380887,FALSE,16
Covariate:2,-0.213360946012248,0.0699033412750864,FALSE,16
1-1,0.108673415078781,0.041593448159974,TRUE,16
1-2,-0.00246084844222084,0.0202388404568802,TRUE,16
1-3,-0.00902491868296101,0.0135236020179355,TRUE,16
2-2,0.24919403643816,0.0472959870494918,TRUE,16
2-3,-0.0105293408003464,0.0163457753076315,TRUE,16
3-3,-0.228084926875803,0.0283686469774863,TRUE,16
(Intercept):1,-1.02201228917108,0.0409568448504242,TRUE,16
(Intercept):2,-1.66488967968157,0.0566793310109395,TRUE,16
Covariate:1,0.432541557268531,0.0634545420576051,TRUE,16
Covariate:2,-0.69242725724712,0.0742656197745197,FALSE,16
1-1,0.0406040288624481,0.0437414500296347,TRUE,16
1-2,0.00717221874631172,0.0210592585406916,TRUE,16
1-3,-0.0293741108657458,0.0138961741536798,FALSE,16
2-2,0.296785295993875,0.0512227160664226,FALSE,16
2-3,-0.0106501273948997,0.0151602303347566,TRUE,16
3-3,-0.207931237038814,0.0288352029649514,TRUE,16
(Intercept):1,-1.04436292612226,0.0437375260266048,TRUE,16
(Intercept):2,-1.55248450705635,0.0586319601018184,TRUE,16
Covariate:1,0.553613506594658,0.0651582643555502,TRUE,16
Covariate:2,-0.475305199537363,0.0764596444767002,TRUE,16
1-1,0.049215689785226,0.0428758180986942,TRUE,16
1-2,-0.0254459797504084,0.0216218792524393,TRUE,16
1-3,-0.0142017310770488,0.0135639490590319,TRUE,16
2-2,0.0559509962597088,0.064593361933899,TRUE,16
2-3,-0.00478099430496545,0.0164267001436689,TRUE,16
3-3,-0.26956163422127,0.0291772804330315,TRUE,16
(Intercept):1,-1.07978720912273,0.0436638523622142,TRUE,16
(Intercept):2,-1.62667526567338,0.0585046236354775,TRUE,16
Covariate:1,0.445431962780532,0.0645983907469399,TRUE,16
Covariate:2,-0.491740678376338,0.0759263329508716,TRUE,16
1-1,0.0938272802529716,0.0416329864210815,TRUE,16
1-2,-0.0574182291089064,0.0226158106991505,FALSE,16
1-3,-0.01223649954827,0.0137692219337724,TRUE,16
2-2,0.179084311790868,0.0564545581966933,TRUE,16
2-3,0.00581497723722511,0.0164006771635019,TRUE,16
3-3,-0.263530388918835,0.0279741550657165,TRUE,16
(Intercept):1,-1.10414401638502,0.042636644788949,TRUE,16
(Intercept):2,-1.56279324926144,0.0556965023541209,TRUE,16
Covariate:1,0.474726751441824,0.0616495361583986,TRUE,16
Covariate:2,-0.532077619047422,0.0726455165501441,TRUE,16
1-1,0.0724037849416702,0.0395065475018376,TRUE,16
1-2,-0.00388378229601919,0.0209115368889459,TRUE,16
1-3,-0.0283388528017971,0.0133278810118314,FALSE,16
2-2,0.0407274020994899,0.0657286705369532,FALSE,16
2-3,-0.025664532476154,0.0154896975300655,TRUE,16
3-3,-0.25933197645239,0.0290950258762284,TRUE,16
(Intercept):1,-1.06392157960023,0.0436149497372995,TRUE,16
(Intercept):2,-1.61545161546338,0.0547699129722236,TRUE,16
Covariate:1,0.51461311310031,0.0617355484938293,TRUE,16
Covariate:2,-0.516383531079662,0.0740260612321999,TRUE,16
1-1,0.000669335152554381,0.0446018368314682,FALSE,16
1-2,-0.0294079947049003,0.0205643214479176,TRUE,16
1-3,-0.0240321464389409,0.014383901032216,TRUE,16
2-2,0.117917295120171,0.0611667766585054,TRUE,16
2-3,-0.0228819505039468,0.0151023605180269,TRUE,16
3-3,-0.249089708266607,0.0276297512704209,TRUE,16
(Intercept):1,-1.10843940231363,0.0435434422590228,TRUE,16
(Intercept):2,-1.6009942305889,0.0560342185821267,TRUE,16
Covariate:1,0.526084413919144,0.0608563526354002,TRUE,16
Covariate:2,-0.485931427491084,0.0800554813957532,TRUE,16
1-1,0.127430797086163,0.0392939815293488,TRUE,16
1-2,-0.0118005236777125,0.0215332635329148,TRUE,16
1-3,-0.00924683370626273,0.0139169252385359,TRUE,16
2-2,0.110320661406151,0.0633241395262659,TRUE,16
2-3,-0.0109559099178697,0.0164040146797665,TRUE,16
3-3,-0.243778253398237,0.0294666454395873,TRUE,16
(Intercept):1,-1.08572404841002,0.04382716374045,TRUE,16
(Intercept):2,-1.63116502096244,0.0598355728868594,TRUE,16
Covariate:1,0.428486846856799,0.0623625519744506,TRUE,16
Covariate:2,-0.575487215086613,0.0804973155535121,TRUE,16
1-1,0.0794104395554515,0.0480397600115534,TRUE,16
1-2,0.0306284096842925,0.0206723095062039,TRUE,16
1-3,-0.00965310523289051,0.0140150220251229,TRUE,16
2-2,0.200826175811028,0.0525149581932135,TRUE,16
2-3,-0.00213851721215399,0.0159955501257318,TRUE,16
3-3,-0.198149319691642,0.0287857287290253,TRUE,16
(Intercept):1,-1.03981232906431,0.0415536934361426,TRUE,16
(Intercept):2,-1.55873720435092,0.0562025228291113,TRUE,16
Covariate:1,0.447218253257237,0.0589974841766186,TRUE,16
Covariate:2,-0.605092141273191,0.0791453753471226,TRUE,16
1-1,0.118094717097281,0.0395940951315124,TRUE,16
1-2,-0.0160850376286439,0.0204473458942383,TRUE,16
1-3,-0.0127221070623518,0.0136675850111437,TRUE,16
2-2,0.104953676460096,0.0559828008717101,TRUE,16
2-3,-0.00143696812351618,0.0161505323783644,TRUE,16
3-3,-0.206082159420995,0.0273523162011929,TRUE,16
(Intercept):1,-1.12691608646229,0.0411943200908053,TRUE,16
(Intercept):2,-1.59672847694216,0.0556085540061395,TRUE,16
Covariate:1,0.442407499376086,0.0626205391688335,TRUE,16
Covariate:2,-0.401205228168697,0.0762156985768729,TRUE,16
1-1,0.117933924821098,0.040333206049722,TRUE,16
1-2,-0.00523796758763004,0.0216944591137966,TRUE,16
1-3,-0.00366543872151643,0.0143392028728046,TRUE,16
2-2,0.136988405252214,0.0608539949839642,TRUE,16
2-3,0.0105429690084775,0.0167869560749985,TRUE,16
3-3,-0.260542469895243,0.0292706350375605,TRUE,16
(Intercept):1,-1.10331786169683,0.042886226366624,TRUE,16
(Intercept):2,-1.54037693069286,0.0550252985839924,TRUE,16
Covariate:1,0.537940002102811,0.0626325983052521,TRUE,16
Covariate:2,-0.464747031547408,0.0741532927365941,TRUE,16
1-1,0.137331898846433,0.0387332125659773,TRUE,16
1-2,-0.00338796273110602,0.0198074723319503,TRUE,16
1-3,0.00502580627895487,0.0134141849280866,TRUE,16
2-2,0.184927329918901,0.0544571428468569,TRUE,16
2-3,0.00238018782474301,0.0156824494461729,TRUE,16
3-3,-0.253368121800705,0.0293563380525203,TRUE,16
(Intercept):1,-1.02354934327839,0.0417197371496706,TRUE,16
(Intercept):2,-1.59978477741212,0.0558840415891642,TRUE,16
Covariate:1,0.496341112886279,0.0642547810680153,TRUE,16
Covariate:2,-0.611675027944115,0.0799271715366036,TRUE,16
1-1,0.0416833901559031,0.0395249320364199,TRUE,16
1-2,-0.0195632839096309,0.0208376584635061,TRUE,16
1-3,-0.0240306384202615,0.0136480666703379,TRUE,16
2-2,0.130926097368918,0.0628626152412075,TRUE,16
2-3,-0.0142024242142914,0.0153056538991338,TRUE,16
3-3,-0.248924772697806,0.0288769038458463,TRUE,16
(Intercept):1,-1.09389711064872,0.0424572577228852,TRUE,16
(Intercept):2,-1.49944203520442,0.056035362924912,FALSE,16
Covariate:1,0.479642238847851,0.0625978356383607,TRUE,16
Covariate:2,-0.457747626042793,0.0737795837801553,TRUE,16
1-1,0.0632864892542958,0.0406384058010249,TRUE,16
1-2,-0.0414279120189572,0.0217693784192614,TRUE,16
1-3,-0.0259355611331347,0.0138865734103654,TRUE,16
2-2,0.080794109850463,0.0583593470542564,TRUE,16
2-3,-0.0288413666095011,0.0158290339947961,TRUE,16
3-3,-0.262742490128691,0.0279096227570536,TRUE,16
(Intercept):1,-1.107561879295,0.0430441112514017,TRUE,16
(Intercept):2,-1.61429561053725,0.0573541428534151,TRUE,16
Covariate:1,0.440139862724945,0.0608184473492637,TRUE,16
Covariate:2,-0.480822819698988,0.0779884259021886,TRUE,16
1-1,0.0884302943851446,0.0459657742507619,TRUE,16
1-2,-0.00282734746174979,0.0209776705289693,TRUE,16
1-3,-0.0154440955147709,0.0137441376642129,TRUE,16
2-2,0.151926890556131,0.0573163856822846,TRUE,16
2-3,-0.00159835918461966,0.014800437565805,TRUE,16
3-3,-0.232862299999001,0.0289343846429993,TRUE,16
(Intercept):1,-1.16108787789062,0.0445142804724602,TRUE,16
(Intercept):2,-1.6390799133691,0.0564719455365657,TRUE,16
Covariate:1,0.657967703774094,0.0672156371335983,FALSE,16
Covariate:2,-0.522753659262388,0.0814045814129015,TRUE,16
1-1,0.0855918338692705,0.0427630771947181,TRUE,16
1-2,0.0113959747973888,0.0218117285044015,TRUE,16
1-3,-0.00470905915449155,0.014332281798074,TRUE,16
2-2,0.209226971479052,0.0538253031567983,TRUE,16
2-3,0.000318044264488347,0.0160419480938479,TRUE,16
3-3,-0.243119773200401,0.0308312924670614,TRUE,16
(Intercept):1,-1.04485072522036,0.0413751180445401,TRUE,16
(Intercept):2,-1.56644179635589,0.0578263487329247,TRUE,16
Covariate:1,0.442710567255369,0.0605793656767675,TRUE,16
Covariate:2,-0.428790654493921,0.0801881943605758,TRUE,16
1-1,0.11810705788067,0.0385837077996164,TRUE,16
1-2,-0.0163298766113629,0.0211628183335524,TRUE,16
1-3,0.00382221038761218,0.0137135126659092,TRUE,16
2-2,0.142047829669972,0.0639780693507866,TRUE,16
2-3,0.00492148407484254,0.0155458623291447,TRUE,16
3-3,-0.206676799811906,0.0300141848743105,TRUE,16
(Intercept):1,-1.10405809422055,0.0436306648049368,TRUE,16
(Intercept):2,-1.58307866714912,0.0572832220535684,TRUE,16
Covariate:1,0.544918800632386,0.0656428989846756,TRUE,16
Covariate:2,-0.516879714036287,0.0786756734622216,TRUE,16
1-1,0.0434321007666926,0.0411336472727102,TRUE,16
1-2,-0.0262716234556429,0.0209470230463623,TRUE,16
1-3,-0.016532970339947,0.0151788575559022,TRUE,16
2-2,0.101271991116072,0.0632168733940078,TRUE,16
2-3,-0.00821641900994781,0.0162347541527459,TRUE,16
3-3,-0.295616674931468,0.0288354650577146,FALSE,16
(Intercept):1,-1.08730649744699,0.0437553524461929,TRUE,16
(Intercept):2,-1.68758686686391,0.058656253005668,TRUE,16
Covariate:1,0.588082219010019,0.0646972942996696,TRUE,16
Covariate:2,-0.302329369518494,0.074900107697044,FALSE,16
1-1,0.0395067180555242,0.0422200144998536,TRUE,16
1-2,0.00323763577913719,0.020744450640508,TRUE,16
1-3,-0.00393190216227317,0.013556737937144,TRUE,16
2-2,0.253912846797147,0.0558105566032892,TRUE,16
2-3,-0.00148424223580809,0.0159019376194921,TRUE,16
3-3,-0.23959741736453,0.0291182794396266,TRUE,16
(Intercept):1,-1.13571123344618,0.0465809477670847,TRUE,16
(Intercept):2,-1.63084974379739,0.0554287460439734,TRUE,16
Covariate:1,0.488375050601778,0.0647003044876455,TRUE,16
Covariate:2,-0.564570940219639,0.0752310670066377,TRUE,16
1-1,0.124751389564317,0.0405743169839919,TRUE,16
1-2,0.0073713597925768,0.0213404131800013,TRUE,16
1-3,0.00604915760526605,0.0142845471027825,TRUE,16
2-2,0.105092937429292,0.0589389967702533,TRUE,16
2-3,0.0254324440934881,0.0156456090265652,TRUE,16
3-3,-0.235546287070745,0.0311068544603257,TRUE,16
(Intercept):1,-1.07632559255651,0.0432614807981953,TRUE,16
(Intercept):2,-1.63973779140836,0.0558774766657958,TRUE,16
Covariate:1,0.459520886261543,0.0655581646677254,TRUE,16
Covariate:2,-0.58156507237721,0.0762089417974523,TRUE,16
1-1,0.036492424529895,0.0439335278620947,TRUE,16
1-2,0.0129165595082378,0.0213980524332106,TRUE,16
1-3,-0.0206652992505623,0.0144883401626445,TRUE,16
2-2,0.195545057804263,0.0521555744084535,TRUE,16
2-3,-0.00686171190643853,0.0162490469343265,TRUE,16
3-3,-0.241768201836036,0.0284817736889222,TRUE,16
(Intercept):1,-1.13317650834042,0.0447481451853626,TRUE,16
(Intercept):2,-1.62211002269955,0.0573120993552854,TRUE,16
Covariate:1,0.505462663541392,0.0623528151982239,TRUE,16
Covariate:2,-0.52925495462965,0.0798580555601673,TRUE,16
1-1,0.0891645885218314,0.0403787929795799,TRUE,16
1-2,0.000717304883012731,0.0212592744400829,TRUE,16
1-3,-0.00818191945423349,0.0140556876742664,TRUE,16
2-2,0.196549517511373,0.0630588912388713,TRUE,16
2-3,-0.0310071277980372,0.0165002545186701,TRUE,16
3-3,-0.266272186247606,0.0279274859333597,TRUE,16
(Intercept):1,-1.06161898506393,0.0433717512158564,TRUE,16
(Intercept):2,-1.49588276115007,0.0562515439289933,FALSE,16
Covariate:1,0.446735260197101,0.0606817095705892,TRUE,16
Covariate:2,-0.470831871341063,0.0761689541160873,TRUE,16
1-1,0.031563377979692,0.0438131295179494,TRUE,16
1-2,-0.0470374486767311,0.0206482018554913,FALSE,16
1-3,-0.0283961055018017,0.0132883969113712,FALSE,16
2-2,0.112309575535421,0.0575139117060407,TRUE,16
2-3,-0.0312956205534934,0.0157280160356657,FALSE,16
3-3,-0.295059114811046,0.027987153658502,FALSE,16
(Intercept):1,-1.07507900432453,0.0424849648342474,TRUE,16
(Intercept):2,-1.59092001979266,0.0590120713810896,TRUE,16
Covariate:1,0.467657270553571,0.0646046688998956,TRUE,16
Covariate:2,-0.595238287235219,0.0787890534514042,TRUE,16
1-1,0.106489043790843,0.0424336643001572,TRUE,16
1-2,-0.022802540159047,0.0204711526295612,TRUE,16
1-3,-0.0120905579325159,0.0145520968849747,TRUE,16
2-2,0.158064375365993,0.0633824202601528,TRUE,16
2-3,-0.00534586441149585,0.0165142189998892,TRUE,16
3-3,-0.215785589035302,0.0310746002443302,TRUE,16
(Intercept):1,-1.07403290129778,0.0435309607906959,TRUE,16
(Intercept):2,-1.51711654633774,0.0557113522489216,TRUE,16
Covariate:1,0.565295896755704,0.0643063753303067,TRUE,16
Covariate:2,-0.49617615025956,0.0785715826980758,TRUE,16
1-1,0.0786399217680297,0.0419260078824678,TRUE,16
1-2,-0.0207395111146647,0.0216405834750964,TRUE,16
1-3,0.00439430744757145,0.014099783865285,TRUE,16
2-2,0.156604614505386,0.0575184517339629,TRUE,16
2-3,-0.00827775149988386,0.0160755312693321,TRUE,16
3-3,-0.200414174963021,0.0276931564497361,TRUE,16
(Intercept):1,-1.04213752179898,0.0416004259886391,TRUE,16
(Intercept):2,-1.55457046821781,0.0544351240963068,TRUE,16
Covariate:1,0.434496530648204,0.0602839052078611,TRUE,16
Covariate:2,-0.511650986399565,0.0745874462829649,TRUE,16
1-1,0.0818878967997072,0.0393726600670748,TRUE,16
1-2,-0.0429103942730669,0.0206524273701751,FALSE,16
1-3,-0.0134982259677398,0.0135869119029438,TRUE,16
2-2,0.138715786224155,0.0551769450747905,TRUE,16
2-3,-0.00704170250466708,0.0157778833906811,TRUE,16
3-3,-0.23092450804506,0.0285320870454473,TRUE,16
(Intercept):1,-1.07683211070276,0.0448696855465557,TRUE,16
(Intercept):2,-1.58832756753656,0.0557043479040276,TRUE,16
Covariate:1,0.509948216945345,0.063875241351149,TRUE,16
Covariate:2,-0.599046948348105,0.0760422688378317,TRUE,16
1-1,0.169561070012775,0.0418435635047662,TRUE,16
1-2,-0.00545836962697556,0.0208179702049364,TRUE,16
1-3,0.00432667144852819,0.0145734388991949,TRUE,16
2-2,0.178009976420344,0.0601515250646664,TRUE,16
2-3,0.0040927268426965,0.0160109112186751,TRUE,16
3-3,-0.202692327171567,0.0293825778451952,TRUE,16
(Intercept):1,-1.0637221688936,0.0407103870646379,TRUE,16
(Intercept):2,-1.57352245482627,0.0527233618822441,TRUE,16
Covariate:1,0.515540195886434,0.0594130711728487,TRUE,16
Covariate:2,-0.507658875504508,0.0725363581733349,TRUE,16
1-1,0.0943766809477163,0.039649958029494,TRUE,16
1-2,-0.00239568002671172,0.0195075402625143,TRUE,16
1-3,-0.0155294106602749,0.0130245258877635,TRUE,16
2-2,0.116774625697079,0.0573409124633602,TRUE,16
2-3,-0.0120647934550873,0.0153441700003035,TRUE,16
3-3,-0.221842293589882,0.0277584062121487,TRUE,16
(Intercept):1,-1.0922041419714,0.0443277235504797,TRUE,16
(Intercept):2,-1.63579635591917,0.0559223835208308,TRUE,16
Covariate:1,0.484732044075466,0.0642424608720934,TRUE,16
Covariate:2,-0.593152420963271,0.0821065364931565,TRUE,16
1-1,0.0512439169823346,0.0403701099323628,TRUE,16
1-2,0.0268734007307907,0.020531544578891,TRUE,16
1-3,-0.00323043376878158,0.014173815847884,TRUE,16
2-2,0.176737005607677,0.0541242396884388,TRUE,16
2-3,-0.00477880413016144,0.0148961910475563,TRUE,16
3-3,-0.247595485854663,0.0289808936052657,TRUE,16
(Intercept):1,-0.98222108857029,0.0428518825961125,FALSE,16
(Intercept):2,-1.56183713676774,0.0550197789676827,TRUE,16
Covariate:1,0.470112259552617,0.064342312129654,TRUE,16
Covariate:2,-0.561841196884008,0.0795813402702048,TRUE,16
1-1,0.00493545399692121,0.0448382667200091,FALSE,16
1-2,-0.0455035617683466,0.0210618158875142,FALSE,16
1-3,-0.0314180790198878,0.0139696042272677,FALSE,16
2-2,0.169755585132181,0.0542540173633315,TRUE,16
2-3,-0.0267571975577781,0.0158153167305642,TRUE,16
3-3,-0.234649748337741,0.0289214597899723,TRUE,16
(Intercept):1,-1.10762026148623,0.0425455853670571,TRUE,16
(Intercept):2,-1.5939108092496,0.0543410843873192,TRUE,16
Covariate:1,0.430042772115051,0.0633014562906341,TRUE,16
Covariate:2,-0.511977818606989,0.0714982452316936,TRUE,16
1-1,0.0587333749492992,0.0448011598536086,TRUE,16
1-2,0.00214306973390285,0.0209161755880891,TRUE,16
1-3,0.002496538138409,0.0140712470130029,TRUE,16
2-2,0.261569883684848,0.0513548486764838,TRUE,16
2-3,-0.000968700823098104,0.0149883358440998,TRUE,16
3-3,-0.200470272699761,0.0285697290891197,TRUE,16
(Intercept):1,-1.08000650488862,0.0432662416360439,TRUE,16
(Intercept):2,-1.5452715131477,0.0556130225366634,TRUE,16
Covariate:1,0.410303918608142,0.065330908085219,TRUE,16
Covariate:2,-0.45809302583319,0.0763992560364533,TRUE,16
1-1,0.0485993657827347,0.0410863792748323,TRUE,16
1-2,-0.0339914530791187,0.0211324871889075,TRUE,16
1-3,-0.0191819296007839,0.013675992364813,TRUE,16
2-2,0.209855635299738,0.0532088373604098,TRUE,16
2-3,-0.0417125324753117,0.0159071754143452,FALSE,16
3-3,-0.266138239965626,0.0305454443808503,TRUE,16
(Intercept):1,-1.13041445539615,0.0435044690728499,TRUE,16
(Intercept):2,-1.5474001911516,0.0560049692417285,TRUE,16
Covariate:1,0.478487904876958,0.0681490083290318,TRUE,16
Covariate:2,-0.597213244797054,0.0768817218330729,TRUE,16
1-1,0.0970702701717286,0.0428085020994684,TRUE,16
1-2,-0.00523186715821374,0.0215750160992247,TRUE,16
1-3,0.0115834424304594,0.0141478287712971,TRUE,16
2-2,0.176440386764711,0.0549119761076255,TRUE,16
2-3,-0.018327255638799,0.0158965550625152,TRUE,16
3-3,-0.200865930434349,0.0292660345836812,TRUE,16
(Intercept):1,-1.04319655006869,0.0435264730612228,TRUE,16
(Intercept):2,-1.59333117447121,0.0553865038065775,TRUE,16
Covariate:1,0.566200505539172,0.0617239168570844,TRUE,16
Covariate:2,-0.512034857350625,0.0778037722919825,TRUE,16
1-1,0.0957379898227401,0.0422120437662935,TRUE,16
1-2,-0.0237636663005048,0.0214028944047737,TRUE,16
1-3,-0.0143032115392798,0.0144205091522944,TRUE,16
2-2,0.0757820906050985,0.0580057768083438,TRUE,16
2-3,0.00111361218071008,0.0161683632499048,TRUE,16
3-3,-0.225983005971016,0.0289233522939577,TRUE,16
(Intercept):1,-1.11300420587753,0.0442343613210641,TRUE,16
(Intercept):2,-1.46418629436558,0.0545295150024882,FALSE,16
Covariate:1,0.529022098145285,0.0655868503153932,TRUE,16
Covariate:2,-0.606915556482903,0.0733443495127161,TRUE,16
1-1,0.0615127860014364,0.0450202701137577,TRUE,16
1-2,-0.0151224227616258,0.0214252826361056,TRUE,16
1-3,-0.0173063708798487,0.0140653262773397,TRUE,16
2-2,0.0794162852350419,0.0566756245323672,TRUE,16
2-3,-0.0403062160569488,0.0156491496679793,FALSE,16
3-3,-0.245335343849285,0.0281692973563655,TRUE,16
(Intercept):1,-1.02638553003546,0.0407751175472303,TRUE,16
(Intercept):2,-1.55589384851656,0.0561342583100674,TRUE,16
Covariate:1,0.462641814792997,0.0629062345784628,TRUE,16
Covariate:2,-0.567477230931774,0.0769190149193422,TRUE,16
1-1,0.105031463172365,0.0392093599090447,TRUE,16
1-2,-0.0267357779328325,0.0217170388980266,TRUE,16
1-3,-0.0151145760697457,0.0132458669561242,TRUE,16
2-2,0.150720748252095,0.0611560998517594,TRUE,16
2-3,-0.0136124177404094,0.0161162433215444,TRUE,16
3-3,-0.233084436390659,0.0291643700736913,TRUE,16
(Intercept):1,-1.04206417019172,0.0406952812169632,TRUE,16
(Intercept):2,-1.54689791466897,0.0565710078448534,TRUE,16
Covariate:1,0.524143839270697,0.0651869077716083,TRUE,16
Covariate:2,-0.528531490430355,0.0769751422443917,TRUE,16
1-1,0.0432876731464273,0.0390157908952033,TRUE,16
1-2,-0.0145071601338142,0.0197196822733333,TRUE,16
1-3,0.00193054142310127,0.0139881791923411,TRUE,16
2-2,0.111737906573756,0.0576071839966329,TRUE,16
2-3,-0.0120581332457637,0.0163883610274706,TRUE,16
3-3,-0.216382660328968,0.0283078326099292,TRUE,16
(Intercept):1,-1.03475400295202,0.0428067662650749,TRUE,16
(Intercept):2,-1.55464444136442,0.0563961813200858,TRUE,16
Covariate:1,0.505379594244364,0.0633372224939212,TRUE,16
Covariate:2,-0.519368425182213,0.0763924677474861,TRUE,16
1-1,-0.00447247191478935,0.0440635394085065,FALSE,16
1-2,-0.0425904174517511,0.0211585051254957,FALSE,16
1-3,-0.0253608451709988,0.014137560388674,TRUE,16
2-2,0.154828337442118,0.0550383247741034,TRUE,16
2-3,-0.0249855634395135,0.0168918065084836,TRUE,16
3-3,-0.285405173844743,0.0293143551245262,FALSE,16
(Intercept):1,-1.03528509851297,0.0412407159857505,TRUE,16
(Intercept):2,-1.6884162884761,0.0577101782415822,TRUE,16
Covariate:1,0.512328244576209,0.0649891882837865,TRUE,16
Covariate:2,-0.583345121818655,0.0757164083181934,TRUE,16
1-1,0.0805157819208437,0.041284763243159,TRUE,16
1-2,-0.0371502084534997,0.0208487726874627,TRUE,16
1-3,-0.0312497848987148,0.0126765349665883,FALSE,16
2-2,0.308368070498496,0.0518085074165592,FALSE,16
2-3,-0.00348818348786723,0.0148934578831185,TRUE,16
3-3,-0.234426931420266,0.0292269528115728,TRUE,16
(Intercept):1,-1.02791683402,0.0430209514820154,TRUE,16
(Intercept):2,-1.54387169297911,0.0569954060495786,TRUE,16
Covariate:1,0.534215040527521,0.0675835947308366,TRUE,16
Covariate:2,-0.585907408446432,0.0755288764389983,TRUE,16
1-1,0.0373877851993982,0.0434009724588128,TRUE,16
1-2,-0.0246942152299368,0.0204783160175553,TRUE,16
1-3,-0.00597554572252795,0.0138205062627259,TRUE,16
2-2,0.20899139239781,0.0519136806300235,TRUE,16
2-3,-0.0183900233061224,0.0161279204543081,TRUE,16
3-3,-0.198347598387525,0.0274105541127678,TRUE,16
(Intercept):1,-1.06438308228057,0.0408918653208575,TRUE,16
(Intercept):2,-1.6421713163338,0.0567455230675725,TRUE,16
Covariate:1,0.54836998286337,0.0668754609593879,TRUE,16
Covariate:2,-0.627371353097702,0.0825361304717676,TRUE,16
1-1,0.0446326076052447,0.043780053452591,TRUE,16
1-2,-0.0166865300462813,0.0211214134372893,TRUE,16
1-3,-0.0145032753620251,0.0134868355082531,TRUE,16
2-2,0.224234167197688,0.0520378874775007,TRUE,16
2-3,-0.00657252774909631,0.0155537428611986,TRUE,16
3-3,-0.23950920557104,0.0284039211045123,TRUE,16
(Intercept):1,-1.04083377401943,0.0406632121311216,TRUE,16
(Intercept):2,-1.66859027494622,0.0566892795754917,TRUE,16
Covariate:1,0.49721371315685,0.0608310469701011,TRUE,16
Covariate:2,-0.574831332525937,0.0764568128866988,TRUE,16
1-1,0.146348094857233,0.0363560844726939,TRUE,16
1-2,0.0186565244845778,0.0207954299363345,TRUE,16
1-3,-0.015958180185941,0.0135045401019157,TRUE,16
2-2,0.122443841148092,0.0586787819298812,TRUE,16
2-3,0.0155422467758673,0.0156800778618095,TRUE,16
3-3,-0.176973137555271,0.0271462769528863,TRUE,16
(Intercept):1,-1.055656110003,0.0397106741996012,TRUE,16
(Intercept):2,-1.48434371813315,0.0540884971309908,FALSE,16
Covariate:1,0.526301477377642,0.0607982390928974,TRUE,16
Covariate:2,-0.420745080380518,0.0785149717478432,TRUE,16
1-1,0.135952803856496,0.0380888653506753,TRUE,16
1-2,-0.030014567401572,0.0200919612839268,TRUE,16
1-3,-0.0360943418049512,0.0133278522456119,FALSE,16
2-2,-0.0171993705365788,0.0643983387189072,FALSE,16
2-3,-0.0638339476462223,0.0161015102164641,FALSE,16
3-3,-0.305706548743683,0.0296132872564762,FALSE,16
(Intercept):1,-1.06795690607818,0.0422578287250184,TRUE,16
(Intercept):2,-1.61903023382189,0.0571701436935521,TRUE,16
Covariate:1,0.445407358950205,0.0652720391408778,TRUE,16
Covariate:2,-0.492342200525196,0.0751248264250057,TRUE,16
1-1,0.115676684241002,0.0407024331583489,TRUE,16
1-2,0.00430298118664086,0.0220239774428245,TRUE,16
1-3,-0.00912051637793598,0.0132839762040323,TRUE,16
2-2,0.249754927210921,0.0521721179070298,TRUE,16
2-3,0.00113043190463038,0.015999687930341,TRUE,16
3-3,-0.219380030853327,0.0296021000515914,TRUE,16
(Intercept):1,-1.10826345375513,0.0449894166261684,TRUE,16
(Intercept):2,-1.68996046275578,0.0588766550464175,TRUE,16
Covariate:1,0.489589815698251,0.0630172460771925,TRUE,16
Covariate:2,-0.52375626993931,0.0751950219195231,TRUE,16
1-1,0.0816809516612514,0.0429679359002784,TRUE,16
1-2,0.0539965414236915,0.0204977825672551,FALSE,16
1-3,-0.00131068334064498,0.0140021545914007,TRUE,16
2-2,0.258990872950368,0.0530785263814484,TRUE,16
2-3,0.0115144601450682,0.016557459473842,TRUE,16
3-3,-0.223616114714088,0.0294913495967294,TRUE,16
(Intercept):1,-1.05552260630777,0.0425826860408626,TRUE,16
(Intercept):2,-1.6136328319267,0.0571181083571015,TRUE,16
Covariate:1,0.470230401053713,0.0631601879495871,TRUE,16
Covariate:2,-0.580840713423051,0.078601017772598,TRUE,16
1-1,0.153560801012732,0.0357159758127849,TRUE,16
1-2,-0.00651969946130738,0.0201887765676762,TRUE,16
1-3,-0.0178993418464254,0.0134151469261745,TRUE,16
2-2,0.0962777050342386,0.0584277226779928,TRUE,16
2-3,-0.00169650399496219,0.0161067289159308,TRUE,16
3-3,-0.209939886048158,0.0270086881617453,TRUE,16
(Intercept):1,-1.07927506699048,0.0418948481049067,TRUE,16
(Intercept):2,-1.54598942039568,0.0561357529853538,TRUE,16
Covariate:1,0.483413954968414,0.0605076877621513,TRUE,16
Covariate:2,-0.492738283427408,0.075398995386784,TRUE,16
1-1,0.0495066196708373,0.0421302766139273,TRUE,16
1-2,0.0225990208397971,0.0209637859525607,TRUE,16
1-3,0.000680480802045404,0.0130545951627595,TRUE,16
2-2,0.236233561538182,0.0522928506854554,TRUE,16
2-3,-0.0183663882309703,0.015256892668887,TRUE,16
3-3,-0.193080248663943,0.0282253674386322,TRUE,16
(Intercept):1,-1.12831656175415,0.0429924996286121,TRUE,16
(Intercept):2,-1.68918401092533,0.0575402557688977,TRUE,16
Covariate:1,0.481045621499535,0.0646183928669882,TRUE,16
Covariate:2,-0.531241863731171,0.0809521744247067,TRUE,16
1-1,0.084307558661241,0.0393953003189835,TRUE,16
1-2,0.00261695191037425,0.0204941099450243,TRUE,16
1-3,-0.00684017165037024,0.0132577792819073,TRUE,16
2-2,0.162815759030255,0.0664195155185041,TRUE,16
2-3,0.00121768109962392,0.015198082606552,TRUE,16
3-3,-0.233458783841958,0.0294769762624022,TRUE,16
(Intercept):1,-1.02372920994681,0.0419371685653474,TRUE,16
(Intercept):2,-1.58135551185784,0.0578219685787998,TRUE,16
Covariate:1,0.506328834934274,0.063077822092282,TRUE,16
Covariate:2,-0.524784893260455,0.0732060363806493,TRUE,16
1-1,0.0839070311013623,0.039268928669425,TRUE,16
1-2,-0.0141801630677994,0.0210018912106152,TRUE,16
1-3,0.00370977949088589,0.01393146707361,TRUE,16
2-2,0.105639665194369,0.0611450349388497,TRUE,16
2-3,0.000191763828554377,0.0162667554511386,TRUE,16
3-3,-0.22647124210137,0.029872145679869,TRUE,16
(Intercept):1,-1.12071809177823,0.042370530180244,TRUE,16
(Intercept):2,-1.62297540418764,0.0549626060788743,TRUE,16
Covariate:1,0.447965504177748,0.0658265911951173,TRUE,16
Covariate:2,-0.541563752649879,0.0767940866652462,TRUE,16
1-1,0.0887307058098029,0.0419412407198621,TRUE,16
1-2,0.0312934709797927,0.0213759700833478,TRUE,16
1-3,-0.0159331250262079,0.0140876898126808,TRUE,16
2-2,0.253053622584626,0.0559903434707465,TRUE,16
2-3,-0.0279832136025067,0.0157381038109785,TRUE,16
3-3,-0.235164192813794,0.030142908193554,TRUE,16
(Intercept):1,-1.08902532083095,0.0418657346446596,TRUE,16
(Intercept):2,-1.52420590344587,0.0567381900371183,TRUE,16
Covariate:1,0.551693545328032,0.064650811408703,TRUE,16
Covariate:2,-0.424165049795146,0.0746258650800084,TRUE,16
1-1,0.100887261591079,0.0406316662643838,TRUE,16
1-2,-0.0161045941476827,0.0195261089381572,TRUE,16
1-3,-0.0213797369066762,0.0136645686583916,TRUE,16
2-2,0.10662664863516,0.0599994009844971,TRUE,16
2-3,-0.0257059673306819,0.0156407392418303,TRUE,16
3-3,-0.254791482731481,0.0285736814367515,TRUE,16
(Intercept):1,-1.16470985614986,0.0431450410964768,TRUE,16
(Intercept):2,-1.5695719067255,0.0575479988297539,TRUE,16
Covariate:1,0.551883580596503,0.0642402155823237,TRUE,16
Covariate:2,-0.383658116434714,0.0803569609927755,TRUE,16
1-1,0.0984650786106168,0.039352719574806,TRUE,16
1-2,-0.0187817138738579,0.0216952286246698,TRUE,16
1-3,0.0182421493139661,0.0141601417516329,TRUE,16
2-2,0.0720635774822297,0.0622252589322227,TRUE,16
2-3,0.00285236126099662,0.0159227930174486,TRUE,16
3-3,-0.249147967792986,0.0302946320865309,TRUE,16
(Intercept):1,-1.07711929770338,0.0427644920061351,TRUE,16
(Intercept):2,-1.59857566988161,0.0577769485829454,TRUE,16
Covariate:1,0.513273733407717,0.0644375136803257,TRUE,16
Covariate:2,-0.377569722568405,0.0791397828569721,TRUE,16
1-1,0.0732408462843989,0.0379791084816857,TRUE,16
1-2,-0.00690055640540725,0.0213782695528367,TRUE,16
1-3,0.012084064146365,0.0143845101964586,TRUE,16
2-2,0.172986004795555,0.0576514030335476,TRUE,16
2-3,0.00771807599011686,0.016547227351165,TRUE,16
3-3,-0.268352367352929,0.0306446344305099,TRUE,16
(Intercept):1,-1.07033463666288,0.0428272382969763,TRUE,16
(Intercept):2,-1.65352222669473,0.0583802785545215,TRUE,16
Covariate:1,0.498853941238933,0.0624864452398473,TRUE,16
Covariate:2,-0.525640518753242,0.0768937798324956,TRUE,16
1-1,0.083027310252195,0.0415044235565034,TRUE,16
1-2,-0.00478109807421959,0.0214003158310874,TRUE,16
1-3,-0.00348525696611302,0.0141990738576005,TRUE,16
2-2,0.128660173722279,0.0635381938881293,TRUE,16
2-3,0.0181643242367185,0.0152846727942761,TRUE,16
3-3,-0.197068500877531,0.0280839581738033,TRUE,16
(Intercept):1,-1.03228309036668,0.0448320824346995,TRUE,16
(Intercept):2,-1.54018786185549,0.054359648542501,TRUE,16
Covariate:1,0.537474512319767,0.062871636272906,TRUE,16
Covariate:2,-0.488100218161058,0.0745777913963837,TRUE,16
1-1,0.0679565000751712,0.0452015732467726,TRUE,16
1-2,-0.0278798319939349,0.0210108771658451,TRUE,16
1-3,-0.0140395023890526,0.0133979237080673,TRUE,16
2-2,0.163407558916983,0.0562441914321027,TRUE,16
2-3,-0.01139450142084,0.0159095208189691,TRUE,16
3-3,-0.223955892404644,0.0287813837620905,TRUE,16
(Intercept):1,-1.07865163261287,0.042838968999657,TRUE,16
(Intercept):2,-1.59764427416954,0.0564644301267055,TRUE,16
Covariate:1,0.374142424951654,0.0628128524084361,FALSE,16
Covariate:2,-0.558956911309417,0.0768304590440308,TRUE,16
1-1,0.0934911943002539,0.039095821086018,TRUE,16
1-2,-0.0229919675611975,0.0205884528347442,TRUE,16
1-3,-0.0269684685636543,0.0132522859493978,FALSE,16
2-2,0.169432857114807,0.0543720319301825,TRUE,16
2-3,-0.0191564137912805,0.0151499848322043,TRUE,16
3-3,-0.256540291396542,0.0291886639344255,TRUE,16
(Intercept):1,-1.13291404283313,0.0432173006001158,TRUE,16
(Intercept):2,-1.64584069104264,0.0580618091926747,TRUE,16
Covariate:1,0.575572060061738,0.0680324226445314,TRUE,16
Covariate:2,-0.499185941981849,0.076773247965542,TRUE,16
1-1,0.0816391221983838,0.0436568724985439,TRUE,16
1-2,0.0077338276672448,0.021799958457741,TRUE,16
1-3,0.0188275701077076,0.0144780769124417,TRUE,16
2-2,0.25902055888571,0.0530556246289249,TRUE,16
2-3,0.0273759844918465,0.015254779805631,TRUE,16
3-3,-0.189301134252294,0.0294080379313798,TRUE,16
(Intercept):1,-1.05855913523344,0.0442286189670304,TRUE,16
(Intercept):2,-1.60007112687692,0.0569183161189408,TRUE,16
Covariate:1,0.427391615400977,0.0659703790888812,TRUE,16
Covariate:2,-0.498720210140815,0.0788296577505494,TRUE,16
1-1,0.0564658970507881,0.0410894869124984,TRUE,16
1-2,-0.0200266007815894,0.0210431887611876,TRUE,16
1-3,-0.00197302849642342,0.0135104087943931,TRUE,16
2-2,0.235278697730349,0.0561457733706252,TRUE,16
2-3,-0.0017340604481095,0.016164423270924,TRUE,16
3-3,-0.232606082050779,0.0278970093405181,TRUE,16
(Intercept):1,-1.08585055096567,0.0426730897433707,TRUE,16
(Intercept):2,-1.61702008244376,0.0588932796744878,TRUE,16
Covariate:1,0.413310170758978,0.0631934914373172,TRUE,16
Covariate:2,-0.469534770076927,0.075569191675427,TRUE,16
1-1,0.108349393710193,0.0402593359314862,TRUE,16
1-2,-0.0181635528443905,0.0212335713956252,TRUE,16
1-3,-0.024254214700454,0.0139575164591534,TRUE,16
2-2,0.219159160867993,0.053017179728527,TRUE,16
2-3,-0.0293615254177436,0.0160671705559397,TRUE,16
3-3,-0.223366684632298,0.0292631442842262,TRUE,16
(Intercept):1,-1.11787595948502,0.0440939579742353,TRUE,16
(Intercept):2,-1.59154135808593,0.0584439039078913,TRUE,16
Covariate:1,0.47468248333496,0.0655576837083426,TRUE,16
Covariate:2,-0.496242053362717,0.0739605853537069,TRUE,16
1-1,0.0888738575518753,0.042955945147232,TRUE,16
1-2,0.0304843679917256,0.0215503710021529,TRUE,16
1-3,-0.00345491222416563,0.0137958933926301,TRUE,16
2-2,0.162038313448229,0.0551541479153858,TRUE,16
2-3,-0.023173469249359,0.0164111447038965,TRUE,16
3-3,-0.214213523762316,0.0291542449782491,TRUE,16
(Intercept):1,-1.1131490556896,0.0406611512544215,TRUE,16
(Intercept):2,-1.58622099054366,0.0582565441585263,TRUE,16
Covariate:1,0.489416743115445,0.0641162993527041,TRUE,16
Covariate:2,-0.594497990214548,0.0755056406198187,TRUE,16
1-1,0.171660958236376,0.0408421560831964,TRUE,16
1-2,0.0112319506748313,0.0211360655090133,TRUE,16
1-3,0.00721427939793265,0.0135849288573861,TRUE,16
2-2,0.20838986474885,0.0607714774161601,TRUE,16
2-3,0.000925309392720843,0.01667062897411,TRUE,16
3-3,-0.177173825532445,0.0283427663022856,TRUE,16
(Intercept):1,-1.188617848114,0.0449687446307631,FALSE,16
(Intercept):2,-1.63608334807093,0.0549036142631258,TRUE,16
Covariate:1,0.500430777943189,0.0649775512232324,TRUE,16
Covariate:2,-0.488028585496406,0.0739338497370659,TRUE,16
1-1,0.0830271364559935,0.0379983846279522,TRUE,16
1-2,0.00585778853360201,0.0209423210179772,TRUE,16
1-3,0.00613155097768994,0.0137860419850553,TRUE,16
2-2,0.141392953966422,0.0612905575399955,TRUE,16
2-3,0.00132716679841279,0.0157039276595743,TRUE,16
3-3,-0.259316857950951,0.0294539111870569,TRUE,16
(Intercept):1,-1.05037440671674,0.0435826877264788,TRUE,16
(Intercept):2,-1.58527102372045,0.0588691898762374,TRUE,16
Covariate:1,0.543282802365042,0.060875487333764,TRUE,16
Covariate:2,-0.529852737188867,0.0770505463708784,TRUE,16
1-1,0.0978298303042562,0.0414541618138105,TRUE,16
1-2,-0.0252575043617919,0.0218372132939972,TRUE,16
1-3,-0.0178297725084937,0.0139206956959438,TRUE,16
2-2,0.187049032104476,0.0590209560416065,TRUE,16
2-3,-0.0174877869843617,0.0162094957558873,TRUE,16
3-3,-0.219406100818056,0.0288435460415023,TRUE,16
(Intercept):1,-1.12121529749774,0.0417117314161953,TRUE,16
(Intercept):2,-1.58807905877288,0.0558694891660838,TRUE,16
Covariate:1,0.414714880621145,0.0622748136468982,TRUE,16
Covariate:2,-0.55209283413888,0.0790639069176215,TRUE,16
1-1,0.105742167281465,0.042322826706589,TRUE,16
1-2,0.0111576704241109,0.0201954137913935,TRUE,16
1-3,0.00780420136657711,0.0136547568689594,TRUE,16
2-2,0.208785894318317,0.0567469974543458,TRUE,16
2-3,-0.0102325639006431,0.0152810181198717,TRUE,16
3-3,-0.198880256636605,0.0285067779965157,TRUE,16
(Intercept):1,-1.11816060930986,0.0444513231003949,TRUE,16
(Intercept):2,-1.63643786059785,0.0575771104417037,TRUE,16
Covariate:1,0.487550284960503,0.0653250919587564,TRUE,16
Covariate:2,-0.43797306615105,0.0774367503175145,TRUE,16
1-1,0.0956041970126438,0.0374520168074253,TRUE,16
1-2,-0.00122734034758265,0.0199377362804408,TRUE,16
1-3,-0.00989479370463908,0.0139053305857047,TRUE,16
2-2,0.208894386639888,0.0580592865385532,TRUE,16
2-3,-0.0325009849003653,0.0159380628259423,FALSE,16
3-3,-0.263307227617395,0.0297305563193714,TRUE,16
(Intercept):1,-1.07540713027333,0.0429044534664957,TRUE,16
(Intercept):2,-1.57651645996827,0.0556943838989554,TRUE,16
Covariate:1,0.404692331867177,0.0663767108554091,TRUE,16
Covariate:2,-0.528353949978752,0.0760913619350977,TRUE,16
1-1,0.0730271196185105,0.0403208407897624,TRUE,16
1-2,-0.0437342945280964,0.0215061205886816,FALSE,16
1-3,-0.00495412436689428,0.0140478359668603,TRUE,16
2-2,0.170922381208352,0.0557163728818944,TRUE,16
2-3,-0.00736440604341783,0.0161569119291829,TRUE,16
3-3,-0.226453028288801,0.0286387808046938,TRUE,16
(Intercept):1,-1.07475201479716,0.0420207400472599,TRUE,16
(Intercept):2,-1.53535222874498,0.055630441517279,TRUE,16
Covariate:1,0.500132161402942,0.067185251075312,TRUE,16
Covariate:2,-0.388112332005849,0.071878688034374,TRUE,16
1-1,0.102047030322795,0.0415421856794253,TRUE,16
1-2,-0.0211415225059089,0.0214627553724706,TRUE,16
1-3,-0.0234534274455195,0.0137362901777111,TRUE,16
2-2,0.142230213274156,0.0558023975816212,TRUE,16
2-3,-0.0267473761175017,0.0158724643875137,TRUE,16
3-3,-0.236607279230156,0.0300373926789517,TRUE,16
(Intercept):1,-1.13902508969102,0.0427609764631502,TRUE,16
(Intercept):2,-1.68008923618203,0.057682521325265,TRUE,16
Covariate:1,0.562586727705777,0.067748561747601,TRUE,16
Covariate:2,-0.433398166188906,0.0785862258090962,TRUE,16
1-1,0.170689861836125,0.0379942002156301,FALSE,16
1-2,0.00934456121980596,0.0216729174172361,TRUE,16
1-3,-0.0180986969420297,0.0132214711101278,TRUE,16
2-2,0.179598176972371,0.0650306834217231,TRUE,16
2-3,0.00100413974168093,0.0160202957433909,TRUE,16
3-3,-0.235952557500265,0.0282620650158186,TRUE,16
(Intercept):1,-1.0665347142205,0.0401283705067353,TRUE,16
(Intercept):2,-1.58900833029448,0.0562729914585972,TRUE,16
Covariate:1,0.573296275789919,0.0658943248396881,TRUE,16
Covariate:2,-0.386464624545664,0.0706387357089555,TRUE,16
1-1,0.126029619486202,0.0370456723168816,TRUE,16
1-2,0.0156854158368352,0.0193324406292135,TRUE,16
1-3,-0.0181885403256012,0.0134256632606659,TRUE,16
2-2,0.267077226284963,0.047243209063397,TRUE,16
2-3,-0.0249366474560536,0.0152787785064898,TRUE,16
3-3,-0.226091909419659,0.028003754051383,TRUE,16
(Intercept):1,-1.05823567563817,0.041519425685815,TRUE,16
(Intercept):2,-1.57325462965106,0.0568463123012313,TRUE,16
Covariate:1,0.5025459190037,0.0658296387428097,TRUE,16
Covariate:2,-0.423447078779875,0.0789178152616528,TRUE,16
1-1,0.121095292466,0.0375961857295557,TRUE,16
1-2,-0.0169202269719441,0.0217894295970269,TRUE,16
1-3,-0.00907374168921647,0.0137772137353805,TRUE,16
2-2,0.204702100638739,0.054305096662968,TRUE,16
2-3,-0.00790752010146267,0.0158211225719948,TRUE,16
3-3,-0.245187051452987,0.0289040424687464,TRUE,16
(Intercept):1,-1.02591565411156,0.0420106940149207,TRUE,16
(Intercept):2,-1.64334213183836,0.0597871552012178,TRUE,16
Covariate:1,0.480354158262254,0.0640098534652763,TRUE,16
Covariate:2,-0.494941277035822,0.0744442288973045,TRUE,16
1-1,0.0554922067469959,0.0413610725730458,TRUE,16
1-2,0.0173830333216125,0.0217246592825913,TRUE,16
1-3,-0.0187663160939047,0.0135030393259053,TRUE,16
2-2,0.157363345891965,0.05576148625264,TRUE,16
2-3,0.00578511503533837,0.0166498902218798,TRUE,16
3-3,-0.219724244264213,0.0298767207354035,TRUE,16
(Intercept):1,-1.13206935172871,0.0457043798243251,TRUE,16
(Intercept):2,-1.59148904065528,0.0575513705240741,TRUE,16
Covariate:1,0.476328329418745,0.0662619484531404,TRUE,16
Covariate:2,-0.532991391520222,0.0793528687484814,TRUE,16
1-1,0.124791359958729,0.0395736453383793,TRUE,16
1-2,-0.0348936324227702,0.0213852752615858,TRUE,16
1-3,0.00634844862026761,0.0142732563045925,TRUE,16
2-2,0.210294936480327,0.0580711781756052,TRUE,16
2-3,-0.00662821715864491,0.0155984044958744,TRUE,16
3-3,-0.234863253467292,0.029404147121775,TRUE,16
(Intercept):1,-1.09140292273509,0.0418631581571847,TRUE,16
(Intercept):2,-1.57908392927676,0.0555588388491146,TRUE,16
Covariate:1,0.468876171659588,0.0667752888089769,TRUE,16
Covariate:2,-0.692769172475057,0.0820026205016407,FALSE,16
1-1,0.0953215086244702,0.0386103760801809,TRUE,16
1-2,-0.0191424445375191,0.021517972697668,TRUE,16
1-3,-0.00186116455366935,0.0136532554411237,TRUE,16
2-2,0.174232129658087,0.0570429813384699,TRUE,16
2-3,-0.00411391368179155,0.0160633263964373,TRUE,16
3-3,-0.230054867381448,0.0279379289895963,TRUE,16
(Intercept):1,-1.07722984643086,0.0418917574245755,TRUE,16
(Intercept):2,-1.59497225891943,0.0569586107100231,TRUE,16
Covariate:1,0.46875199459194,0.0644928072019745,TRUE,16
Covariate:2,-0.522632389698116,0.0761527376518946,TRUE,16
1-1,0.0512259079011993,0.0435846711627523,TRUE,16
1-2,-0.0178895461421216,0.0213728231779009,TRUE,16
1-3,0.0129459351833682,0.0137706575531677,TRUE,16
2-2,0.30265600291426,0.0496140565752975,FALSE,16
2-3,-0.00978707299453015,0.0158904397277262,TRUE,16
3-3,-0.213057351643695,0.0298342073842526,TRUE,16
(Intercept):1,-1.11133513180449,0.0418932948027434,TRUE,16
(Intercept):2,-1.6107680397773,0.0581872181421393,TRUE,16
Covariate:1,0.527034311929445,0.0638053591439076,TRUE,16
Covariate:2,-0.457922781358482,0.0802436339301532,TRUE,16
1-1,0.0511211700341315,0.0428467107657522,TRUE,16
1-2,-0.0171603314128344,0.0220419215888786,TRUE,16
1-3,0.00694084848238585,0.0132970698375497,TRUE,16
2-2,0.219494511659714,0.0600287271643767,TRUE,16
2-3,-0.000258845483759266,0.016518317869467,TRUE,16
3-3,-0.225765226422694,0.0298628105983609,TRUE,16
(Intercept):1,-1.09567667803182,0.0436006235394325,TRUE,16
(Intercept):2,-1.69132528508453,0.0578383837506427,TRUE,16
Covariate:1,0.396508148087062,0.063209664662834,TRUE,16
Covariate:2,-0.567259384134648,0.0771095756995128,TRUE,16
1-1,0.0578081005962014,0.0428291202238131,TRUE,16
1-2,0.00482858974950112,0.0209180898782964,TRUE,16
1-3,-0.0236719852816142,0.0138650820200208,TRUE,16
2-2,0.170657787441151,0.0564154998370108,TRUE,16
2-3,-0.00710013481895391,0.0158129936253067,TRUE,16
3-3,-0.231875306964665,0.0289175298248349,TRUE,16
(Intercept):1,-1.13921557677016,0.0459530142046094,TRUE,16
(Intercept):2,-1.61182792460042,0.0593899741546909,TRUE,16
Covariate:1,0.532308887472894,0.0637737184803598,TRUE,16
Covariate:2,-0.571037272991165,0.0780773485721543,TRUE,16
1-1,0.104981458823569,0.0395746781402777,TRUE,16
1-2,-0.0187508905519095,0.022056606665928,TRUE,16
1-3,0.00697787102662645,0.0141607031907185,TRUE,16
2-2,0.223103393953752,0.0535471997298591,TRUE,16
2-3,-0.00463442206710219,0.0162564484831905,TRUE,16
3-3,-0.234512233403897,0.0306057945568304,TRUE,16
(Intercept):1,-1.01868411107945,0.043071932141004,TRUE,16
(Intercept):2,-1.59122109681254,0.0552660570493303,TRUE,16
Covariate:1,0.448080898080356,0.0654555424983437,TRUE,16
Covariate:2,-0.390099807937779,0.0759626560126697,TRUE,16
1-1,0.0801947757310219,0.0394515917105517,TRUE,16
1-2,-0.0130990261202211,0.0204691227277915,TRUE,16
1-3,-0.048816568714852,0.0138602644566106,FALSE,16
2-2,0.0822739475980482,0.0596747920994564,TRUE,16
2-3,-0.0214135505295802,0.0155224285453356,TRUE,16
3-3,-0.233092318176458,0.0277121357200242,TRUE,16
(Intercept):1,-1.09866833857292,0.0397566774485459,TRUE,16
(Intercept):2,-1.58844587236908,0.0581750236929354,TRUE,16
Covariate:1,0.595929835181267,0.0626377265035946,TRUE,16
Covariate:2,-0.406164847476135,0.0803441949128346,TRUE,16
1-1,0.0759694570993753,0.039914642179429,TRUE,16
1-2,-0.037156247843279,0.0217204613053503,TRUE,16
1-3,-0.0131456645105237,0.0138441443538821,TRUE,16
2-2,0.224395646273677,0.0551497285932222,TRUE,16
2-3,-0.0227707712307821,0.015188509908885,TRUE,16
3-3,-0.27882888087816,0.0299128432487759,TRUE,16
(Intercept):1,-1.0719862381676,0.0414190994909813,TRUE,16
(Intercept):2,-1.62465708028161,0.055233199334248,TRUE,16
Covariate:1,0.492495392255807,0.0654457654264497,TRUE,16
Covariate:2,-0.535674754500617,0.0778179440587546,TRUE,16
1-1,0.0734978789013437,0.0410968778023782,TRUE,16
1-2,-0.00791280277279512,0.0206533800313057,TRUE,16
1-3,0.00618910601986895,0.0138602960495252,TRUE,16
2-2,0.210465465184108,0.0578546223170847,TRUE,16
2-3,0.0108360030699344,0.0166254503008653,TRUE,16
3-3,-0.233975639223493,0.0309825601608911,TRUE,16
(Intercept):1,-1.05188197977971,0.0402452044379409,TRUE,16
(Intercept):2,-1.54280320472546,0.0553732899154254,TRUE,16
Covariate:1,0.50626076193819,0.0638954163243204,TRUE,16
Covariate:2,-0.443439860779495,0.0791486809729451,TRUE,16
1-1,0.0905295741976828,0.0381426891244634,TRUE,16
1-2,-0.0181150150924432,0.0218251421545967,TRUE,16
1-3,-0.00448223013162228,0.0138640663553409,TRUE,16
2-2,0.268107927410184,0.0501182760275503,TRUE,16
2-3,-0.0190496628639917,0.0161242659853257,TRUE,16
3-3,-0.207253971394025,0.028813614125786,TRUE,16
(Intercept):1,-1.17537013709908,0.0440933112770303,TRUE,16
(Intercept):2,-1.62436428806415,0.0572763655150849,TRUE,16
Covariate:1,0.567549442468519,0.0616563331707888,TRUE,16
Covariate:2,-0.459920054029349,0.0756005020530757,TRUE,16
1-1,0.149264477786618,0.0392583488837692,TRUE,16
1-2,0.0166839136622386,0.0220296406699861,TRUE,16
1-3,0.0075680432562706,0.0134712635049383,TRUE,16
2-2,0.227221317202013,0.0563784280297379,TRUE,16
2-3,-0.00383785438895452,0.0165541131267883,TRUE,16
3-3,-0.214983555851217,0.0302135209972028,TRUE,16
(Intercept):1,-1.06063216748464,0.0447783106987417,TRUE,16
(Intercept):2,-1.55251458880358,0.0561521111691392,TRUE,16
Covariate:1,0.531007939540026,0.0639498376031409,TRUE,16
Covariate:2,-0.508380898525453,0.0741608919877551,TRUE,16
1-1,0.0203952344416989,0.0406203367644398,TRUE,16
1-2,-0.00826090437397899,0.0215169728570563,TRUE,16
1-3,-0.0271327767492977,0.0144360628011051,TRUE,16
2-2,0.0929138103531684,0.0621562498307722,TRUE,16
2-3,-0.0175231551985242,0.0158571612127376,TRUE,16
3-3,-0.251105151928159,0.0303527958416668,TRUE,16
(Intercept):1,-1.05502839036312,0.0412145746754997,TRUE,16
(Intercept):2,-1.50375244539459,0.0597732266861588,TRUE,16
Covariate:1,0.473288733730386,0.059950867713802,TRUE,16
Covariate:2,-0.489617710362057,0.0742293750715391,TRUE,16
1-1,0.0645788153553245,0.0424867352227828,TRUE,16
1-2,-0.0317882029671967,0.0208112493840954,TRUE,16
1-3,-0.0322108012349733,0.0138053174275315,FALSE,16
2-2,0.182406783792108,0.0533812429092627,TRUE,16
2-3,-0.050655728418994,0.0161660621335672,FALSE,16
3-3,-0.284857083349593,0.0277635709936102,FALSE,16
(Intercept):1,-1.09301806538664,0.0430430430512617,TRUE,16
(Intercept):2,-1.6016405283221,0.0569678348605563,TRUE,16
Covariate:1,0.518021236764995,0.0631161012680458,TRUE,16
Covariate:2,-0.428941825209285,0.0811914969817699,TRUE,16
1-1,0.0967043584787262,0.0386196325726044,TRUE,16
1-2,0.0107883045879975,0.0213089360500978,TRUE,16
1-3,-0.00351136586811635,0.0140621885521365,TRUE,16
2-2,0.0948941609699355,0.0652774026583025,TRUE,16
2-3,-0.00145423531041637,0.0156810563752168,TRUE,16
3-3,-0.229270813314994,0.0293643437701012,TRUE,16
(Intercept):1,-1.14543955285924,0.0447629034030423,TRUE,16
(Intercept):2,-1.65700592009217,0.0608678199616636,TRUE,16
Covariate:1,0.519903023097887,0.0615617190868063,TRUE,16
Covariate:2,-0.65776078564261,0.0774696488844491,FALSE,16
1-1,0.113769736619765,0.0423780778124343,TRUE,16
1-2,0.0398295914813147,0.0213285499379841,TRUE,16
1-3,-0.0139219505235025,0.0136818100599333,TRUE,16
2-2,0.215277857677764,0.0596176335092569,TRUE,16
2-3,-0.0116648244606324,0.0164642548130731,TRUE,16
3-3,-0.191664118372588,0.0285234401425932,TRUE,16
(Intercept):1,-1.04355280215237,0.0396786970595719,TRUE,16
(Intercept):2,-1.61413126353014,0.0579589546773588,TRUE,16
Covariate:1,0.58771718796796,0.0649784394467992,TRUE,16
Covariate:2,-0.458031646269898,0.077738212706396,TRUE,16
1-1,0.0722123103200683,0.0378559315534694,TRUE,16
1-2,-0.0174713727716059,0.0204552929211091,TRUE,16
1-3,-0.0125212095581358,0.01278036789927,TRUE,16
2-2,0.127895110646376,0.0567308827191745,TRUE,16
2-3,-0.00155227141816546,0.0148227014202326,TRUE,16
3-3,-0.226069971573124,0.0271459865049638,TRUE,16
(Intercept):1,-1.06246317429077,0.0429656071368719,TRUE,16
(Intercept):2,-1.49608757183841,0.0541714880256592,FALSE,16
Covariate:1,0.37408141225049,0.0664646376832357,TRUE,16
Covariate:2,-0.475115583905003,0.0733379449420831,TRUE,16
1-1,0.128686714662323,0.0385761596799263,TRUE,16
1-2,0.00625274122151821,0.0211486713469009,TRUE,16
1-3,-0.00203325776196552,0.0147647438448358,TRUE,16
2-2,0.193297216204224,0.0559479589062039,TRUE,16
2-3,-0.00517040943642675,0.0161384354456244,TRUE,16
3-3,-0.146686920021721,0.0298719809049539,FALSE,16
(Intercept):1,-1.05290127763087,0.0411295274185135,TRUE,16
(Intercept):2,-1.62297529184511,0.0586867902983776,TRUE,16
Covariate:1,0.543001275286029,0.065429785661787,TRUE,16
Covariate:2,-0.443079248746425,0.077121156311693,TRUE,16
1-1,0.050911270013543,0.0394565121780727,TRUE,16
1-2,-0.0113296681360325,0.0206713172323015,TRUE,16
1-3,-0.0301789280594162,0.0140796089705023,FALSE,16
2-2,0.225695414495668,0.051205705335931,TRUE,16
2-3,-0.0135770027600837,0.0153497383374802,TRUE,16
3-3,-0.237194634888229,0.0277206527313683,TRUE,16
(Intercept):1,-1.0774289029726,0.0433356172806975,TRUE,16
(Intercept):2,-1.57833836243434,0.0556508473665949,TRUE,16
Covariate:1,0.616191489091077,0.0651444967997344,TRUE,16
Covariate:2,-0.340868760349861,0.0757441106689915,FALSE,16
1-1,0.0658565698933495,0.0414617185010913,TRUE,16
1-2,0.0192064867681421,0.0204468777731059,TRUE,16
1-3,-0.0102119060702184,0.0145976210104988,TRUE,16
2-2,0.0997945825983479,0.0621609465262965,TRUE,16
2-3,-0.00351489945577948,0.0155844573381958,TRUE,16
3-3,-0.219366597872901,0.0284367517214109,TRUE,16
(Intercept):1,-1.05012817010545,0.0451436731484792,TRUE,16
(Intercept):2,-1.56707382522719,0.0556455253122344,TRUE,16
Covariate:1,0.376464417745931,0.0638289810686937,TRUE,16
Covariate:2,-0.467980120294391,0.0763989088686607,TRUE,16
1-1,0.130276343180787,0.0402162359511301,TRUE,16
1-2,-0.0371363226893802,0.0210825632893642,TRUE,16
1-3,-0.0287033218613267,0.0133459348409236,FALSE,16
2-2,0.18606278038281,0.0560874547332351,TRUE,16
2-3,-0.000677669166078959,0.0149483108250524,TRUE,16
3-3,-0.207572331094521,0.0271201427622974,TRUE,16
(Intercept):1,-1.06264832977477,0.0401857397477508,TRUE,16
(Intercept):2,-1.65885940211832,0.0582832824051909,TRUE,16
Covariate:1,0.394656942123954,0.0661513330411827,TRUE,16
Covariate:2,-0.680176284390316,0.0793209081505098,FALSE,16
1-1,0.0981576559738741,0.0417653067662219,TRUE,16
1-2,-0.00651872081351539,0.0208905087661709,TRUE,16
1-3,-0.0094546332674717,0.0133580046682975,TRUE,16
2-2,0.2881658763366,0.0528709967646402,FALSE,16
2-3,0.00379249586536183,0.0157398663173202,TRUE,16
3-3,-0.234119069494625,0.0294071562895551,TRUE,16
(Intercept):1,-1.04676112773863,0.0422258304307629,TRUE,16
(Intercept):2,-1.63567055347331,0.0575701169920985,TRUE,16
Covariate:1,0.628345474682444,0.0635338918928467,FALSE,16
Covariate:2,-0.551495114296348,0.0816720478873861,TRUE,16
1-1,0.0479647340715913,0.0419143135440454,TRUE,16
1-2,-0.013155551979856,0.0209579073179772,TRUE,16
1-3,-0.00353546139983965,0.0134751430065226,TRUE,16
2-2,0.28951731377183,0.0538132120003176,FALSE,16
2-3,0.0178573167386021,0.0157022745690256,TRUE,16
3-3,-0.225791975905636,0.0290484816167399,TRUE,16
(Intercept):1,-1.1144470855044,0.041577282853442,TRUE,16
(Intercept):2,-1.64758013058892,0.0582217346964161,TRUE,16
Covariate:1,0.536772804335354,0.0595825580830368,TRUE,16
Covariate:2,-0.465204219927395,0.074390816706642,TRUE,16
1-1,0.0817086382842244,0.039362364827549,TRUE,16
1-2,0.007569688792704,0.0210074093866523,TRUE,16
1-3,-0.00601480330713935,0.0127933671783717,TRUE,16
2-2,0.116557813470881,0.0667809162573238,TRUE,16
2-3,-0.0154799576344721,0.0159804615641359,TRUE,16
3-3,-0.235048539970816,0.0284255018975961,TRUE,16
(Intercept):1,-1.04120242499275,0.0416293782090335,TRUE,16
(Intercept):2,-1.50074941851598,0.0570709606280518,TRUE,16
Covariate:1,0.495997435245016,0.0631736886894428,TRUE,16
Covariate:2,-0.471553488537651,0.0768832842136894,TRUE,16
1-1,0.0746599500363879,0.0412614370038584,TRUE,16
1-2,-0.039785973701701,0.0216786571802997,TRUE,16
1-3,-0.0328687859026934,0.0142406093437252,FALSE,16
2-2,0.120220929945714,0.0608847657336315,TRUE,16
2-3,-0.0502511192294264,0.0161658971854519,FALSE,16
3-3,-0.276068312491472,0.0306786481165306,TRUE,16
(Intercept):1,-1.12260523507881,0.0425896703358535,TRUE,16
(Intercept):2,-1.67104860626043,0.0569652986389804,TRUE,16
Covariate:1,0.576396295209277,0.0614434106544778,TRUE,16
Covariate:2,-0.509708711887181,0.0755040641867924,TRUE,16
1-1,0.0980622448542472,0.0425916186761638,TRUE,16
1-2,0.00498746449252911,0.0217114079879382,TRUE,16
1-3,-0.0109156443650007,0.0137578514856567,TRUE,16
2-2,0.242554672018481,0.0544408139176485,TRUE,16
2-3,-0.00106404566222163,0.0155063731137647,TRUE,16
3-3,-0.224547067620508,0.0288559390498085,TRUE,16
(Intercept):1,-1.10607788063634,0.0431444811401773,TRUE,16
(Intercept):2,-1.52550049231109,0.0529131974085951,TRUE,16
Covariate:1,0.399936076839859,0.0630410667948661,TRUE,16
Covariate:2,-0.49325939780132,0.074320502004388,TRUE,16
1-1,0.135426901784559,0.0371354422756845,TRUE,16
1-2,-0.0109945129619767,0.0195630174569716,TRUE,16
1-3,0.00479009921473093,0.013390341139538,TRUE,16
2-2,0.122077600787283,0.0603769549647736,TRUE,16
2-3,-0.0233532887554129,0.0156838429971474,TRUE,16
3-3,-0.212549167481576,0.0283504539375413,TRUE,16
(Intercept):1,-1.07246305307502,0.0444570086411789,TRUE,16
(Intercept):2,-1.63940347691691,0.0570968322492997,TRUE,16
Covariate:1,0.479353776684709,0.0641989783066109,TRUE,16
Covariate:2,-0.57052660697586,0.0742095151183504,TRUE,16
1-1,0.0722952445177558,0.0420383474251444,TRUE,16
1-2,0.0154115115486956,0.0214136355422202,TRUE,16
1-3,-0.0211671092917469,0.0136446718541665,TRUE,16
2-2,0.138475829829832,0.0593789376182877,TRUE,16
2-3,-0.0171594327594918,0.0153203338660617,TRUE,16
3-3,-0.242594324814833,0.0278623883310006,TRUE,16
(Intercept):1,-1.04677953831607,0.0416845794307109,TRUE,16
(Intercept):2,-1.59607067452584,0.0587561794700766,TRUE,16
Covariate:1,0.396075089922535,0.0622351613500124,TRUE,16
Covariate:2,-0.505698163806568,0.0749066396859772,TRUE,16
1-1,-0.00364568252340064,0.0404652106392392,FALSE,16
1-2,-0.00151930815078733,0.0211397802113801,TRUE,16
1-3,-0.00921924533909075,0.0137875983198373,TRUE,16
2-2,0.316867709908169,0.0555532253056339,FALSE,16
2-3,-0.0189633286380792,0.0157919513567089,TRUE,16
3-3,-0.261930412462474,0.0285626911161813,TRUE,16
(Intercept):1,-1.07442348665722,0.0434667263893808,TRUE,16
(Intercept):2,-1.59576571493199,0.0578250685898984,TRUE,16
Covariate:1,0.428166475747025,0.0642792230016032,TRUE,16
Covariate:2,-0.499262477131786,0.0749092356688282,TRUE,16
1-1,0.0106181515474473,0.0414673752835705,FALSE,16
1-2,0.00526786287826064,0.0206855182451199,TRUE,16
1-3,-0.0045922283495224,0.0139761319466633,TRUE,16
2-2,0.196659748662911,0.0607617062926461,TRUE,16
2-3,-0.0182760502856268,0.0163608345339305,TRUE,16
3-3,-0.240151472004038,0.0290714201327564,TRUE,16
(Intercept):1,-1.10585070757384,0.0443915182524276,TRUE,16
(Intercept):2,-1.73293965683334,0.0576507998197727,FALSE,16
Covariate:1,0.492784699863454,0.0675596231230641,TRUE,16
Covariate:2,-0.39791454062951,0.0794681945048936,TRUE,16
1-1,0.154166143507769,0.0416117402872019,TRUE,16
1-2,0.0204137156158944,0.0216760090449632,TRUE,16
1-3,-0.000398171064014937,0.0134994369873695,TRUE,16
2-2,0.228192106008957,0.0660697596060547,TRUE,16
2-3,0.0196868326667882,0.0162337047364177,TRUE,16
3-3,-0.209323696856826,0.0293541352854061,TRUE,16
(Intercept):1,-1.12680289422701,0.0424139338158,TRUE,16
(Intercept):2,-1.59424287488007,0.0567017274127088,TRUE,16
Covariate:1,0.368588528520875,0.0635295274889252,FALSE,16
Covariate:2,-0.557006297153905,0.0767094741016173,TRUE,16
1-1,0.167817414889806,0.0406304118815536,TRUE,16
1-2,0.00376491807999144,0.0199045181548324,TRUE,16
1-3,0.000207806358687405,0.0138927856607914,TRUE,16
2-2,0.220467967226849,0.0558919093528607,TRUE,16
2-3,-0.0108767713563861,0.0157408998727249,TRUE,16
3-3,-0.205979632738454,0.0267302054949001,TRUE,16
(Intercept):1,-1.12140513110236,0.0451713155321309,TRUE,16
(Intercept):2,-1.63143400298547,0.0589219782768139,TRUE,16
Covariate:1,0.705151616830636,0.0687878699748135,FALSE,16
Covariate:2,-0.438481114467142,0.0772127758288848,TRUE,16
1-1,0.00470591486599808,0.0464223016340197,TRUE,16
1-2,-0.00587739127098601,0.0229366740021099,TRUE,16
1-3,-0.0232277942818189,0.0142230509699192,TRUE,16
2-2,0.0732970920703882,0.0633141204794744,TRUE,16
2-3,-0.0167403733391279,0.0164099781413999,TRUE,16
3-3,-0.279691659962845,0.0295946877025833,TRUE,16
(Intercept):1,-1.05578339930559,0.0420246703577879,TRUE,16
(Intercept):2,-1.55603313629071,0.0576506912026796,TRUE,16
Covariate:1,0.488644444255603,0.0692476094707463,TRUE,16
Covariate:2,-0.497395776269898,0.0792424944679033,TRUE,16
1-1,0.0567847903161324,0.0405658263783161,TRUE,16
1-2,-0.00836708409282285,0.0223737393149393,TRUE,16
1-3,-0.0155104321808722,0.013656148386324,TRUE,16
2-2,0.0405746174571143,0.066470625512215,FALSE,16
2-3,0.000964565896281675,0.0150312840520955,TRUE,16
3-3,-0.189929378037644,0.0283704585081134,TRUE,16
(Intercept):1,-1.10100902014413,0.0436299554076542,TRUE,16
(Intercept):2,-1.55536029037101,0.0554498031061788,TRUE,16
Covariate:1,0.528435271253389,0.066243998171404,TRUE,16
Covariate:2,-0.518291629642935,0.0744237936121735,TRUE,16
1-1,0.121251126890731,0.040874710780174,TRUE,16
1-2,-0.00445593674703413,0.0212318271320506,TRUE,16
1-3,0.00251645760600657,0.0141866589869933,TRUE,16
2-2,0.200288892514681,0.0571625316068063,TRUE,16
2-3,-0.0169649114736911,0.014855764739164,TRUE,16
3-3,-0.206769507930181,0.0298927124225269,TRUE,16
(Intercept):1,-1.0859238127306,0.0429025094377338,TRUE,16
(Intercept):2,-1.57409400049243,0.0535387440624064,TRUE,16
Covariate:1,0.462356869386323,0.0657855056135854,TRUE,16
Covariate:2,-0.487933442612423,0.0770044016987399,TRUE,16
1-1,0.0755372761227953,0.0449998571561564,TRUE,16
1-2,-0.0246300989525687,0.0202670245495144,TRUE,16
1-3,-0.00435537211997805,0.0139853030369509,TRUE,16
2-2,0.227846798829909,0.055877569846471,TRUE,16
2-3,0.000805379309975294,0.0161926494888631,TRUE,16
3-3,-0.202263837147981,0.028717526241528,TRUE,16
(Intercept):1,-1.15137259021987,0.0418264850025877,TRUE,16
(Intercept):2,-1.58674854806683,0.0585141487123233,TRUE,16
Covariate:1,0.555286315007163,0.0680562718640803,TRUE,16
Covariate:2,-0.58196692191957,0.0781068350117742,TRUE,16
1-1,0.154189442449639,0.0412811345529006,TRUE,16
1-2,0.015978081687291,0.0215718177133882,TRUE,16
1-3,-0.012481199921251,0.0139952543757769,TRUE,16
2-2,0.102618272173413,0.0556250947144461,TRUE,16
2-3,-0.020523008458273,0.0159955891638603,TRUE,16
3-3,-0.217258950038596,0.0281884712912206,TRUE,16
(Intercept):1,-1.0897373377397,0.0454821416408796,TRUE,16
(Intercept):2,-1.52969144639543,0.0589540769207339,TRUE,16
Covariate:1,0.467484220367688,0.0684670960701076,TRUE,16
Covariate:2,-0.424710656084014,0.0768571078319008,TRUE,16
1-1,0.0755663386723857,0.0471919011160717,TRUE,16
1-2,-0.00143032576328356,0.0229842789555363,TRUE,16
1-3,-0.0105810166643681,0.0146358988831919,TRUE,16
2-2,0.142843760448603,0.0568745002528063,TRUE,16
2-3,-0.000127341010687864,0.0169658914612132,TRUE,16
3-3,-0.167230453106341,0.0285499142491438,TRUE,16
(Intercept):1,-1.05832262675814,0.041416019044469,TRUE,16
(Intercept):2,-1.55311969148152,0.056136849738068,TRUE,16
Covariate:1,0.485072913475391,0.0621835036078787,TRUE,16
Covariate:2,-0.342547349426967,0.076830724938853,FALSE,16
1-1,0.081094169272444,0.044140334127099,TRUE,16
1-2,-0.0168153618011714,0.0204693723733642,TRUE,16
1-3,-0.00451729086356537,0.0139865718572094,TRUE,16
2-2,0.23229441070791,0.0530288748906141,TRUE,16
2-3,-0.0266732499635613,0.0161569506296536,TRUE,16
3-3,-0.236517444126617,0.0290613028159979,TRUE,16
(Intercept):1,-1.04333815726557,0.0438413748589515,TRUE,16
(Intercept):2,-1.57258707510166,0.0601451908310331,TRUE,16
Covariate:1,0.489243181055656,0.064988112244565,TRUE,16
Covariate:2,-0.472221114592969,0.0761269980006468,TRUE,16
1-1,0.0542780554123763,0.0432432459244884,TRUE,16
1-2,-0.0267569135950103,0.0211124414888932,TRUE,16
1-3,-0.0192557465073109,0.0141688489154514,TRUE,16
2-2,0.0971263248084229,0.0573095417494303,TRUE,16
2-3,-0.0200225423632978,0.0167388044615651,TRUE,16
3-3,-0.25837885095615,0.0293745972835328,TRUE,16
(Intercept):1,-1.09481783530113,0.0437036459591102,TRUE,16
(Intercept):2,-1.64104841415531,0.0627770108717236,TRUE,16
Covariate:1,0.534588320075925,0.0633679373620622,TRUE,16
Covariate:2,-0.53784747680122,0.0802332812367458,TRUE,16
1-1,0.0811740321455764,0.040433925355391,TRUE,16
1-2,0.0119729939229198,0.0228841271405869,TRUE,16
1-3,0.00836427670829943,0.0144342844074215,TRUE,16
2-2,0.189889135805545,0.0594389647653652,TRUE,16
2-3,0.00907432517087119,0.0172277715205894,TRUE,16
3-3,-0.189483715557604,0.0303540164938029,TRUE,16
(Intercept):1,-1.10546309367814,0.0428772953304402,TRUE,16
(Intercept):2,-1.62292546874067,0.0572945557950128,TRUE,16
Covariate:1,0.53049152502284,0.0612881928259769,TRUE,16
Covariate:2,-0.446012391866379,0.0757731113077054,TRUE,16
1-1,0.0656774972485978,0.043294170910656,TRUE,16
1-2,0.0107117894210719,0.0201288408179279,TRUE,16
1-3,-0.0143040795320586,0.0133595831774756,TRUE,16
2-2,0.17322792045168,0.0463798139557845,TRUE,16
2-3,-0.00159561534312807,0.0150707488974666,TRUE,16
3-3,-0.249884874025391,0.0284115882504858,TRUE,16
(Intercept):1,-1.07567394853285,0.0418394350504067,TRUE,16
(Intercept):2,-1.52274484143465,0.0553235836201351,TRUE,16
Covariate:1,0.428482429598541,0.0645429717078853,TRUE,16
Covariate:2,-0.464086459236027,0.0725475426034685,TRUE,16
1-1,0.128153832938321,0.0426785787782163,TRUE,16
1-2,-0.0281904179259486,0.0223935277837151,TRUE,16
1-3,-0.0103953931411938,0.0142453105689363,TRUE,16
2-2,0.254881552449932,0.0549593934954431,TRUE,16
2-3,-0.020412105826101,0.0168735023007294,TRUE,16
3-3,-0.230634336393854,0.0279957182997839,TRUE,16
(Intercept):1,-1.09589656356211,0.0430770120435336,TRUE,16
(Intercept):2,-1.64662193149349,0.0556143958712757,TRUE,16
Covariate:1,0.486137583015885,0.0650751123692529,TRUE,16
Covariate:2,-0.589553390222782,0.07748194904362,TRUE,16
1-1,0.0689908223892133,0.0413917759683313,TRUE,16
1-2,0.0131799890163691,0.0208681442313827,TRUE,16
1-3,0.00424315318726889,0.0134622337477649,TRUE,16
2-2,0.222244006128697,0.0563762495683099,TRUE,16
2-3,0.00940464828104445,0.0148035315968285,TRUE,16
3-3,-0.178159088412226,0.0268807057931279,TRUE,16
(Intercept):1,-1.07777544576395,0.0422264504497605,TRUE,16
(Intercept):2,-1.60541753205056,0.0569677381645473,TRUE,16
Covariate:1,0.534068465922137,0.059893077495153,TRUE,16
Covariate:2,-0.4525782348238,0.0739634598731543,TRUE,16
1-1,0.0887126667450437,0.0406073272092335,TRUE,16
1-2,-0.00405491389142424,0.0211520155738252,TRUE,16
1-3,-0.0148512014102347,0.0145303096638637,TRUE,16
2-2,0.181378620329852,0.0507181642613769,TRUE,16
2-3,-0.00671966136724257,0.0159278537728755,TRUE,16
3-3,-0.208217368578139,0.0286551321171337,TRUE,16
(Intercept):1,-1.04859514679249,0.042562729601815,TRUE,16
(Intercept):2,-1.47755349132001,0.0529459166835598,FALSE,16
Covariate:1,0.549813559031358,0.0594771219231202,TRUE,16
Covariate:2,-0.427934962449102,0.0720728529327403,TRUE,16
1-1,0.0741502314377121,0.0384176055046076,TRUE,16
1-2,-0.0348976064433408,0.0210846654554696,TRUE,16
1-3,-0.0113636950922203,0.0137104368481703,TRUE,16
2-2,0.106248138536345,0.0672025354353965,TRUE,16
2-3,-0.0346826719265115,0.0155820662576118,FALSE,16
3-3,-0.238819442031924,0.0284908564642613,TRUE,16
(Intercept):1,-1.13718077161209,0.0439856179352425,TRUE,16
(Intercept):2,-1.69691500241115,0.0557059149359733,TRUE,16
Covariate:1,0.399217297754803,0.0653354348655662,TRUE,16
Covariate:2,-0.497984576997395,0.0806215807757492,TRUE,16
1-1,0.0414365165773936,0.0423389101256144,TRUE,16
1-2,0.0588591583043771,0.0211003023912962,FALSE,16
1-3,-0.0128051363991808,0.014021878915359,TRUE,16
2-2,0.0669189600329727,0.0612593594754443,TRUE,16
2-3,-0.00785894825656019,0.0152301964739816,TRUE,16
3-3,-0.246028910543525,0.0296491146580194,TRUE,16
(Intercept):1,-1.11311926777797,0.0424057645581507,TRUE,16
(Intercept):2,-1.51538637201367,0.0543637334440646,TRUE,16
Covariate:1,0.451837464047053,0.0618944299884834,TRUE,16
Covariate:2,-0.51706780666202,0.0747841046955301,TRUE,16
1-1,0.119241850828309,0.0374296635179496,TRUE,16
1-2,-0.00120113932314567,0.0194067536642495,TRUE,16
1-3,-0.00963063561785858,0.0138054765616011,TRUE,16
2-2,0.0950249441315905,0.0551807900204844,TRUE,16
2-3,-0.0181269404451021,0.0163602604493727,TRUE,16
3-3,-0.247502069321194,0.0288839695981472,TRUE,16
(Intercept):1,-1.1382540574967,0.0446197299607776,TRUE,16
(Intercept):2,-1.53976083396375,0.0553142065490246,TRUE,16
Covariate:1,0.635988981643473,0.0682497204070642,FALSE,16
Covariate:2,-0.389033809366324,0.0772261585684251,TRUE,16
1-1,0.156255854882785,0.0450939477453361,TRUE,16
1-2,-0.00177505710008604,0.0215208644325943,TRUE,16
1-3,0.0223112317289106,0.0145418408902645,TRUE,16
2-2,0.164767192491283,0.0634529828143085,TRUE,16
2-3,0.0123826491346013,0.0153526908477502,TRUE,16
3-3,-0.185855995973632,0.0283124476920007,TRUE,16
(Intercept):1,-1.09047714455343,0.0434016060665443,TRUE,16
(Intercept):2,-1.63516113318019,0.0614061425089288,TRUE,16
Covariate:1,0.395035778053642,0.0638400934736965,TRUE,16
Covariate:2,-0.569151254627988,0.079522092009926,TRUE,16
1-1,0.097448551305899,0.0409359578777906,TRUE,16
1-2,-0.0194754843124704,0.0210928270899441,TRUE,16
1-3,-0.00635536014921073,0.0139173912026628,TRUE,16
2-2,0.217212215126205,0.0562192095756832,TRUE,16
2-3,0.0122856148172466,0.0159954466800093,TRUE,16
3-3,-0.227315321074367,0.0287944721469013,TRUE,16
(Intercept):1,-1.04034854695113,0.0419281418911931,TRUE,16
(Intercept):2,-1.56576006524606,0.0556487332369226,TRUE,16
Covariate:1,0.467955811793981,0.0641707076941869,TRUE,16
Covariate:2,-0.593726534458187,0.0775627097408986,TRUE,16
1-1,0.0641275139161366,0.039882074054183,TRUE,16
1-2,-0.0117468714343571,0.0212834786367125,TRUE,16
1-3,-0.0214768513411984,0.014044348156274,TRUE,16
2-2,0.204992116619354,0.0517835474149744,TRUE,16
2-3,-0.00624151088016334,0.0157547746450867,TRUE,16
3-3,-0.252047033016497,0.0281948039725082,TRUE,16
(Intercept):1,-1.0493397177053,0.0421311107332568,TRUE,16
(Intercept):2,-1.63866441556328,0.0595222565561814,TRUE,16
Covariate:1,0.37059303986232,0.065695286259561,FALSE,16
Covariate:2,-0.572389032065155,0.0785664817275115,TRUE,16
1-1,0.0552896951377204,0.0377858809028974,TRUE,16
1-2,-0.00789731574157754,0.0212918287862934,TRUE,16
1-3,-0.0139071706171966,0.0136103251656054,TRUE,16
2-2,0.101114270753221,0.0715847981087477,TRUE,16
2-3,-0.0106131376787291,0.0160496270985138,TRUE,16
3-3,-0.243654041215528,0.0293666332283283,TRUE,16
(Intercept):1,-1.07452899277676,0.041499546834834,TRUE,16
(Intercept):2,-1.65570382968486,0.0564429667408396,TRUE,16
Covariate:1,0.557833897794715,0.0616809552488521,TRUE,16
Covariate:2,-0.450298849834612,0.0745477559447888,TRUE,16
1-1,0.094629813517991,0.0431012741548545,TRUE,16
1-2,0.021498011475321,0.02006039072979,TRUE,16
1-3,-0.0121465404939679,0.0136072147220182,TRUE,16
2-2,0.231207241492006,0.0561508244374979,TRUE,16
2-3,0.000451296988416076,0.0155654207939495,TRUE,16
3-3,-0.195506248147091,0.029757081270485,TRUE,16
(Intercept):1,-1.08689578762595,0.0443243551955007,TRUE,16
(Intercept):2,-1.60233072377326,0.0557044525765548,TRUE,16
Covariate:1,0.526537417606428,0.061652121691772,TRUE,16
Covariate:2,-0.503004818896231,0.0791938531487446,TRUE,16
1-1,0.106633317815352,0.0377334819396776,TRUE,16
1-2,-0.00993728388439915,0.0207716721038995,TRUE,16
1-3,-0.0126493384714373,0.0135499269821036,TRUE,16
2-2,0.128342441663121,0.0585847668351266,TRUE,16
2-3,-0.0137085170353225,0.0149235638591211,TRUE,16
3-3,-0.228610822676114,0.027565136326641,TRUE,16
(Intercept):1,-1.1227290993328,0.0408477466647459,TRUE,16
(Intercept):2,-1.60476821036457,0.0586302907172183,TRUE,16
Covariate:1,0.356164794465061,0.064513953835918,FALSE,16
Covariate:2,-0.550784239319065,0.0778056740539993,TRUE,16
1-1,0.10487113617705,0.0453262221509021,TRUE,16
1-2,0.00193575858412199,0.0214418875115057,TRUE,16
1-3,0.0180288349330287,0.0134266310504155,TRUE,16
2-2,0.181796571741334,0.0594918601433226,TRUE,16
2-3,0.00963110494583078,0.0161269551931782,TRUE,16
3-3,-0.179212521738965,0.0278624910313408,TRUE,16
(Intercept):1,-1.06344598736974,0.0429542808601087,TRUE,16
(Intercept):2,-1.60819116069873,0.0556302406146405,TRUE,16
Covariate:1,0.493070188176665,0.0656294076427162,TRUE,16
Covariate:2,-0.531985140255515,0.0751205635874228,TRUE,16
1-1,0.0416631238883109,0.0408413547980303,TRUE,16
1-2,-0.0538064502879498,0.0214197606557391,FALSE,16
1-3,-0.0344084227085031,0.0140683521537734,FALSE,16
2-2,0.173417651509257,0.0575114253910356,TRUE,16
2-3,-0.0211974663317418,0.0160828013593086,TRUE,16
3-3,-0.296365064909623,0.029921127757926,FALSE,16
(Intercept):1,-1.04687956226263,0.0422147141024901,TRUE,16
(Intercept):2,-1.58803035627265,0.0565487910261622,TRUE,16
Covariate:1,0.454344464523422,0.0625166200630404,TRUE,16
Covariate:2,-0.505715907242715,0.0754986079918898,TRUE,16
1-1,0.0627416036617705,0.0395114987008068,TRUE,16
1-2,-0.0294553980818476,0.0220275460960195,TRUE,16
1-3,-0.0182854715979049,0.0138148429052967,TRUE,16
2-2,0.170557251797958,0.0546971298812854,TRUE,16
2-3,-0.0312730643786666,0.0159899370123042,TRUE,16
3-3,-0.25037269180925,0.0282065243577165,TRUE,16
(Intercept):1,-1.08146983444497,0.0411144974598438,TRUE,16
(Intercept):2,-1.6476621965279,0.0565840190273969,TRUE,16
Covariate:1,0.496533483747333,0.065011289956673,TRUE,16
Covariate:2,-0.4945452094268,0.077232065198334,TRUE,16
1-1,0.108253686875152,0.0405072022411821,TRUE,16
1-2,0.0105975633006213,0.0205621502774108,TRUE,16
1-3,-0.00899438477783992,0.0134941208717767,TRUE,16
2-2,0.259330448124635,0.0526728888907743,TRUE,16
2-3,0.0041233277531552,0.0160617030268297,TRUE,16
3-3,-0.201673020083798,0.0284723509527507,TRUE,16
(Intercept):1,-1.01471344187442,0.0422032061900412,FALSE,16
(Intercept):2,-1.62237506664028,0.0574404918842039,TRUE,16
Covariate:1,0.400598805320484,0.0608562013477845,TRUE,16
Covariate:2,-0.565524755200611,0.0794539822969664,TRUE,16
1-1,0.0246826112968505,0.0400523338658904,TRUE,16
1-2,-0.0160044786456253,0.0190874331300012,TRUE,16
1-3,-0.0256864625969756,0.014140723633359,TRUE,16
2-2,0.197335367095129,0.0554798236249702,TRUE,16
2-3,-0.00498841491217934,0.0159382015689884,TRUE,16
3-3,-0.333338504548784,0.031652439082215,FALSE,16
(Intercept):1,-1.13779044489375,0.044509397118755,TRUE,16
(Intercept):2,-1.6647034879891,0.0572425095761002,TRUE,16
Covariate:1,0.52682947314298,0.0649118744391092,TRUE,16
Covariate:2,-0.500263829613303,0.0759181086690436,TRUE,16
1-1,0.0233033156981906,0.0453326476583357,TRUE,16
1-2,-0.0040956049152018,0.0218245651586653,TRUE,16
1-3,-0.0151302231140756,0.0143655339654244,TRUE,16
2-2,0.160790558741691,0.0535226144105966,TRUE,16
2-3,-0.0033435534389217,0.0159165535250796,TRUE,16
3-3,-0.258240476910263,0.0302355690983182,TRUE,16
(Intercept):1,-1.06569548785794,0.0425778987044913,TRUE,16
(Intercept):2,-1.66698388341995,0.0580294125281381,TRUE,16
Covariate:1,0.453606466967222,0.0628498009227416,TRUE,16
Covariate:2,-0.496654139761272,0.0749603589539197,TRUE,16
1-1,0.0904449076758678,0.0400544970839158,TRUE,16
1-2,-0.00451661292728081,0.020180924744495,TRUE,16
1-3,-0.0266409072571479,0.0136752959193481,TRUE,16
2-2,0.22125682257858,0.0552796807102903,TRUE,16
2-3,0.00458045124388803,0.016270608031241,TRUE,16
3-3,-0.257370194293537,0.0287638819031334,TRUE,16
(Intercept):1,-1.18224088932982,0.0446447434185524,TRUE,16
(Intercept):2,-1.67253580541968,0.05632805094758,TRUE,16
Covariate:1,0.608546145848409,0.0669099671991714,TRUE,16
Covariate:2,-0.539759587736255,0.0728959279235955,TRUE,16
1-1,0.0695943312644074,0.0427576027983987,TRUE,16
1-2,0.0389475026814929,0.0197345055296417,FALSE,16
1-3,-0.00118058964185215,0.0135432860879781,TRUE,16
2-2,0.0820563315546217,0.0602190778504986,TRUE,16
2-3,-0.00466982756524068,0.016235590403631,TRUE,16
3-3,-0.217030641080069,0.027734365571367,TRUE,16
(Intercept):1,-1.11841575159039,0.0441719959853689,TRUE,16
(Intercept):2,-1.57640788977274,0.0593786678410732,TRUE,16
Covariate:1,0.552471792218402,0.0678112533108277,TRUE,16
Covariate:2,-0.557422982714083,0.0779883000192422,TRUE,16
1-1,0.0252238040717109,0.0425091079811797,TRUE,16
1-2,-0.0411308670051124,0.0216788088186525,TRUE,16
1-3,0.000669274949745129,0.0137210909585358,TRUE,16
2-2,0.176020808971847,0.0588133475801348,TRUE,16
2-3,-0.0153207010785199,0.0156942585684212,TRUE,16
3-3,-0.227550793268686,0.0292741658909825,TRUE,16
(Intercept):1,-1.01529353030445,0.0422619370363017,FALSE,16
(Intercept):2,-1.63839632202947,0.0599810049026405,TRUE,16
Covariate:1,0.499722361662189,0.0586870384837539,TRUE,16
Covariate:2,-0.411617968985406,0.0790130022351542,TRUE,16
1-1,0.0668230860389948,0.0397848698225387,TRUE,16
1-2,-0.0249303063289299,0.0217109668707926,TRUE,16
1-3,-0.0364089776089249,0.0139807293672323,FALSE,16
2-2,0.189574970557985,0.0560444845473942,TRUE,16
2-3,-0.0147966009865091,0.015849398076082,TRUE,16
3-3,-0.282731964143094,0.0295626536883846,FALSE,16
(Intercept):1,-1.08275983503767,0.0436258240673344,TRUE,16
(Intercept):2,-1.63576756557305,0.0550527627229771,TRUE,16
Covariate:1,0.457317915252799,0.0633171382049286,TRUE,16
Covariate:2,-0.618495210819551,0.0765615912807738,TRUE,16
1-1,-0.0076726171166302,0.0445996047448781,FALSE,16
1-2,0.0127090906291967,0.0216355459731445,TRUE,16
1-3,-0.0310490666651653,0.0143572541201583,FALSE,16
2-2,0.220981137002475,0.0554655729343292,TRUE,16
2-3,-0.0167231106455558,0.0159677814882148,TRUE,16
3-3,-0.288190946422662,0.0294606288134684,FALSE,16
(Intercept):1,-1.07178690439061,0.0420768098339146,TRUE,16
(Intercept):2,-1.65305886149363,0.0561907871156603,TRUE,16
Covariate:1,0.435712781731533,0.0645247942082318,TRUE,16
Covariate:2,-0.478972263352647,0.0773383858629924,TRUE,16
1-1,0.136942411420458,0.0379457260791851,TRUE,16
1-2,-0.0309884843548447,0.0209284671512289,TRUE,16
1-3,-0.0104704784620299,0.0141720119829497,TRUE,16
2-2,0.176853275224513,0.0627555132122445,TRUE,16
2-3,0.000599554658254363,0.0170711845976687,TRUE,16
3-3,-0.256689401975439,0.0316559516520111,TRUE,16
(Intercept):1,-1.05698423018521,0.0415211219340817,TRUE,16
(Intercept):2,-1.61378411198183,0.0571221281104365,TRUE,16
Covariate:1,0.444728526267144,0.0623577942357474,TRUE,16
Covariate:2,-0.541727754963754,0.0746759534539864,TRUE,16
1-1,0.0610631119269099,0.0402284254886319,TRUE,16
1-2,0.025385496421433,0.0211755387503149,TRUE,16
1-3,-0.0119779083807295,0.0138789238502642,TRUE,16
2-2,0.190193717339966,0.0568333867864522,TRUE,16
2-3,-0.0054270830575281,0.0158825449693415,TRUE,16
3-3,-0.18045852177908,0.0281830320039243,TRUE,16
(Intercept):1,-1.01837980523663,0.0423423485086946,TRUE,16
(Intercept):2,-1.63935689781617,0.0587431104183699,TRUE,16
Covariate:1,0.403986041282479,0.066285763146593,TRUE,16
Covariate:2,-0.590717285912786,0.0791906931846177,TRUE,16
1-1,0.0307999453443862,0.0429720288205122,TRUE,16
1-2,-0.0204657788574817,0.02232791315188,TRUE,16
1-3,-0.0019777156211076,0.0141990263078721,TRUE,16
2-2,0.234212683696419,0.0562412174852042,TRUE,16
2-3,0.00601728647831167,0.0166893492803672,TRUE,16
3-3,-0.241856333091587,0.0296381662758026,TRUE,16
(Intercept):1,-1.04107882891602,0.0411315184595008,TRUE,16
(Intercept):2,-1.54711303688766,0.0574128885717108,TRUE,16
Covariate:1,0.553478788046828,0.0639569217615217,TRUE,16
Covariate:2,-0.421410944658054,0.0762334140169303,TRUE,16
1-1,0.0841392637526754,0.0403840274306541,TRUE,16
1-2,-0.0265298785920998,0.0207524088133435,TRUE,16
1-3,-0.0130278567081535,0.0140738179894356,TRUE,16
2-2,0.179566223048676,0.057016975871155,TRUE,16
2-3,0.00114622732374711,0.0159613763662115,TRUE,16
3-3,-0.223204493290358,0.0286704804122096,TRUE,16
(Intercept):1,-1.11634419162852,0.0426960295187062,TRUE,16
(Intercept):2,-1.59765113466761,0.0558938678444606,TRUE,16
Covariate:1,0.470841520738541,0.0639970496500963,TRUE,16
Covariate:2,-0.472488260488699,0.0766270386691304,TRUE,16
1-1,0.0768223953677827,0.0424652904672633,TRUE,16
1-2,0.032371912361281,0.0210852935471569,TRUE,16
1-3,-0.0039790255203161,0.014209768907362,TRUE,16
2-2,0.25858373509957,0.0515036318467498,TRUE,16
2-3,-0.0244698560142714,0.0153354387046253,TRUE,16
3-3,-0.287528269408028,0.0302968034191543,FALSE,16
(Intercept):1,-1.09121305625821,0.041132957155082,TRUE,16
(Intercept):2,-1.5646243525909,0.057533698506095,TRUE,16
Covariate:1,0.562879546507027,0.063005260117355,TRUE,16
Covariate:2,-0.522380109810111,0.0765008969653454,TRUE,16
1-1,0.101138865622772,0.0369890506333564,TRUE,16
1-2,0.00802786460135905,0.02059757306483,TRUE,16
1-3,-0.00327360097008805,0.0136517412020583,TRUE,16
2-2,0.129152593625799,0.0694524972970202,TRUE,16
2-3,-0.021019087233698,0.0161790504590477,TRUE,16
3-3,-0.215493493331504,0.0277189064323881,TRUE,16
(Intercept):1,-1.0917192071644,0.0413970498434134,TRUE,16
(Intercept):2,-1.56346411197601,0.0543454009588375,TRUE,16
Covariate:1,0.435795274586622,0.0639624623148333,TRUE,16
Covariate:2,-0.556402927944364,0.0799437058240281,TRUE,16
1-1,0.109657947734839,0.0401106514610272,TRUE,16
1-2,0.0136760431815602,0.020452370645818,TRUE,16
1-3,0.00864383489187814,0.0138195625275193,TRUE,16
2-2,0.159679015209974,0.059544689079432,TRUE,16
2-3,0.00130451228717808,0.0156355956211851,TRUE,16
3-3,-0.186878891901924,0.0293591008969189,TRUE,16
(Intercept):1,-1.02086785139909,0.0437740943343472,TRUE,16
(Intercept):2,-1.57809131861323,0.0571479930482402,TRUE,16
Covariate:1,0.420289304554693,0.0628665496669067,TRUE,16
Covariate:2,-0.499633029640736,0.0736762813583388,TRUE,16
1-1,0.0719822697368199,0.0420060474772588,TRUE,16
1-2,0.00229805940343465,0.0218951822215225,TRUE,16
1-3,0.0133531616081244,0.0139977156295189,TRUE,16
2-2,0.192044925377416,0.0577078411873828,TRUE,16
2-3,0.0142196019813874,0.0155563564330413,TRUE,16
3-3,-0.181951158332286,0.0302794083518058,TRUE,16
(Intercept):1,-1.04241199222876,0.0414748076868248,TRUE,16
(Intercept):2,-1.59524923351009,0.0555083287980543,TRUE,16
Covariate:1,0.469906186820067,0.0634616104490383,TRUE,16
Covariate:2,-0.552300065939274,0.0758013166075066,TRUE,16
1-1,0.0655250522017714,0.0391540747039974,TRUE,16
1-2,-0.0155301498493869,0.0201834064130052,TRUE,16
1-3,-0.0237474957440826,0.0136493491914128,TRUE,16
2-2,0.207993227610711,0.0545389226275409,TRUE,16
2-3,-0.0172521291820781,0.0158036358518229,TRUE,16
3-3,-0.244006290011435,0.0285675415904762,TRUE,16
(Intercept):1,-1.13141875532399,0.0449343931910895,TRUE,16
(Intercept):2,-1.46367078698128,0.0548783634558014,FALSE,16
Covariate:1,0.516138720709903,0.0652339570530811,TRUE,16
Covariate:2,-0.438746055736394,0.0771219907032418,TRUE,16
1-1,0.102872871747293,0.0426153260459107,TRUE,16
1-2,-0.0173496378495609,0.0200768768165436,TRUE,16
1-3,0.0186073956899935,0.0139855606441961,TRUE,16
2-2,0.178186019890999,0.0540085061359989,TRUE,16
2-3,-0.0107895237905625,0.0158784585499828,TRUE,16
3-3,-0.221991045192117,0.0279480512142022,TRUE,16
(Intercept):1,-1.07940675750647,0.0439603770729843,TRUE,16
(Intercept):2,-1.64005403666262,0.0553375637303726,TRUE,16
Covariate:1,0.466454442975296,0.0637796335950161,TRUE,16
Covariate:2,-0.496385243089531,0.0744524006659399,TRUE,16
1-1,0.132166814750308,0.0408203589298912,TRUE,16
1-2,-0.00878141466555415,0.0220263863751608,TRUE,16
1-3,-0.013167260710832,0.0143356923569705,TRUE,16
2-2,0.118409514759586,0.0615338967995087,TRUE,16
2-3,0.0206651616097716,0.0162625640839095,TRUE,16
3-3,-0.207760821564917,0.0301081756228858,TRUE,16
(Intercept):1,-1.18969599188728,0.043915682938848,FALSE,16
(Intercept):2,-1.58904646095485,0.0570888694495196,TRUE,16
Covariate:1,0.575107280055209,0.0651025871432527,TRUE,16
Covariate:2,-0.48677713994823,0.0793146868683458,TRUE,16
1-1,0.117738305990225,0.0428167454117151,TRUE,16
1-2,-0.00289048167714784,0.0206458583676633,TRUE,16
1-3,0.00197572576554183,0.0143835675512803,TRUE,16
2-2,0.0962564150702739,0.0641431785856331,TRUE,16
2-3,-0.025516450871944,0.0164723770021201,TRUE,16
3-3,-0.231725123043728,0.0284094379795192,TRUE,16
(Intercept):1,-1.10107967807799,0.042370120226076,TRUE,16
(Intercept):2,-1.47357618674855,0.0565540839205502,FALSE,16
Covariate:1,0.400109671251382,0.0637122790068875,TRUE,16
Covariate:2,-0.453963685792967,0.0767256445326093,TRUE,16
1-1,0.0887389700276508,0.0359152512990766,TRUE,16
1-2,-0.0170798421127879,0.0207663630014826,TRUE,16
1-3,-0.00118885051658499,0.0141755002238059,TRUE,16
2-2,0.0842169041305731,0.0603355838000725,TRUE,16
2-3,-0.0287367003580587,0.0160132461241001,TRUE,16
3-3,-0.260326967246989,0.0298100646927504,TRUE,16
(Intercept):1,-1.0560212698304,0.0432416918621013,TRUE,16
(Intercept):2,-1.62161856321114,0.0550040501913083,TRUE,16
Covariate:1,0.471160866565661,0.0643251686493621,TRUE,16
Covariate:2,-0.456801194091623,0.0799251593158238,TRUE,16
1-1,0.0391849195031289,0.042325574223509,TRUE,16
1-2,-0.0205399931535859,0.0206263980670697,TRUE,16
1-3,-0.037242965847969,0.0135920419260212,FALSE,16
2-2,0.186502937700588,0.0570343485591536,TRUE,16
2-3,-0.021715964502812,0.0155437430415772,TRUE,16
3-3,-0.286887667009446,0.0301867893382155,FALSE,16
(Intercept):1,-1.04615686452438,0.0418828200988792,TRUE,16
(Intercept):2,-1.57260368570737,0.0571988030045324,TRUE,16
Covariate:1,0.468897152970324,0.060506439301146,TRUE,16
Covariate:2,-0.469122093259169,0.0765912234243931,TRUE,16
1-1,0.0560330203960774,0.0427866483786382,TRUE,16
1-2,-0.0187714039660207,0.0201577105878317,TRUE,16
1-3,-0.0224539107333805,0.0136698533673644,TRUE,16
2-2,0.321972418760747,0.0436509420136814,FALSE,16
2-3,-0.0341167908598198,0.0157835792457623,FALSE,16
3-3,-0.237139601966239,0.028155425032174,TRUE,16
(Intercept):1,-1.14005351845111,0.044154687297315,TRUE,16
(Intercept):2,-1.69482580433051,0.0563621022833639,TRUE,16
Covariate:1,0.507595058291108,0.066264453116715,TRUE,16
Covariate:2,-0.498963651277316,0.077924000471046,TRUE,16
1-1,0.0790637145605955,0.039784639386975,TRUE,16
1-2,0.0223664397152066,0.0217728262947879,TRUE,16
1-3,0.00650187208095109,0.0141655049039151,TRUE,16
2-2,0.259701145964054,0.0514518702611692,TRUE,16
2-3,0.013736094595694,0.015574929278632,TRUE,16
3-3,-0.224217268258723,0.0294431138461648,TRUE,16
(Intercept):1,-1.08582942710996,0.0444049442692072,TRUE,16
(Intercept):2,-1.65458078509742,0.0557151404178257,TRUE,16
Covariate:1,0.5438149817046,0.0639798819103644,TRUE,16
Covariate:2,-0.52011964548122,0.0770052898192441,TRUE,16
1-1,0.0842744171300957,0.0401130774955405,TRUE,16
1-2,-0.0189195051436509,0.0211856396751898,TRUE,16
1-3,-0.0205434578113811,0.0132927629571951,TRUE,16
2-2,0.104129272363422,0.0554882992798402,TRUE,16
2-3,0.00858566351226289,0.0158425777039142,TRUE,16
3-3,-0.244486863415751,0.0270208989142612,TRUE,16
(Intercept):1,-1.12667950155897,0.0425718643883384,TRUE,16
(Intercept):2,-1.61477854861783,0.056413784141069,TRUE,16
Covariate:1,0.49730351067109,0.0650005153175181,TRUE,16
Covariate:2,-0.274190461588021,0.0777626463487517,FALSE,16
1-1,0.218488873196614,0.0371045078993284,FALSE,16
1-2,0.018262344235715,0.0201462518695401,TRUE,16
1-3,0.0101532033454294,0.0139697136147103,TRUE,16
2-2,0.177849419064459,0.0668166085025549,TRUE,16
2-3,-0.000723620418823419,0.0163323474862018,TRUE,16
3-3,-0.17079447473191,0.0301839567291264,TRUE,16
(Intercept):1,-1.07696876608297,0.0429373708422501,TRUE,16
(Intercept):2,-1.62791383086627,0.0588538556025299,TRUE,16
Covariate:1,0.522866452369795,0.0649995786674787,TRUE,16
Covariate:2,-0.485883081113302,0.0760219121700269,TRUE,16
1-1,0.115866282000824,0.0432587442295743,TRUE,16
1-2,0.00844859331277459,0.0208985985770873,TRUE,16
1-3,0.00305815389710589,0.0140536392804384,TRUE,16
2-2,0.15403207481352,0.0623761951973775,TRUE,16
2-3,0.0131152377594395,0.0159351172136847,TRUE,16
3-3,-0.191261595516531,0.0273116653825305,TRUE,16
(Intercept):1,-1.14283347788676,0.0435283627060828,TRUE,16
(Intercept):2,-1.47250095789708,0.0552870246642362,FALSE,16
Covariate:1,0.409266874393513,0.0641285470484208,TRUE,16
Covariate:2,-0.508727636844042,0.0753389350753857,TRUE,16
1-1,0.120429421088402,0.0381484592418928,TRUE,16
1-2,0.00454622870686128,0.021178291883722,TRUE,16
1-3,0.00460617443091498,0.0141361671178845,TRUE,16
2-2,0.131050654729572,0.0575475683758976,TRUE,16
2-3,-0.028709573553943,0.0159180876215999,TRUE,16
3-3,-0.212366473686275,0.0283647373273192,TRUE,16
(Intercept):1,-1.11914227987733,0.0423800371836396,TRUE,16
(Intercept):2,-1.68172650871681,0.0565844699606015,TRUE,16
Covariate:1,0.540967824807293,0.065067265308949,TRUE,16
Covariate:2,-0.539299058759772,0.0771533419155823,TRUE,16
1-1,0.100743036048378,0.0425434178849308,TRUE,16
1-2,-0.0169048137450081,0.020938551906427,TRUE,16
1-3,-0.0175018026327941,0.0141221679000615,TRUE,16
2-2,0.188693196508841,0.0485283854127495,TRUE,16
2-3,0.0019850370076762,0.0155948442875873,TRUE,16
3-3,-0.293974332980309,0.0288636568937126,FALSE,16
(Intercept):1,-1.07624367994461,0.0412905536574044,TRUE,16
(Intercept):2,-1.58403076671935,0.0579125408726706,TRUE,16
Covariate:1,0.565461156428835,0.0669339034985078,TRUE,16
Covariate:2,-0.512201072640205,0.0763845598936643,TRUE,16
1-1,0.0479055954460155,0.0416163691159587,TRUE,16
1-2,-0.0256144737454613,0.0216661184062039,TRUE,16
1-3,-0.0122259381572234,0.0136112616181249,TRUE,16
2-2,0.155756241927972,0.0595279670857535,TRUE,16
2-3,-0.0249718369768882,0.0168550675198112,TRUE,16
3-3,-0.265337726008838,0.0319980825440274,TRUE,16
(Intercept):1,-1.07439788303074,0.0433971040973241,TRUE,16
(Intercept):2,-1.55850430927443,0.0562331283432982,TRUE,16
Covariate:1,0.593718984551715,0.0656778172970478,TRUE,16
Covariate:2,-0.610729870152731,0.079400855640776,TRUE,16
1-1,0.0754863654063558,0.0414060159142098,TRUE,16
1-2,-0.0423645185907792,0.0218520595801322,TRUE,16
1-3,-0.023625454475255,0.0142544539502967,TRUE,16
2-2,0.193661135510178,0.0575420310410864,TRUE,16
2-3,-0.0244976274668929,0.0150727397578827,TRUE,16
3-3,-0.247926002061221,0.0279229995472168,TRUE,16
(Intercept):1,-1.02017709360948,0.0429263742675224,TRUE,16
(Intercept):2,-1.56092120927207,0.0564397359726804,TRUE,16
Covariate:1,0.445208116795824,0.0643682508600129,TRUE,16
Covariate:2,-0.537377995199312,0.0748731781964217,TRUE,16
1-1,0.0493679413239781,0.0416877588907873,TRUE,16
1-2,-0.012380362064606,0.0204035849721132,TRUE,16
1-3,-0.0206853077936232,0.0140683448445402,TRUE,16
2-2,0.136635155061733,0.0631686551160217,TRUE,16
2-3,-0.0255410933170826,0.0166522773322397,TRUE,16
3-3,-0.252910796445834,0.0287151467340141,TRUE,16
(Intercept):1,-1.12372976639918,0.0434463010516003,TRUE,16
(Intercept):2,-1.5025598875021,0.0539879778072517,FALSE,16
Covariate:1,0.511155584893518,0.0657301059891253,TRUE,16
Covariate:2,-0.5558059302828,0.0762770655518928,TRUE,16
1-1,0.122909593628317,0.0434782772802524,TRUE,16
1-2,-0.026947281055542,0.0219501647346723,TRUE,16
1-3,-0.000167014750831842,0.0138681421329222,TRUE,16
2-2,0.152168709811135,0.0574996902458477,TRUE,16
2-3,-0.0186731015968753,0.0154134234913365,TRUE,16
3-3,-0.196653678036791,0.0300612693956021,TRUE,16
(Intercept):1,-1.11152051058659,0.0442385218791217,TRUE,16
(Intercept):2,-1.63393943577028,0.054149614232979,TRUE,16
Covariate:1,0.463850007142982,0.0687655177557249,TRUE,16
Covariate:2,-0.474552617524954,0.0760676038755912,TRUE,16
1-1,0.0877503922886098,0.0363036484860366,TRUE,16
1-2,0.00717370275513189,0.0209203348774426,TRUE,16
1-3,-0.00114588590858076,0.0139341776118226,TRUE,16
2-2,0.220269595490948,0.0501741034422886,TRUE,16
2-3,0.0033549757716436,0.0156741814342367,TRUE,16
3-3,-0.220179373445545,0.0286927087435038,TRUE,16
(Intercept):1,-1.04128525158955,0.0425280726050615,TRUE,16
(Intercept):2,-1.52835297027226,0.0576462892485542,TRUE,16
Covariate:1,0.596190549921172,0.0644704504219796,TRUE,16
Covariate:2,-0.603329720741614,0.0790790466065428,TRUE,16
1-1,0.0859922511869918,0.0427196595244682,TRUE,16
1-2,-0.0340509173059493,0.0217346519208348,TRUE,16
1-3,0.00191580925084719,0.0141427925614737,TRUE,16
2-2,0.0946173376723242,0.061055912908311,TRUE,16
2-3,-0.00375476507871537,0.015565277705493,TRUE,16
3-3,-0.197139877352143,0.0275101685217239,TRUE,16
(Intercept):1,-1.03217634501175,0.0418167679880208,TRUE,16
(Intercept):2,-1.55154717662179,0.0571214437437224,TRUE,16
Covariate:1,0.62648566764267,0.0651800600483009,TRUE,16
Covariate:2,-0.516149977388917,0.0787200958817244,TRUE,16
1-1,0.0102097975082388,0.0429392496533384,FALSE,16
1-2,0.015808398542673,0.0202569112722367,TRUE,16
1-3,-0.0157218531673378,0.0140303676004791,TRUE,16
2-2,0.119816544622312,0.0599653091315255,TRUE,16
2-3,-0.0164660267376755,0.015290120813117,TRUE,16
3-3,-0.245077294484986,0.0279821795706253,TRUE,16
(Intercept):1,-1.03504883868454,0.0419206125620925,TRUE,16
(Intercept):2,-1.61051436168155,0.0565364588613595,TRUE,16
Covariate:1,0.471783164126004,0.0645860591942284,TRUE,16
Covariate:2,-0.48672902636806,0.0770902494723865,TRUE,16
1-1,0.0314943193411755,0.040884504585631,TRUE,16
1-2,-0.00787715249700837,0.0216522783641781,TRUE,16
1-3,-0.0248830427269677,0.0135673239019101,TRUE,16
2-2,0.225283879484037,0.0557160623991278,TRUE,16
2-3,-0.0109862408595801,0.0157511745056557,TRUE,16
3-3,-0.239151257836165,0.028680197352372,TRUE,16
(Intercept):1,-1.16469860781636,0.0428081001202375,TRUE,16
(Intercept):2,-1.69735441377758,0.0584739791089218,TRUE,16
Covariate:1,0.528945195203905,0.0632497153516419,TRUE,16
Covariate:2,-0.555870819193225,0.0762843596668417,TRUE,16
1-1,0.112501974906646,0.0425346142365873,TRUE,16
1-2,0.016817433400491,0.0209600880413265,TRUE,16
1-3,0.00188065808379961,0.0136704588358486,TRUE,16
2-2,0.190301038263022,0.0576521318815911,TRUE,16
2-3,-0.00218342865340791,0.016076341327527,TRUE,16
3-3,-0.267417999624556,0.0277643571902449,TRUE,16
(Intercept):1,-1.14945386217934,0.0423216935313346,TRUE,16
(Intercept):2,-1.57714128438359,0.0551664586712699,TRUE,16
Covariate:1,0.537037803680825,0.0621856468509304,TRUE,16
Covariate:2,-0.365227411532991,0.0745482626748916,TRUE,16
1-1,0.125665033282301,0.0381310516772148,TRUE,16
1-2,-0.0224683686458878,0.0214970853594555,TRUE,16
1-3,0.00427382522089263,0.0138740368993728,TRUE,16
2-2,0.240779910116825,0.0530928058841885,TRUE,16
2-3,-0.0212871922468936,0.0160299405280778,TRUE,16
3-3,-0.246716438602983,0.0290887522032426,TRUE,16
(Intercept):1,-1.03743997325405,0.0425412560324004,TRUE,16
(Intercept):2,-1.59535719515525,0.0582604204591206,TRUE,16
Covariate:1,0.55201203702476,0.0631569007763811,TRUE,16
Covariate:2,-0.412773556783574,0.0763869784116264,TRUE,16
1-1,0.0131668880201515,0.0433043473531502,TRUE,16
1-2,-0.0117852374402297,0.0222697611517394,TRUE,16
1-3,-0.0403212420530064,0.0142378602779778,FALSE,16
2-2,0.127164820599145,0.058748100765838,TRUE,16
2-3,-0.0275926314579753,0.0159260879980152,TRUE,16
3-3,-0.238398000987554,0.0278961806030546,TRUE,16
(Intercept):1,-1.11268728508286,0.0439023799540422,TRUE,16
(Intercept):2,-1.63264588106493,0.0596625137992644,TRUE,16
Covariate:1,0.458197975977043,0.0643628275713419,TRUE,16
Covariate:2,-0.475686196720783,0.0774523564377317,TRUE,16
1-1,0.0965615853835218,0.0394634288431894,TRUE,16
1-2,0.0221914616683807,0.0208357856426736,TRUE,16
1-3,-0.030336174883038,0.014353056294921,FALSE,16
2-2,0.130669205515223,0.054398698633413,TRUE,16
2-3,-0.0249753468318822,0.0166671745115594,TRUE,16
3-3,-0.281415853777496,0.0306071630233647,TRUE,16
(Intercept):1,-1.16777305983047,0.043458029087146,TRUE,16
(Intercept):2,-1.6455844880086,0.0554545381050219,TRUE,16
Covariate:1,0.582495897483834,0.0659751029613855,TRUE,16
Covariate:2,-0.46439739729464,0.0748486350758794,TRUE,16
1-1,0.107932367084435,0.0433877571837185,TRUE,16
1-2,0.00852239388219616,0.0208628283444199,TRUE,16
1-3,0.0233446514292006,0.0147117930367791,TRUE,16
2-2,0.253772997665113,0.0608414824035084,TRUE,16
2-3,-0.00520528106713168,0.0167246687179319,TRUE,16
3-3,-0.212234209429827,0.0279087807955451,TRUE,16
(Intercept):1,-1.02582222207099,0.0414013522043283,TRUE,16
(Intercept):2,-1.59456017976599,0.056907876126007,TRUE,16
Covariate:1,0.449357351095434,0.0638384914928673,TRUE,16
Covariate:2,-0.571179291971531,0.0747303195544931,TRUE,16
1-1,0.0464268573567959,0.0424496083975149,TRUE,16
1-2,-0.0197453186249486,0.0203213146118924,TRUE,16
1-3,-0.00848185566608964,0.0133824890747577,TRUE,16
2-2,0.194174260879672,0.0580757932447841,TRUE,16
2-3,0.00125621925189783,0.0154458047897492,TRUE,16
3-3,-0.210652048297346,0.0289569219160691,TRUE,16
(Intercept):1,-1.05808282811364,0.0426082029658155,TRUE,16
(Intercept):2,-1.67406774161268,0.0608483873896772,TRUE,16
Covariate:1,0.45336262253117,0.0627756908695019,TRUE,16
Covariate:2,-0.688647409829977,0.079689010984878,FALSE,16
1-1,0.0729042160977158,0.0405098113142392,TRUE,16
1-2,-0.0286528781797388,0.0217378497131076,TRUE,16
1-3,-0.0335562604094216,0.0140779739665881,FALSE,16
2-2,0.149455507248949,0.0604198884991472,TRUE,16
2-3,-0.00974523285453747,0.0168274486321908,TRUE,16
3-3,-0.268084440580626,0.0263860906646537,TRUE,16
(Intercept):1,-1.0516815676601,0.0428713098373096,TRUE,16
(Intercept):2,-1.56184700076601,0.0549997885106904,TRUE,16
Covariate:1,0.547599130044536,0.0622978456792914,TRUE,16
Covariate:2,-0.478946972656722,0.0775226572798279,TRUE,16
1-1,0.0993256323474538,0.037279324080129,TRUE,16
1-2,-0.0201061494267712,0.0209325782236623,TRUE,16
1-3,-0.00978427597309332,0.0136244964422211,TRUE,16
2-2,0.128111739392303,0.054391721668146,TRUE,16
2-3,-0.012310409843438,0.0153546212642408,TRUE,16
3-3,-0.241980279120588,0.0276708592137183,TRUE,16
(Intercept):1,-1.00230244326,0.040564829600282,FALSE,16
(Intercept):2,-1.52971080852177,0.0543689832502328,TRUE,16
Covariate:1,0.459811895233837,0.0609589426955654,TRUE,16
Covariate:2,-0.50305767739499,0.0743618824571467,TRUE,16
1-1,0.0973750496801099,0.0395131054350848,TRUE,16
1-2,-0.029002926063454,0.0209101145334266,TRUE,16
1-3,0.00968457194896185,0.0129756424447227,TRUE,16
2-2,0.258544827093141,0.050842549149225,TRUE,16
2-3,0.0134572348199021,0.0152818677748682,TRUE,16
3-3,-0.185506080821549,0.0271982219311973,TRUE,16
(Intercept):1,-1.08155635868949,0.0429362811965181,TRUE,16
(Intercept):2,-1.62579742092003,0.0569500913699933,TRUE,16
Covariate:1,0.564334840115791,0.0638378823306705,TRUE,16
Covariate:2,-0.535618769601007,0.0796618838658838,TRUE,16
1-1,0.098142036836606,0.0384751533351816,TRUE,16
1-2,-0.0255999686867234,0.0214143856026458,TRUE,16
1-3,-0.0186364728910542,0.013452241532381,TRUE,16
2-2,0.205672979107259,0.05024358765292,TRUE,16
2-3,0.0040212097160097,0.0156442686253386,TRUE,16
3-3,-0.235584843191835,0.028918840498292,TRUE,16
