V1,V2,V3,V4,V5,V6,V7,V8,V9,V10
-0.0442596146145009,0.0748053048235214,1.33424473572145,1.74791165217199,0.0348686581934788,0.0347338041287812,0.00907995092966111,-0.0063286188659049,0.0300619627134252,0.0263929194344958
0.133226787842832,0.0797302580774933,-0.30344864172215,1.66882936295637,-0.0155905132661259,-0.0185968676565306,-0.0132551720029601,-0.0137029211043448,-0.0264658698551061,0.0231554754463693
-0.0153560383049514,-0.00827097011779942,1.37141263776696,2.58363380107596,0.0157571631131076,0.0470669662786239,0.0521221223401568,0.0146408516986871,0.0711325083721309,0.0291179947791766
-0.0212024472197423,0.0263876699054977,1.41058513154198,1.94508167671784,0.000513351458108833,-0.00677625970322657,0.0161899921213255,-0.0164374502833611,0.0142483461515074,0.00409317216158171
0.00201073775762727,0.0702847943481123,1.48809646311465,1.92218687941464,-0.00591820805784235,-0.0116475939423464,0.00881248758886104,0.00313932466133704,-0.00465001059908474,0.0203624642679991
-0.0428560485190944,-0.0544849872138604,1.48372156349784,2.74020546092261,-0.00561990101327155,-0.0419927686151284,-0.0437375281560189,-0.0315941569909517,0.00220765125204853,-0.0203331317628455
0.0369055039413382,0.0706198771837044,0.967391310794324,1.86245549763115,0.0221541022103598,-0.00165891549820628,0.0454382446976517,-0.00895050810367841,0.00612138792564284,0.0160954377831605
-0.136685934783946,-0.061427803549595,2.28826455504408,2.51313408686874,0.0198143523191858,0.00992096445841736,0.00365774934429237,-0.00846551704909358,0.0256234909659789,0.00583537478677995
-0.114160831177071,-0.061581444868824,1.61406672555767,2.43135589599713,0.0189332332421196,0.00318337813843276,-0.0396872978202593,0.00249224809166592,-0.0192385130868586,0.00136236996612975
0.0512014571505982,0.0320385897206848,0.561307104577747,1.56501535012291,-0.0355424950080276,-0.0489330420330664,-0.00177317139173531,-0.033340394697219,-0.0399311021450138,-0.0367069547640039
-0.029233531519715,-0.0234296145153103,1.81122647320601,2.24953103622544,-0.00964990506662134,0.00246203457881447,0.0120207598403623,0.000910219805034726,0.00393117772066596,0.00669336145517945
-0.0899748861976792,-0.0492203351854024,1.93070405404802,2.72759984609064,-0.00965358707514864,0.0376273776012759,0.00163980487549955,-0.00587923226515541,0.0227618669818335,0.0016583400755615
0.083055383241479,0.0076133740256201,0.409444229737612,2.03828916261298,-0.0128853439850985,0.0317809706198735,0.0166290050553902,-0.0136520147648686,0.0310502148270892,0.00116836520991434
0.0139926633672705,0.0883776812633549,1.08523263928936,1.71944471402844,0.00615196503543633,0.0497791682114582,-0.0080305634498105,-0.0122419032840369,0.0170389670465526,0.0268475023327659
-0.0548210145805433,0.0410789096796521,1.19223028581638,1.57113028146717,0.0193495527906975,-0.0530479358133079,-0.0358354430799902,-0.0131064021303912,-0.0072260025864451,0.00129121485431585
0.0632792228812759,0.0244948433317444,-0.161798797786362,1.33642137897452,-0.0230395348580484,-0.063358808699087,-0.0609331780750872,-0.01952987997724,-0.0518097403530729,-0.0256975079799054
-0.0446949971510491,0.0190923818106745,1.06107743637098,1.8110099098236,0.017764585584606,0.000949729280837207,-0.00460975902271178,0.00264087417550988,0.0246521149134328,0.011339080101384
0.100717279100958,0.0704323608043446,0.491708997567502,1.52468873959541,-0.016089815017572,-0.0254394279355834,-0.0353307017526633,-0.00599973690936167,-0.0312202075548154,-0.00936874912407665
0.0182583161290978,0.0546845608751677,0.692646185413357,1.44215619793938,-0.0134468566217078,0.0161565029873899,0.00772219983132738,0.0004776049310454,0.0170904517323872,-4.0587024858365e-05
0.0242484009999774,0.0382037938277745,0.916710659146601,2.07832062484031,-0.00775377469639485,0.0104757841498237,0.0120575173300742,-0.0191377130384653,-0.0304430544179294,-0.0115799189021714
0.00723588716892215,0.0500243487512571,1.15424469586167,2.14519012167466,-0.00361951450768423,-0.0183433466885153,0.041683726640016,-0.00719076606992971,-0.000819138231192721,-0.0110161889688294
-0.0309971651368996,0.0429253734325175,1.48524929074253,2.33656506907212,0.0096471596169569,-0.0104997867760852,-0.0266315073261051,-0.0212187789826727,0.0115489859758255,0.0165340131840154
-0.0235250793483263,0.0402911991141166,1.3196356795864,2.02720314412123,0.0109726228766451,-0.0200745051102612,0.0218987534276252,-0.0272920531147775,-0.0170372847467664,-0.0148952032053275
0.0231335680056415,0.0341066343453987,0.2012956940847,1.54033953905932,-0.00298502730555444,-0.0621709508518455,-0.0446051277823632,-0.0125795949201057,0.00879214138887762,-0.0123908625021485
-0.00396638127387029,-0.0150405380802558,0.736065288175138,1.78026115889624,-0.0121780955922169,-0.0198934029406676,-0.0214831865145799,-0.00961121260192449,0.00595529050609869,-0.0142991658694035
0.0119731024700322,0.0366502833063255,0.811123977773063,1.92489313097514,-0.00595816554444752,0.0142122480213206,0.0297125838666753,-0.00761592095250483,0.020164013434622,0.00962308444371364
0.0594153715980278,0.0142900838321976,0.836848143956779,1.81814404040536,-0.020683195647796,0.0112811792454592,0.00691260041392792,-0.0047099842864063,0.0233351951504717,-0.0236088315763188
-0.0360255359303867,-0.0340385524999354,0.991716710396229,2.61125586311422,-0.0185250574658075,-0.0088457270023825,-0.0328165937267968,-0.0313282668779202,-0.0415586893875547,-0.0203093108128991
0.00634304883525284,0.126377285252542,0.288008302263429,0.889670123899247,-0.00620145452846307,-0.0174742334927359,-0.065520975836325,-0.0311039314557739,-0.0448138477635834,-0.0074605821822138
0.0637269243656601,0.0781953738203191,0.31668865827974,1.27351999839672,-0.00972527297970482,-0.0138234782253524,0.0236147153023722,0.000943926423284597,0.0226347391547158,0.00597550277775283
-0.066433849325161,-0.0107477019888259,1.60617112303723,2.38530284006001,0.0239849020378268,0.0468183198782048,0.0424600912467391,0.0062286160529732,-0.0234100540399685,0.0195416178890649
-0.0401616856363223,0.00771904811012467,1.17909074927733,1.8119579913469,0.0144898772287695,-0.0154417073129604,0.00499867324783264,-0.00959786983926648,-0.0225479356893214,-0.00172846785862332
0.00844867706168655,0.0376315611878389,0.709444147046456,1.53675427104504,0.00568452399603443,-0.00201377585374657,-0.0103679914560968,-0.01120346960266,-0.00535933980139007,-0.0081119456179798
-0.036251627620388,-0.0375873311691502,1.38036056513626,2.1156503415252,-0.0103426328306644,-0.0221723934055284,0.0181339469456628,0.0111194131153269,-0.00639860015745047,0.000937645328562281
-0.0296471368822175,-0.0478519204596662,1.39875347141131,2.03180784522901,-0.0121351110026124,0.00912589830347713,-0.0451206339594085,-0.0107270901011165,0.0096211564727247,-0.0312502330343509
-0.0176206485996169,-0.00686478054966984,1.03570683394786,1.87218207305084,0.0108019712782495,0.0143971601326393,-0.0428244273052024,-0.000763261620467577,0.000625264123373065,0.00289879002774335
-0.0109433922772343,0.0943271653537622,0.80197013346379,1.34498253350612,-0.00995191493681793,-0.0416406227487491,-0.0717153323807323,-0.052805365597679,-0.0528058611416629,-0.0147785430864323
-0.06711926537231,-0.00403300460538449,1.42310322605319,2.34748540050726,0.0308728283376588,0.0114142734154408,0.047099975340552,0.0132035679203056,-0.0394100081370516,0.0224856272769412
0.00147632480664668,0.0524859563826295,1.12236698250586,1.68205406746898,0.0102756013711403,0.0158228163195193,0.00679813650656034,0.00678335395148958,0.0108136808984089,0.0164991181351243
-0.0852361074053451,-0.0546391198224189,1.46546019527083,2.66288730188873,0.0278918129472289,-0.0404273602326629,-0.00830256664352362,-0.00452800382382826,0.00130951430780548,-0.0157553134467916
0.0289589108351727,-0.00285852215139168,0.637529405559222,2.20832420113154,-0.011928654233617,-0.0250703798153569,-0.0615641210499662,-0.00279477653697542,-0.0811892249194743,0.0017020507114497
-0.0395765188411739,-0.0611648782322928,1.5543924132915,2.65429201020631,0.0155241014780322,0.0449462270648096,0.0770268783589334,0.00236718315953287,0.0700837274176564,-0.00191711787828187
0.0253472300637907,0.0154200709507219,0.987426168236076,1.67089897716211,-0.00573054538481916,-0.0150583843523997,0.0355754011057474,0.00563980502845276,-0.0163669553891251,0.00201775608662019
0.0487327846998115,0.088284127337594,0.848057665904543,1.58528830706753,-0.0134790141065405,0.00817428762335842,0.00661129666287248,-0.0309857670531104,0.0322775747270102,0.00501809992656718
-0.0625141935929004,0.0526650875203546,1.80966286222411,2.02677874709103,0.0213069813280658,0.0215455238753663,0.0127381478400174,-0.00571308286546597,-0.0145432572562029,0.00258012154380915
-0.0652572983949496,-0.0227115255072226,1.3110226900764,2.3507126864933,-0.00224085133703793,-0.0249639968483716,-0.00101577449034602,-0.00993553498194187,-0.0368217792079085,-0.00650193353708625
0.046906061307895,-0.0757404709267081,0.973616324325461,2.65012233490732,-0.00982718744996001,0.0365201888419762,0.0154262984166509,0.0156426392016811,0.0206828409991155,0.00281270990994931
-0.00941559435779423,-0.00642660549736891,1.33656592922793,2.35723322118067,-0.00218448417554397,-0.0345627895079429,-0.0204937753010802,0.00516690715228458,-0.00688707852561445,-0.00357878682577322
-0.0167425606840572,-0.0233006280140011,0.96440479655741,1.76022198187334,0.019000087652897,-0.0419247178000004,0.00593648265006344,0.0154328661265951,-0.00281728251812694,-0.00130775989174129
0.0984880993737353,0.0072885614199862,0.821315533147487,1.93245250453849,0.00247065006279909,0.00398338470395125,0.0327379988349923,0.0248243215511588,0.0516233821267859,0.0366161603731216
-0.0780535568017506,-0.060904398365714,1.60111759697044,2.03354784805977,-0.00212139632439678,0.0450348869883008,0.0577960145130218,0.00314246643382454,0.0300219355519993,-0.00717611015661359
-0.0394062451062358,-0.0102052798517009,1.77344923925302,2.84338591283126,0.0120145479526439,-0.00279515872148074,-0.0096344153157986,-0.00584042236835024,0.0134100133694094,0.00913280514852135
-0.0117156324670864,-0.0537549791968515,1.75877989881669,2.77089210671313,-0.0168383745486846,0.00689990465456478,-0.0132095152128986,0.00421339045956401,0.0586462263496386,-0.0017180150419127
-0.0308270268873625,-0.0183464886362367,1.24715649819389,2.10969899862099,0.00649698777264534,-0.0116861119324563,0.0109077103949505,-0.0025878109072527,-0.0339895442267636,-0.00566922213631097
-0.0206118950810598,-0.077418664131357,1.35278395873745,2.64713082133277,0.0175120443502819,-0.0158286816743614,-0.0135034797544416,0.028723109921108,-0.00276268654363003,-0.0116142026084156
-0.0120692184804609,-0.0039183708661118,0.968332984703427,1.58339570202944,-0.0197437178417123,0.00828061730271993,0.0118402581808457,-0.0112134799152712,-0.0128995867200567,-0.0204464312946736
-0.0517189520153636,-0.0707989505782893,1.08670329285263,2.04128541725472,-0.0033143722250281,0.00248385098992596,-0.0385166948072575,0.00740132495597537,0.0012723547338477,0.00118521500025431
-0.122783880706681,-0.0569044671407938,1.47890735837809,2.63376008944327,0.0286798101380381,-0.0289433169521028,0.0401384243884347,0.00240133886036339,-0.0705691467824901,-0.0149899309438484
0.0080158037839731,-0.00129237167469654,1.17695074969517,1.88344403923109,-0.0237734499388637,-0.0312382227095917,-0.00834738902246829,0.0158599100031703,-0.0504026154986747,0.00712444203469444
0.101094021962234,-0.00872120812368073,0.416698161168256,1.97614354868521,-0.00177286786612621,-0.00169153596390776,0.0531413421916693,0.0148709950482876,4.69082704548037e-05,0.0134896459334886
-0.000939925247004895,-0.0621583149634848,1.29497420710056,3.03265506304746,-0.0323016363435676,-0.0176677208538099,-0.0184663887181909,-0.0159365249654342,-0.00436541569897736,-0.00525605700457675
-0.00467735637353183,-0.00655436388068289,0.969221567125894,1.84434023760277,0.00291160871395851,0.0322317897223187,0.000157026683725093,0.00582500926019158,0.0155409484321888,0.00290796736375048
0.113370014289261,0.121611707543548,0.636146866066545,1.09181975022641,-0.00857611991160257,-0.00983475563663893,-0.036560713709797,-0.00939821365519333,0.0373455366151311,0.0211956930387523
-0.030545959575998,0.0702288128199844,1.21145673979529,1.5611200680973,0.0272753620194981,0.0466856592566715,0.0507979089381467,0.0193572370467892,0.0341579157333492,0.0384073182214936
-0.0629404163306552,-0.0204708007150438,1.57452506812847,2.05728177525756,0.0144290036885169,0.0205930135176965,0.0102326600655079,0.00851453796081147,0.0046032026029217,0.00646751393822933
-0.0751005147186247,0.065641800094007,2.09870664084875,1.96158959017717,0.0137230421965807,-0.0521680551914273,-0.0111593563767848,-0.0491959331617225,-0.0339912599154546,-0.0127793183909124
-0.000575667683274907,0.0570166204764333,0.865579105400752,1.65719972548534,0.00685101904540004,-0.0416702963853217,-0.00529615771236188,-0.0218332151065045,-0.031969349212469,-0.00495644236596505
-0.0683016604520132,-2.49950411524403e-05,1.79460370089157,1.58906544086947,-0.00847733354042005,0.00713665605630349,0.00387318235066351,-0.00698440230865659,-0.0213125411306899,-0.0329630043933337
-0.0223355269947498,0.00752633945054483,1.59151901495296,1.800066276207,-0.0134349808908864,0.0120998863325371,0.0461689693693364,-0.00285734982772624,-0.00513788591912331,-0.0118688527387775
-0.0256925248646508,0.0240432390047333,0.649605369815262,2.01692322468505,0.0193151481033757,0.00397972642948019,-0.0731466154222771,-0.00936230063962641,-0.0126429394678987,0.00500023344051481
0.00168097279371219,-0.0245540924928404,0.288653261795946,1.64219446244159,-0.00357527790790671,-0.027228433924308,-0.0261850645946189,0.0140261179973903,-0.03270040558509,-0.0277154264273316
-0.00446031705740087,0.13673576926023,1.14941777946829,1.5100728840794,0.00907843692579306,0.0204963526153282,0.0315194186096185,-0.0531741314766639,0.0305276968829411,-0.0139316611317474
-0.00724751109465017,-0.0404633780507292,0.958541754767183,2.21941508667764,-0.011080022470563,-0.00170584767488779,-0.00768508529690099,0.00737736699747039,-0.00347882208673813,-0.0153415625644639
0.0823208071834031,0.016072555740532,0.597335944110954,1.99016905497051,-0.0344439013336181,-0.00664080799046494,0.0145404687060411,-0.0137482288449721,-0.00338576183121518,-0.00798736273776504
-0.083028693116376,-0.0294898000632407,1.86999188981138,2.56854568154114,0.0121096770552749,-0.00623400873233426,0.0245057104317945,0.012916633531637,-0.0195255528792186,0.00728748971112681
0.0407682986564899,0.0443418513965712,0.773252335413808,2.05088179037181,0.0219637129462749,-0.0175976805682219,-0.00717956989340458,-0.0173878856182537,0.0583338582626155,0.0122565952147859
-0.0811837256684225,-0.0277239996368117,1.08507149212375,1.83931426414583,0.0212311163744161,0.0152275706182946,0.0467913719730402,0.0148862529412378,-0.0522760538736382,-0.00605363929860527
-0.0293317465113183,-0.0202253405039377,1.40742050352819,2.07678798111345,0.00781670104897157,-0.0232368075018583,-0.0352916661241758,-0.000179798035944455,5.95132047057502e-05,-0.00522185011578405
-0.0204001226291967,-0.007973479833365,0.721366545434932,1.81164445796183,0.00298872838007691,0.0283240428128821,0.0430506556077333,-0.0116572227769341,0.0455468520397364,-0.0319650058326014
-0.00475595362087603,-0.025466619327342,1.09498506560712,2.42824645136193,0.00175021928947968,0.0120236627923882,-0.0444382315904748,0.0094304723689211,0.0291687572325077,0.00350173300264489
-0.0257839133919622,-0.0235833482565159,0.861283175132771,2.11472799519748,-0.00893557828198995,-0.0445737144993483,-0.00703059192046398,-0.0111822360962322,-0.0481854801766937,-0.0168579890909694
0.0303280788920399,0.0388799752333231,0.956997768131136,1.89034245439901,-0.0143690136873696,0.0117996167374622,-0.0176352647887077,-0.00945454966199104,0.0570510378651384,0.00660843750457665
-0.0485082100888947,-0.0105534567794636,1.7102375130775,2.31832372441502,0.00708357583299839,0.000739800279839345,0.0297225845616728,0.0232678973420948,0.0611752792460633,0.00777626772869836
-0.0148023314863438,-0.0226948071128587,1.11404301333993,2.02638931001082,-0.00380643216250302,0.00364090810615105,-0.044994142253104,0.00522762448143021,-0.00512728730406154,-0.0196629171477924
-0.0229682140687213,0.0103473595318429,1.3827860823246,1.99816010796399,0.0192824214086577,0.0460503804019395,0.0116344854757301,0.0178721819336891,0.0297145287710954,0.0258335570054797
0.0397356416183416,0.0768868155439132,0.974094688690696,1.37049895665211,-0.00311043579463968,0.00661318139578173,-0.0362364428393373,0.00428565462753857,0.0387418269869916,0.0150701110160911
0.0655698769779078,0.0578216333717682,0.133728336620917,1.53417878627458,0.0271266382304726,0.0499983228824656,0.0300675440673968,0.0302951340465433,0.0271295599837961,0.0349276984168817
0.00710621305137255,0.0415819123310281,0.836706619001808,1.85296111024526,-0.0117162451467211,-0.0743431982294527,-0.0196869625483468,-0.00565975185561668,-0.0732709211490305,-0.00995152568440832
-0.0464152648138518,0.0357829436432371,0.784433150763474,1.33843531412858,0.0226296997460238,0.00584244697265966,0.0033135547315811,0.0147930451049801,0.0171203351315431,0.00132686306612254
-0.0228940278738769,0.0257934158847721,1.47330782511669,1.71961579657093,-0.0265041934993406,-0.0499767033872244,-0.0089460413595971,-0.0125269063784549,-0.0132020524771138,-0.0177167472276659
0.010011616748659,-0.00617454231124296,0.490539155915393,1.48777410237299,0.00407405390721099,0.0500677806210656,0.0623131778990779,0.00651697890673391,0.00478643707648529,0.0001959906543292
0.0116160607944975,-0.0197685914972289,0.149596018343023,1.61860579809715,0.00982997771007773,-0.0023513246064198,0.0294025068731493,-0.00111456614076952,0.0212893319561789,0.00765737803064672
-0.0165517560166863,-0.0609380152529556,1.10037861156223,2.1932482519522,-0.0185367740394619,-0.0380799073423816,-0.070650140161317,0.00217199268356621,-0.0583331525763355,-0.00925925428982063
0.0369561915878805,-0.0842289470007009,0.819162585965871,2.71340874524714,-0.00960006729896033,-0.000599073479071451,-0.000241536226516958,0.00219479483907029,0.0273096178710335,-0.00736139483895752
0.0659083353727354,0.0827943287421864,0.069303810511322,1.32105701608445,-0.0222196792962711,0.0294138464430177,0.0528901476693865,-0.0185544189369549,0.0125165661607701,-0.0200091455142282
0.0182539437936492,-0.000687523978458062,0.861236434202718,1.94843064888554,-0.00683906585323962,-0.0151373003563666,0.00314760519390888,0.0140058387967871,-0.0344662159425887,0.00291230820641447
0.0907595700603348,0.0740378629795774,0.639934888294366,1.61105709559775,-0.024707723811719,0.0347029304621988,0.0496894452169053,0.0014148204658513,0.111349124059679,0.0177190396543407
0.0684117933101291,0.0613024532437385,0.550395594685615,1.60768884040723,0.0146897068541291,-0.0143922805098272,0.0111382483736274,0.0105636086233403,0.0613804751042495,0.0108138271605294
0.0304666173676117,0.0155438723380761,1.67835059307412,2.55364650676816,-0.0300993208799324,-0.00668174601717509,-0.0756259711408595,-0.012328821525752,-0.00957306080371647,-0.00132388189293454
0.00867579757571922,0.0275181030520116,0.840808980130621,2.00023531825961,-0.0130127378363896,-0.0622381680963457,-0.0252131335848729,-0.0290095056739089,-0.0217937227431615,-0.0119767759584241
-0.00160853074059405,-0.0193683101560983,1.19424710467781,2.19724092767024,-0.00521819090889679,0.0100696984843105,0.0289752507902513,0.00360253485206644,0.0156031016417813,0.00947243016157623
0.0657420684310579,0.0659889042079934,0.270188234680502,1.58074545843966,0.0190826500132819,0.0282963529833826,0.00515235456250326,0.00546462041812989,0.0476719612085727,0.0262258530222372
-0.0345228332345787,0.00530978152949054,1.33516152124963,2.52011853001124,0.00157853471006373,0.0391387909602716,-0.0382199636304446,-0.0273211396258882,0.00404356772475295,0.00702926215219696
-0.0265116404818239,-0.000171767573094142,1.1379860080877,2.08477999336325,0.0171447575382479,-0.0305454878052255,0.0158760963014026,-0.00748959254432141,0.000578651481450821,0.00799962505861745
-0.0915607695962022,-0.0366247091300287,1.80177463060047,2.76472495948056,0.00968453655413015,-0.0455551139410579,-0.013428537714964,-0.00196072619999724,-0.00781052043136003,-0.008685124683118
0.00712810652219717,0.00457402218924043,0.784094252209936,1.55160993396535,-0.0145332842606796,-0.0249240385669513,-0.0686229465127894,0.00305705123879384,-0.0293823098413363,0.00587239681591833
-0.0124877835762513,0.0251782397520894,0.572237816534599,1.82756345409822,0.0267376330978913,0.0272995483852562,0.0200518334547872,0.00651776483994428,-0.00415537286863877,0.0110062935758189
-0.0590878928469373,-0.0770234069687608,1.41643738374034,2.24647249968279,0.00243786634270181,0.0463174696606796,0.0514515472329411,0.0285124776318369,0.00796420095913352,-0.00291837442534021
-0.0268714741904526,-0.0812163008581089,1.01801657349549,2.36286758227922,-0.0123069550611435,-0.0343933971362223,-0.0175410676124585,0.0103980738723873,-0.0514218514668436,-0.0192651506855199
-0.00730211039956079,-0.0451408002943479,0.919057075771008,1.91754823252946,-0.00176031778393998,-0.0117135554075336,0.0150059798302851,0.00410298039282524,-0.0150260599993618,-0.0138080996475768
-0.00782741097159304,-0.0112964197461455,1.32161435405235,2.68484360424404,0.00867715665296998,0.0152465304207902,0.0138362175937452,0.00599507770665423,0.00704940835970801,-0.00415336943812103
-0.0654478238763263,-0.012999585336943,1.53442497412111,1.91880443227482,-0.00524092875286426,0.0214966992370402,0.0788233791716495,-0.00415430229950621,0.026005164405742,-0.0109430732128304
0.0572629476642116,0.0223814851645982,0.86462499438418,2.07442167683459,-0.0310730737348479,-0.0478749177964455,-0.0518821861028304,-0.00795566133213914,-0.033217876074541,-0.0208802853640904
-0.0538616414034719,-0.0614704420062631,1.54092028136313,2.50099999469675,-0.00828485809221733,-0.00857220470961621,-0.0235568604747343,-0.00694530107359453,-0.0429629003346912,-0.0236574924443993
0.039967826665555,0.0462617261685157,1.15801333361777,1.98258146811213,-0.00377407741026192,-0.0426591404677695,-0.0126613120537507,-0.0166247533122217,0.0180186922212483,0.0102746633825035
-0.0412079796295222,-0.0365633119734159,1.12741916261582,2.03985604521517,0.00888725231063415,-0.0391491466036921,-0.069587635592554,-0.00317094179888412,-0.043893419329792,-0.00363978352571265
-0.0730120128172635,-0.0236324563554566,0.629369168115445,1.8372970315828,0.0176505970761685,-0.0964556193575308,-0.0323469371745915,-0.0204385074402033,-0.0515978836253945,-0.0345240721313982
0.0261195572267508,0.0772935027902673,0.684334730020752,1.38672500105739,-0.0100871638517054,-0.0259493574487161,-0.0395010470866848,-0.00927969719101158,-0.012920107466357,-0.00228860202841308
0.00293533670016929,0.0283282015915628,0.463840839111093,2.01239397233054,0.00860044679174349,0.0244254666449103,0.0216877974229351,-0.00810238242081719,0.0528026940271046,-0.00643381952830737
-0.0276848942067899,-0.0112516117671414,0.9652364692561,2.31421836793339,0.00834584529526343,-0.00674608773853439,-0.00251214261237179,-0.016433716439832,-0.0190601441946858,-0.0187030764517364
0.0454942584805229,-0.000724833338152538,1.02377571664043,2.31600488035764,-0.00165803147862123,-0.0522235967390254,-0.0241076417699861,0.0104226286860608,-0.00930853739993488,0.0264848178243613
0.0604599051074118,0.00141209123974037,0.788854393042284,2.43968305213401,-0.025343329739117,-0.0160171487703414,0.0193134964257495,-0.00753638839495577,-0.0246448633356411,-0.011933464944022
-0.0180101940322002,0.0239034268708294,1.06915190354343,2.06200188141366,-0.00294299695267438,-0.022712641350077,0.0026888140877642,-0.00064245972023112,-0.0140675607252795,-0.00398913189874935
0.0253195669390739,0.0732716228295867,0.751281108317082,1.45875817650652,-0.00616954587026197,-0.0496513925184848,-0.0127798508403858,-0.00713011223338418,0.00603805992206298,-0.000835490024067016
-0.0352266677168158,-0.00134594225695518,1.06316783546883,1.9561675213513,0.000849031949264121,0.00852659016648381,0.00846822157097887,-0.0175678877919573,0.013859525661957,-0.0350822972652985
-0.0488543990429802,-0.0759073720910093,1.06813927995131,2.4534594018709,0.00410560259901709,-0.0209556821984214,-0.0104898355440998,-0.00291669126450873,-0.0286763647392677,-0.00703774343026718
-0.0102769551677619,-0.0206261047620661,0.669078066080933,1.74100156863471,-0.0138953000026392,-0.00899384443195166,-0.0178015714358885,-0.00382429672465852,-0.0614041652683494,-0.0249596687176889
-0.0144212292014686,0.0437858727449702,0.713828126873348,1.67944708311708,0.0189836023549645,0.0108989029412376,0.0294785290961003,-0.00919959271226882,-0.0171534829447353,0.00936857433117794
-0.0823677260150772,0.0421520016397986,1.80454777225243,1.87440172323446,0.00435497897871364,0.0372502649696624,0.0403196832779327,-0.0106045652505552,0.00206908580282382,0.0195944480883821
0.0126955417452669,-0.0526107491836071,1.07159060401764,2.72266685670518,0.00905302475566531,0.000223715083880853,-0.0298488517575448,0.0103347224539908,0.0100587049731269,0.00941002604739346
0.0777295727054981,0.120629561742271,0.632525502163186,1.56859850889446,0.00923864999592755,-0.0702723476830514,-0.00998278406908814,-0.00198123872745249,-0.01697299564039,0.00899177963606969
-0.0320287105437241,-0.0286191762611306,1.37902059524407,2.08903140842823,0.00983448853633756,0.0928499856165275,0.0722855098807724,0.029225150337703,0.0153339191467109,0.0280129349075363
-0.0654025040369926,-0.0673178667478836,0.795115491580556,2.26076091858976,0.041521204421345,0.000764028648604629,0.00754497600990374,0.0253234467642735,-0.0206389845891967,0.00334386482332877
-0.0258831753872027,0.0179591668269646,1.23453200720218,1.40919965778525,0.00929438574744008,0.0352047028030987,0.0473985441097813,0.007804886336714,0.0295542204335594,0.00829296812235888
-0.0596966727494854,0.0279464154237857,1.40055677518484,1.47481744450312,0.0159660129860074,-0.0195853801952256,0.0418875655621966,0.0117050347160009,0.0252465275963629,0.0168544433540296
0.0566935637236181,0.0430521630821669,0.608512020799352,1.80210529723037,-0.0151378567409048,0.0273797050341003,0.0116783394390708,-0.012616909596838,0.0188636208033007,0.0162996188747739
-0.0368062663616589,-0.0456765955418819,1.17887187450807,2.64551886617334,0.014701660891192,0.0327157580487973,-0.0163478215754345,0.00200728833011446,-0.0255029540814594,0.0145732455578458
-0.0347098439088282,-0.0466932223836977,1.15096032382122,2.01419745898886,0.00656361428320415,0.0334974742757055,0.0350215689708941,0.000728996018168032,-0.0259662821949907,0.00234656311456047
-0.0305857587280536,-0.0344079614654875,1.01836363645003,1.90871989808454,0.00121151239323537,-0.0109014894588924,-0.0296947882094681,-0.0041658914853277,-0.0379124233298458,-0.000937511353972288
0.0763914781492531,-0.00831045739274514,1.160225386935,2.31780424128901,-0.0331258741419303,-0.0557056968867554,-0.0736782259622157,-0.00998890011036806,-0.0483899967780182,-0.0018881617384734
0.00847617795931162,0.0891131843712953,0.462925744087627,1.16078879130901,0.00311439669739439,-0.0532955829493019,-0.00770130361531303,-0.0427054412264615,-0.0692072973506631,-0.0122804263505872
-0.000182644976553982,-0.00755284572969879,1.40868399666126,2.66214023923276,-0.0140024211264082,-0.065705806199346,0.00328623725769397,-0.0215763004551235,-0.0132594330033381,-0.00807090696084387
0.110609046226409,0.0364063471476692,0.338236236798029,1.5674980338689,-0.0220455755473094,-0.0236866257883109,-0.0169960669453599,-0.00961423116173004,0.00567220347069881,-0.00156536459179456
-0.0652083854634532,-0.0443679495308633,1.90727945027246,2.9018303482097,-0.0183184610210317,-0.0253841597836534,-0.00472815199165167,-0.0155283345116765,-0.027687211965187,-3.21260228115751e-05
-0.0551221612526932,-0.0701675511360024,1.94188091685741,2.51171662601338,0.0203596819641924,0.0103221857502372,0.00787063358780392,0.0198617503911007,0.0255119492914881,-0.00304642761843724
-0.0767315024285608,-0.0243955446579698,0.937551075673913,1.11077371824371,0.0103239242799362,-0.0277021965680587,-0.0116424250981797,0.00813416139862474,-0.026740363397574,-0.0195084924143458
0.0302381433778878,0.0328857958006237,0.669008188568547,1.41906754986034,-0.00588950457641852,-0.00996993225737503,0.00338966015291524,-0.00542961465425743,0.00375723811197236,0.00788648368616513
-0.0276669464772562,0.000704918374197001,1.5553768695681,2.66850288631963,-0.041503788930567,0.00838304719114111,-0.0184246240826846,-0.0305231511530412,-0.0303313851721147,-0.0105760052708291
-0.0183049072272808,-0.0445770645363748,0.914706612790521,2.51414697480276,-0.00352244462340726,0.00722142857109655,0.0206664545535433,-0.0183183515533163,-0.0257813173660207,-0.00460378176010231
-0.0162721097917277,-0.0395980868366309,1.15330161925954,2.68582546252551,-0.00106945321787982,0.0291708628239786,-0.0172920870239249,-0.0108092580871965,0.00849276047561529,0.0113941147752443
0.0527232677010625,0.0323838802503284,1.19514361778971,1.99495362434297,-0.0176598942709206,0.0266139948455974,0.0578479433662696,0.014470834602916,0.0153522883197592,0.0303645775662405
0.0493761470755978,-0.0566741609177121,0.50281721568828,1.94418734796071,-0.0116458063373961,0.0214408912981102,0.0249158821016641,0.00959371876477616,0.00378060817456385,-0.029730951769436
0.118622549774635,0.0894075965495505,0.459307435252434,1.30507436623829,-0.000687860234766245,0.0302801542637457,0.0207713445396019,0.00692528725657354,0.0162059621831344,0.0261553798630193
0.0427238990743028,-0.0425237955079514,1.18868894782874,2.63143824754121,-0.0258070086831841,-0.0385098167185046,-0.0374700879064958,-0.00437083652358839,-0.0574079064854198,0.00909507697166478
0.0537871012202365,0.000952719187078526,0.701058029275992,2.00562790115431,-0.00917638436678474,-0.0776244146411083,-0.0332871413568918,0.0129838420250562,-0.0405787187067843,-0.00404310177133772
-0.0306931854603511,-0.0348510907607504,1.3470566576615,2.48230379470888,-0.0170082564640078,-0.0213562149982907,-0.00731564474583703,-0.000790728258810213,-0.0223367920011117,0.00735656167213972
-0.0465325993308714,-0.0635260859736691,1.04588772165481,2.21650380270317,-0.0078366534352466,0.0232921918163119,-0.0146104910248723,-0.00648580195016303,0.00930431888305625,-0.0282946293519337
-0.0257418975747025,-0.0599274878167132,0.989952557174888,2.38895954598303,-0.00106471823051249,0.0484703092071613,-0.000698934880815652,-0.00772527550776297,-0.0191471200863401,-0.00130665318548282
-0.0231168545702472,0.00255849466114023,1.28278940719792,1.98152113263988,-0.00353194837015773,-0.000897802902064418,0.0393797813293707,0.015064648283006,0.0228729752316272,0.000831618220925106
0.0212811814847513,0.0470878356789159,0.5920343107603,1.92063055136342,0.0106266850082858,0.0189406995378546,0.0447552022576559,0.0015009706358037,0.0234079036075286,0.00332261999571746
-0.00365208303678725,0.0233444787085363,1.50781286501433,2.78150167709731,0.00878457836419666,-0.0454758007791765,0.0436940819632013,0.00292962996793985,-0.0178882463287063,0.0181247180496093
-0.0730188370151258,-0.0457193618751295,1.67164097835449,2.49850308874058,0.00696297254154669,-0.0746991457809289,-0.035142713376067,-0.0153658657339038,-0.014082302292486,-0.0272197342573035
-0.0412843931544568,-0.0567904016291897,1.24943364374524,2.18460675465469,0.00362773927753951,0.0129909867069064,0.0174910288156691,0.0179835047187729,0.0472458152614233,-0.000931050941099884
-0.00911556062035304,-0.0652303744218682,0.719847488650622,2.23552331029018,0.00851519021474066,0.025991859934749,-0.0277770078789545,-0.00569677179904196,0.0152592879016722,0.00351763488078232
-0.039287453961514,-0.0612273891556503,1.30251107348252,2.15166103891417,0.00441609887380809,0.022519123969913,0.00928599958953922,0.0301944365394919,0.0506335635167211,-0.00172382650630351
0.044324684111393,0.0489108082150484,0.489043819110146,1.62915144296694,-0.0034332170227214,-0.0285684545445057,-0.0468511217540089,-0.0141649100382642,-0.0139481800518078,0.00393393371852683
0.024891229546699,0.0174238689610947,0.576140909913661,2.09294182506788,-0.0051211478284799,0.0263858345963538,-0.0258272301130846,-0.0192629702970126,-0.0163542424390555,0.00146551292734411
-0.074226846633259,-0.0359416717776211,0.961780983501619,1.95080762828565,-0.00431282894769712,-0.0258442288697733,-0.0221917450018138,-0.0252285177562353,-0.0636179137066043,-0.0129195387703767
-0.0503821722423042,-0.0195919551758567,0.957496479509559,1.34445838715243,-0.00467421281893818,0.0350913918725057,0.00320902329372456,-0.00146323589009316,0.00879032316557443,-0.0192058915959095
0.14994954341518,0.0567464932393204,0.558975871155922,1.8912955716769,-0.0288455147303963,-0.0307283677451147,-0.0204490842936994,-0.0162029643085324,-0.028124278553304,0.0241161999478776
-0.00701346445642965,0.0161054075398833,1.18873523434141,1.92979410534359,-0.00943825370781193,-0.0346984472286889,-0.00979333892981515,0.0031298499170442,-0.0748084810505174,-0.00311596514404819
-0.00827517217899065,-0.0752142244219438,1.27857158040295,2.41350794052762,-0.0222606168092776,-0.0393235166269916,-0.0756869153290701,0.0169316997922012,-0.0198473209323923,-0.00745532442109884
-0.0267364785492047,0.0316723877594639,1.32446622352959,1.45444623179414,-0.0185818924398062,0.0396153323098911,0.0865584881734614,-0.0186631623317494,0.0398277331475995,-0.013421427341669
0.00571100057357813,0.00424914034264433,1.07546145365733,1.9022334859072,0.0175743165279162,0.0126080665166716,-0.0272447694322226,0.00414282902647085,-0.00824036385372574,0.0213191902300805
-0.0288874181136018,0.0209722499197942,1.89234887810169,2.29743978091072,0.00791333372314574,0.0393678785729115,0.105293243290361,0.0167365902974413,-0.00880284733404529,0.0168477875254824
-0.0709330199417964,0.0035251907102939,1.04265481176818,1.90350162002117,0.0226791737773762,0.0525731947256895,0.0675442696101298,0.0106884798217056,0.019287677483156,-0.000746626355679562
-0.00835987741934041,0.0201971353984835,1.44667114732346,2.27412769556934,-0.00298035273172337,0.0155409758135549,-0.00205385905307774,-0.00868927560020463,0.0313586987180806,0.0156844770721407
0.022506836419151,-0.030180554270324,0.50694011107913,1.97487929242522,0.0163156959103995,0.020761999318709,-0.000539726628268175,0.00670589217277623,0.0356122659345541,0.00102595961948138
-0.0594638690221432,-0.0979453910555096,1.63649417417174,3.05213294041484,-0.0277652737064017,-0.0478907139595112,0.0116931068388354,-0.00979191262819664,-0.0277323830794234,-0.0517700878407171
0.0683898015336416,0.0681032619467733,0.211063364299733,1.44945607567334,-0.0175319453875575,0.0130009401782687,-0.00712977143909283,-0.0115550997098584,-0.017822217935023,-0.00041832714709042
-0.0316756402162721,0.00755423375624151,1.26171380666845,1.55352021028791,0.00316438430020408,0.00672477169605472,0.0183447754036359,0.0126930033933274,-0.00260966961058855,0.00801580330973173
0.0555182933459214,-0.00672338981439672,0.458432141514635,1.94767715918822,-0.00556471090466483,0.045362049431276,0.0258692501686619,-0.00832242248558057,0.0221885296678562,-0.00376546866671845
0.0408721693769592,-0.0482800697245849,0.879378667085356,2.24590832333012,-0.0158614095667739,-0.00912860893302798,-0.0150077285715683,0.00696804601936733,-0.0179063191739867,0.0052023620338281
-0.0907378703263216,-0.0283596007031968,1.77163283115601,2.31863734932772,0.0164233875461083,-0.0103150635005331,-0.0123336372419315,-0.0123017887625398,-0.0230097866399494,-0.0104469626758077
-0.0394614880227498,0.0196233358710712,1.40539726964611,2.22510311621504,-0.000748571267055266,-0.0279038578694839,-0.0489345354937429,-0.0113247285190275,-0.00701404495146107,0.00494590212996858
-0.0685216055450914,0.0193513833432548,1.27005974840078,1.99575622737569,0.0186100714761505,0.0150905001518524,-0.0357726122364382,-0.0131812400204669,0.00387982037805303,-0.0115563074725431
0.0178347240682095,0.0223080323666111,0.812337691069876,1.86196229712944,-0.0205619973072838,0.0249258669201047,0.0175646837388186,0.001231210704292,-0.0728607029101454,0.00987683130133694
-0.104683883122471,-0.0568547858277815,2.33782230111392,3.25242137352997,-0.00311114101729601,-0.0224208185943106,0.0054920333854635,0.00617811720718285,0.00446470803044893,-0.00622762637312554
0.127075550844322,0.101000160547566,-0.0588330736953488,1.47649302145791,-0.000944925272362838,-0.00203904967748642,0.0160269657045616,-0.013608200390725,-0.0167573466374095,0.0276166099420206
-0.0470684064127174,-0.016810385542601,1.1209109303583,2.42492947496947,0.0225315993741348,0.0211195732933854,0.0315437879556147,-0.0020333726031179,0.00861044039089945,0.00823011012769504
0.0385240568222555,0.0293147415892102,0.923075970699825,1.71346796604407,0.0014258025963286,0.0262643941239229,0.0232245807673947,0.00521189494432321,0.029660549528868,0.0221270890021791
0.0549097346938203,-0.0100521837491377,0.296131381166719,1.46375811842545,0.00044494835717895,-0.0109992608312336,-0.0172448140564031,0.0141708380631911,0.00691866413638907,0.0157543396866687
0.0421848918078571,-0.0148932746817728,0.570073396709562,1.60464534827214,-0.017363675677609,0.0593461167246897,-0.00620822824349135,0.0171084498888294,0.00472307543835629,0.00592508793823448
0.00863304194783021,0.0505703734318521,0.576668518940324,1.98944477764546,0.0263008015671511,0.0531434082755465,0.00969465471042544,-0.00109269644735436,0.0162661202249657,0.0179723036441641
0.0339452231082239,0.00210656895003818,0.852007997012404,2.0231176711058,-0.0198999019136737,0.0228062046186126,0.0123182123003737,0.0108533250919525,0.0273466025517255,0.00893593999072468
0.036193090780205,-0.00175790835548926,1.01240700459191,1.7853298324481,-0.0114872995183157,-0.0219480685873707,-0.00197783610850134,0.00242008936194643,-0.00221452653682809,0.00862296415096121
0.0663964349981242,0.0500551728559491,1.28885780783259,2.30217989062113,0.00447741582261474,0.00976428067756385,-0.015490525944422,0.00563698471835625,0.039881518002575,0.0320406960077878
-0.0155914939265248,0.0303676684397206,1.18561465058894,1.55449943693956,0.00662066597538441,-0.00713043624329252,-0.0155773851504859,-0.0146666582852078,-0.00913660572551587,0.00154175677869906
0.0412969481407471,0.0258179245296498,0.648745458526707,1.86426512231067,-0.00829167048900606,-0.012894038810678,-0.0330842792399039,0.00370417207826864,0.0512339201439336,0.00415790930036692
0.013746494736601,-0.0585030083103835,1.20071350643388,2.36809360646291,-0.00440332010477654,0.0266351408427342,-0.0339233824609807,0.0253534372262526,0.0564110250974658,0.0117329870816986
-0.12924201891773,-0.049288839497367,2.18521760230649,2.28019928477319,0.0140916026936662,0.0473476627313421,0.012645353741781,0.0131061833424775,-0.00719484753593643,-0.00830000209246623
0.0231958887688152,0.0115358998354934,0.73231349544484,2.17826735403864,0.00732387668333859,0.0193830428573001,0.0116467220421253,-0.00942146234189394,0.0730079307129691,-0.00972430339892762
-0.0217476541637609,0.00686347428180893,1.32544215239546,1.98988623071866,-0.0305664210498452,-0.00542246406134394,-0.0270922579250434,-0.0271807887723683,-0.0088166476271723,-0.0229870057704366
0.0378812265233706,0.0513390097643393,0.492354748184455,1.52458486028833,-0.00425865740814485,-0.0385303467599586,-0.00516333750685489,-0.0328557112714268,0.00289624394837736,0.015058085440632
0.0854904160164604,-0.0107492473966913,0.405997230566526,1.66246937939301,-0.00431256874039722,0.0449012451311135,0.0562902991249436,0.00103581977047395,0.0927726403060575,-0.0173537466762925
0.0684738399277569,0.0635165241189118,0.278840614440042,1.35203177680311,-0.00301130819818328,0.0313380577108911,0.0304295740090615,0.00892688156069463,0.00496285208990022,-0.00195833373137506
0.0154294556222592,0.0329222290538791,1.41907413013162,2.13616054062159,-0.00641213582028006,-0.0260508474242559,-0.0184685480543832,-0.00761550618043415,-0.00134940929960769,0.0220066711670843
0.0685361254569446,0.0293748020310068,-0.240702945340445,1.51614636094883,0.00579316910793029,-0.0533827754386888,-0.0325179634692954,-0.00762916258358415,-0.0149511186347925,-0.00103023475359728
0.108837134890705,0.097017177149622,0.596298497948408,1.20752643272769,-0.0110569351173516,0.0238543653981198,0.0247670235116889,-0.00348480404580188,0.0524490946406982,-0.00233066110835072
-0.013940785209548,-0.0256773227823935,0.779817856418437,1.70525379172348,0.00468343890984661,-0.0149486049722409,0.00880459393539159,-0.0103350950945954,0.0303172189132061,-0.0126335488858076
0.0369457496936042,0.0783727080251414,0.737188529516192,1.2363086250518,-0.00206522395423996,-0.0250898016708267,-0.0318533523534029,-0.00590255984947034,0.0174331529719537,0.0108872472722999
0.0220043481763162,0.0372811243902145,0.515193992300268,1.53476496725679,-0.00755563847743622,0.0081912963534804,0.0293122098790387,-0.0181690731807127,0.0370203017612034,-0.00566958410874584
0.0339534703988573,-0.0220944602177373,0.797569787043565,1.75830736030941,-0.0237198238431487,0.00214233463751787,-0.0527847069368413,0.0131653884139724,0.0196531765124242,-0.0112136792574078
-0.00683370161634471,0.00264879820325164,0.937807855245095,1.90251128047728,-0.00823725491359185,-0.0418159090694159,-0.0128806417675403,-0.0127630700210306,0.00860759609514677,-0.0202389402835423
-0.030574047390332,0.00858548794590578,1.2784196423081,1.60198066186425,-0.0102199092203054,-0.00657465910293273,-0.0262021305441534,-0.018223186938005,0.00291198641640422,-0.026736736303206
-0.0137092626473475,-0.00552977755811221,1.44720343831859,2.1561048385156,0.0145794973400429,0.0511018514198126,0.0241883914627065,0.00390192148684482,0.0215319471614304,0.00872491136608883
-0.0165582915799548,-0.0532218478115772,1.06244416595755,2.09624811392258,-0.00979692927893571,0.00975741514646948,0.0224569700301869,0.0188727848769969,0.0150743777735889,-0.000202511145078285
-0.00379130453579365,-0.037579686359576,1.15216418489534,1.92286315355218,-0.0135785813299038,-0.0226645466776644,0.025453120969919,-0.00156706243526963,-0.0356215365337579,-0.022990151492423
-0.1158981901898,-0.0916188449924681,1.47049938379195,2.52474345111216,-0.00138835992181788,-0.0130603598419881,0.0179349716319831,-0.0132695177070207,0.0633676489628493,-0.0344359098717612
-0.012391467275204,-0.0965246396504382,0.794455453113301,2.36042274333441,-0.0124424940948443,0.0187280828018341,-0.0265318336536704,0.0213146312099478,-0.00976680895634808,-0.0127956351437001
-0.0242881955640879,0.0258706883661429,1.2208167107642,1.95926385893537,0.0102153742039388,0.0226821449740982,0.00885456246634098,-0.0178863063402491,-0.00154247198486201,-0.00545255665878899
0.0399114075000641,-0.00360039783480957,0.561387301282828,1.56255807487487,0.022680251564365,0.0383088320641427,0.105494149512945,0.0324341281164293,0.0810661310006634,0.0202982054463411
0.0117719399341115,-0.0261683752521445,0.899659453860418,1.8435458316713,-0.00898408862199235,0.0111062177190176,-0.0131338528430753,0.00646392059908083,-0.0145090567707598,-0.00364677728225137
0.0917209759450622,0.0350378576354783,0.637839562586493,1.6529983013577,-0.0175142440672627,0.00773370603910222,-0.00785493745491581,0.00318769375411295,0.0211357682289279,0.0171638110583539
-0.00821453060832036,0.0254410900797452,0.714979287269788,1.96071808957668,0.02701527215766,0.0274538919302948,0.051999996903972,0.0121979403960515,0.0223942904083308,0.00224291551671083
-0.0357874149368604,-0.0764602434016478,0.179508785724736,1.62988954891983,0.0330572185514516,0.0532866799308532,0.0570649445102919,0.0486351456619779,0.0251271818372821,-0.0139202087543409
-0.00384250626906778,-0.020084721582577,1.56647371928106,2.41259401625346,-0.0124264255716783,0.0100514357109457,0.0275486011583648,-0.00646100242136201,0.0148227009206836,-0.0155000388766849
-0.0168360590915533,-0.0830564154621179,1.25004205590493,2.8215916070008,-0.0188614660378591,-0.0107890284497069,-0.0215771389623551,0.00403881619338774,0.00521416596979475,-0.00503274925569498
-0.022980686785765,0.0298434230851311,0.807546349066032,1.66759788775168,0.0208660961067574,0.0704849264871754,0.0518290150831089,-0.014997453051265,0.0304669908362118,-0.00851912078004734
-0.00926556801681249,-0.0601746299130259,0.763833851520838,2.22431379764714,0.020772924631624,-0.0328739451061587,-0.0400295842756339,0.0223149371992188,-0.017338406005926,0.00435873181272927
0.0130233112555587,-0.0027565132823505,0.537243308967891,2.45344859365681,-0.00304244474937711,0.026870601326208,-8.02868254746767e-05,-0.017212033557188,-0.00367739851558737,-0.0188520728747282
0.0954705739779236,0.0137586483175211,0.0516628986023555,2.05212600660254,0.0128018821804603,0.0268126046249891,0.0483417694317311,0.00628793189160837,0.046644889999894,0.00452180450474652
-0.0043155966962673,-0.060082416222831,0.810369197070297,2.19495479225936,0.0186974735807367,0.0814606712201596,0.0445403632137525,0.00391228377538576,0.0727964272358697,0.0146846292471048
-0.00707355984247094,0.0041425976926086,1.48658567319055,1.87605297771687,0.0115563931385344,-0.0767079799882982,-0.0640545567820712,0.00437635767240729,0.0114138268852646,0.0112366106098109
0.0576814512526481,0.00413653042531579,0.656009636493661,2.10710928929475,0.00921211146530611,0.0103867288309951,0.0177576590619992,-0.00318185728616611,0.0370122811036578,0.00906651186601883
0.0140741725815314,0.0572153678422759,0.655154593929285,0.961941062318895,-0.0108588185577977,0.0616719146294112,0.0217252890454132,-0.00661949639571485,0.0170153770244327,-0.0030744153628229
-0.0131038321109141,-0.000180790547306153,1.41902406620234,2.1758557144773,0.00985006307523053,-0.0169583378190279,-0.00595669745280434,-0.00829059768713271,0.0128948209659337,-0.0030693310325577
0.0523960539333633,-0.00873812288213633,0.700662038779236,1.84873748410963,-0.0356774315635902,-0.031332420825137,-0.0954873364423075,-0.00496639527453932,0.0226308670164324,-0.0300187914489083
-0.0239303085238207,-0.00828473990444939,0.767637135584151,1.69947852373361,0.0173377745813899,-0.00507375283499133,0.0255641145738695,0.0138539013319649,0.00810423485499764,-0.000930456730875141
-0.0404695352357166,-0.0190458283702223,1.54031999112359,2.18297513410012,-0.00399489660729026,-0.0140773549054416,0.01041855526962,0.00745813702526707,0.031750685533712,-0.00573711589366385
-0.0173567250337893,-0.0504164643294552,1.68390904203917,2.98287284009568,0.00668170742536574,0.0535037956014516,0.0620265581348348,0.0138087868298983,0.0157630575473849,0.018596804731736
-0.0450006355909001,-0.0513187343367443,1.4527310187922,2.70887178088304,0.00247160109771508,0.0118668640748337,0.0173054239071317,-0.0130466961281298,0.0178709019078093,-0.0356456189611254
-0.0267708460783725,0.00512564948765831,1.42499753727983,2.23860684950963,0.000773001129293407,0.00125533475976268,0.0112464850847131,-0.00453274085184729,-0.0106614698911995,0.0103882893553804
0.0695847879513001,0.0509162297404836,0.690814247192182,1.77292052277794,0.0119259926569908,0.00284499204568535,0.0365399307655939,0.0229012208184269,0.040539918577624,0.0329611778338226
-0.00752657037777859,-0.0460942159822259,1.07738346008758,2.6525466482061,0.00588315882262309,-0.0215054408446078,0.00826865216332757,-0.00213093015661959,-0.0357099960367137,-0.0104307785674256
0.0504365537500122,0.0861275731641575,0.651899642260352,1.47528740691954,-0.000497942587836354,-0.0154736929112898,0.0172633813919093,-0.0189193658075126,0.0271175596012901,-0.0109741651438355
-0.0217144626131024,-0.0207251723718646,1.52984324694865,2.62266869538127,0.00213109687776997,0.0105012639311127,-0.0330980262387218,0.00786391622014443,-0.00820218733578349,-0.000655756119557217
-0.0185796126895776,0.0290883996058969,0.924314292324702,1.70393044057125,0.0253615309818637,0.0140175689017267,-0.00278210116993057,0.00241964045429565,0.022818157978309,0.0103609454679877
0.0099423632841099,0.0794535080377677,0.694871504032991,1.99884403293214,-0.00150670156647248,-0.0049706921185846,0.0144503066456615,-0.010628087257242,-0.0324878654657329,0.00519639157404923
0.0346983808167814,-0.0170267803976524,0.633757947851536,2.07942270012515,-0.0174368419925517,-0.0184260588442929,-0.0173091911216717,-0.00598250762947027,-0.00586647993374707,-0.00570451370260574
0.0342678366324293,0.0647603940454642,0.46226563569047,1.65580767632571,0.00523578221794433,0.0141353164191237,0.0359110364974944,-0.00933490981704951,-0.0126607150244549,0.00403124484573199
0.0380382061877121,-0.0389678515466592,1.2769897166569,2.06669572549907,-0.0284876445576447,0.00357652906366374,-0.0265369867130937,0.0031083787638106,-0.00193154459928105,-0.00422958538170003
-0.00503854737530616,0.000920424184396449,0.412952093936002,1.84390711140945,0.0114135724498359,-0.0242738877651153,0.00855013977319655,-0.00514922136311068,-0.0090604849732814,-0.0239674299762439
0.0211631256495693,0.0342934288132137,0.492701323993236,2.37147499810069,-0.0129001591861739,-0.0114558236300343,-0.00972291530521899,-0.0387640932747752,-0.0776163142181179,-0.0112768185867415
-0.0754772355428251,-0.0353915963456806,1.5578718459399,1.88876460320319,0.0161845209833368,-0.0205169963263777,0.0170205279072258,0.0109753106436969,0.0331823073996709,-0.0160123260250899
0.0265073761669866,0.0879030571637089,0.678195981752365,1.84444113126905,0.0102987815556853,-0.0197121137983425,0.00476511880437267,-0.0226074588712081,-0.0198079078235395,0.0125595862303521
0.0302112799828692,0.0392378065144302,1.1564192725827,1.77880628352786,-0.0200896891301332,-0.0536543153646235,-0.100012007492818,-0.0231431761583092,-0.0727006110069071,0.00239668046191836
-0.0586725775158076,-0.0729746193638167,1.31075444737351,2.4649446640531,0.0102074982433742,0.0519998520169259,0.0489630485860907,-0.0116700889320294,0.0555231558444656,-0.0279768634746159
0.00848144164563886,0.0331225552376385,1.19957368645175,1.66657126331914,-0.0239247613939259,-0.0107815349310599,-0.0579838806554491,-0.0121054392811652,0.00267151513455436,-0.00207811124768375
0.0116130427196259,-0.0234307090019761,0.657251054926654,2.00658088369388,-0.00631733238098224,0.00248319089463479,-0.00649523552261992,-0.0035267973330081,0.00529340335982933,0.00229058858961489
0.0814292606430677,0.0838781534843545,0.892059919750201,1.7396398016272,-0.00183647846482925,0.00707633967118198,0.0101378586581945,0.0217546269119687,0.0249686543000149,0.0263347155227602
0.00451467922436551,-0.017520118374153,0.870650308154531,1.78504330965682,-0.0109156350670129,0.00300800659082948,-0.0533200830593478,-0.000783383129944327,-0.00510359631645893,-0.00972251730714561
-0.0202276328773287,-0.0724703626873841,0.784276913703727,2.7949703199758,-0.00327616037623973,0.0146106461392391,-0.0235994325081821,0.000987661033600367,-0.0544042752926807,0.000330798093305469
0.107037641601912,0.00804717697400572,0.653472837696929,1.97232161720576,-0.0136675258775362,-0.0178702528767187,0.0211846921911753,0.00941862248366224,0.00292558725369476,0.011042418599675
0.074405936757757,0.044593004837377,0.746520251951487,2.15045234267566,-0.0138050486767421,0.007256683742259,0.0223498363489621,-0.00279390484081556,-0.0123908152899198,0.0180202681864451
-0.0602194832821991,-0.0849984711580144,1.22173689845418,2.07350706643349,0.016925507534411,-0.00244020964361694,-0.0366394349203893,0.0284842690249342,-0.0500368627148981,0.0139184683510937
0.00545486506913753,-0.0114581784229346,0.929095753179437,2.38840296226672,0.000991737478811978,0.00218909962732532,-0.0122231300438767,-0.00147250088523563,0.0031175790929513,-0.00598628321243947
-0.0553158160919168,-0.0412649770213313,1.85937816588285,2.57800901474304,-0.00265652063076437,-0.0381010209611014,0.00406671811185929,-0.00391944247739109,-0.0285573014159657,-0.0051182954019836
0.000772515809358896,0.0655749903462958,0.800397435390774,1.68106379326026,0.00622579257428524,-0.026921875412058,0.010403498831308,-0.010426384471097,-0.0265217104994389,-0.00608066236350111
-0.0463943129263801,-0.0185499469727749,1.07023572598916,2.0130505058222,0.00891697816016886,0.0185348222014829,0.0221072678820006,-0.000111093691132156,-0.0161800449803216,-0.00676910908937275
-0.039829252494963,-0.0241361350538406,1.52608223643381,2.46934479440143,0.00707286976613745,-0.0424138697142491,-0.0391614691157626,0.00313105202055336,-0.0220457572053336,0.0141679546434034
0.0889365006111489,-0.026057232548109,-0.0181970378661231,1.93496077155077,-0.0134594797337736,0.0517629343894493,0.0261406959755869,0.0138338534406263,0.0377905980512728,-0.00937183417115384
0.00375171080101332,-0.0227516513789211,1.14026376694971,2.41181096526275,-0.00560736530833457,0.0223350623795232,0.0535170467590779,0.0205474332024616,0.0368039005567255,0.0184835313020105
-0.0592991719627173,-0.0630807761848329,2.01585858503722,3.23930072497409,-0.00604017670647567,0.0255729706107348,-0.0342964414238218,-0.00682753466847709,-0.0159846057438487,-1.11368510616441e-05
-0.005494588374499,0.0133059442898056,1.61070405137074,2.47241820031666,-0.00222056119027838,0.0377084106690116,-0.00844234299704833,-0.00166068210245191,0.0359687248574428,0.00750466532444717
0.0323992438049481,0.0586300703520035,0.221660073611627,1.04244342192708,0.0166082849037402,-0.017051349155556,0.0299757526855423,0.00906530309347862,-0.00619368586052171,0.0139050146470996
0.00507517945283616,0.0039283457604893,1.41079120729797,2.45750745150581,-0.00453952758343004,0.0230929450166845,-0.0191511895177381,-0.0109878552902865,-0.0390637421220239,0.00628455870762825
0.0228268532636229,0.0509997208691015,1.14562135597824,1.26943111325523,-0.0205143273140132,-0.02195623685173,-0.00194611056181022,0.0076464260805189,-0.0471801359435418,0.000346978667837585
-0.00927423349726437,0.0272288413088416,1.08922654998145,1.91801910599769,0.00517074566175826,-0.0226799123972134,-0.0311012831081463,-0.00909025512686479,0.0357045077401614,0.00437831441846838
-0.00764977051502576,0.0472063254852483,1.40631437750235,1.57037801437613,0.00911954727347172,-0.00210687625827049,0.038225381288915,0.0107117880545698,0.059766817090563,0.0117814645853885
-0.0490351414921955,-0.0371375622979171,0.815071448971273,1.47744767524981,0.00757976050947947,0.00918369664750704,0.0210439378149731,0.0274057173806631,-0.0516984033740049,-0.020862420814087
0.0429970755532379,0.0573936651501639,0.982544951566097,1.66805742795207,0.0225915056412874,-0.0318115150421703,-0.0399680737393971,0.0106447696016483,-0.0221206310013983,0.0245251855883665
-0.000524227295801121,-0.00925348295878423,1.34467423801916,2.10170606990649,0.00546293925911609,0.0300214681590351,0.0330496354237538,-4.27720615412592e-05,0.0245255848235613,0.000552667479517479
0.0105424012942669,-0.0613275808091497,0.943007097878109,2.54265307299337,-0.0205382444213304,-0.0346399297808653,-0.0047134512160217,0.00280332361526384,-0.00995236724743904,-0.0194051082177549
-0.0229358811337257,-0.0482670479481462,1.39920365787317,2.81040315410224,0.0106672293011456,0.0315131978260717,0.00445042052884071,-0.00879836847455125,0.0445274298648545,0.0117629501625759
-0.0307747068333467,-0.0101283283294983,1.50707688569494,2.2850903901997,0.00463953177756706,-0.0132579246687469,-0.0537049690458554,0.007183013316536,-0.05587985230623,0.0219740620901625
-0.0133513514620393,-0.0147513208649835,0.996141831231939,1.83659254135967,0.00299414063644901,-0.013940344315445,-0.0642428252489587,-0.000337085922660429,0.0138891360109614,-0.0253827195563118
-0.00696682712546659,0.0106072309921075,0.920916929020409,1.75119223894891,-0.00755828316387191,-0.0425508568142905,-0.0263186355496414,-0.0172901975917878,0.00225868815526099,-0.00336275285310837
-0.0710823407748524,-0.0465709336282521,1.58599618827904,2.22096085280343,-0.00145323582839027,0.034246626766217,-0.0187609455130102,-0.00503565458883421,0.0188994596533652,-0.0190749960780501
-0.0483096431147321,-0.0885997368127365,1.33104988966407,2.66728337511638,0.00131253664780461,0.0153074374982754,-0.0250382513862304,0.00562546537857087,-0.0483637722626384,-0.00806617680292925
-0.0638267348873319,-0.0314508130700897,1.35660250077828,2.69555809276487,0.00540113632051513,0.0130456457937906,0.0168991265191528,-0.0151851494684958,0.0347767652534203,0.00411739827709737
-0.0430808499158926,0.00365921986343573,0.76137164768426,1.68123595134812,0.0249712907223711,0.0820098962234035,0.00789773893993197,0.00277766970486384,0.030908980222273,0.0147886903078994
-0.120384235015471,0.0157216929855146,1.68142507798368,1.84461805116391,0.0257358572258715,0.0119967943037375,0.0438532314373814,-0.0250383958223502,-0.00712647106939756,-0.00588204770045775
-0.0712809513088373,-0.0519082345889083,1.86042083677094,2.78073760551657,-0.0216150908910127,-0.0293135446784544,0.0395466755333273,-0.00599328471972557,-0.0641012055724356,-0.0229416856355049
-0.0195957664407548,-0.0279384409146768,1.41112704970588,1.80061444092457,-0.0194484485996733,0.0183789090157918,0.018030185618598,-0.000448551010143543,0.0450392291444468,-0.00330795823935072
0.00218869231225621,0.0408513014339706,1.48563793124621,2.02743381198437,0.0135343846638886,0.0296321509796626,0.0611349320220492,0.0037470334542041,0.0304669513831111,0.0151772889040286
0.167664170215876,0.116351365968702,0.14092597655502,1.65718125329139,-0.0226078338753727,0.0382944540294515,0.0726549378130566,0.00380224172667882,0.0131424742888802,0.0438730169956269
-0.132460347866992,-0.121905193619571,1.99977088256546,2.85146427626321,0.0108391585370154,-0.0264067384299295,-0.0273662014686977,0.00316631359877689,-0.0289692633431059,-0.0401587700634684
0.0144273240134143,-0.0550593841825353,1.03190968242906,2.76612416471898,-0.00540916457211862,-0.00805635786854157,0.00737735964468723,0.0101403724846743,0.00477903013390018,0.015853038230451
0.0280095980463435,0.0431709976318212,1.07660538004158,1.57978476851894,-0.01413526267176,0.0454985251959602,0.0337030680263253,-0.0102271097525257,0.0236037349771278,-0.0172912973780809
0.0465580349220802,0.0766175685885066,0.401646239511112,1.58178661961528,-0.00352273722048221,0.0340335191515892,0.0407621640347778,-0.016720627604958,0.0213065592207589,0.0024113128314522
-0.0843933006961691,-9.84384130083187e-05,1.41551150583511,1.57428874433804,0.0248919544493448,-0.0379584253666216,-0.0264455776864004,-0.000522859314692664,-0.072794531859725,0.0170986564857048
-0.0155246507990508,-0.00388255187438673,0.772837035041808,1.9334150138564,-0.0198505411931874,0.0223962952888342,0.000528696891695257,-0.0166600807029568,-0.00690815155547625,-0.0308333855049454
0.0427364039400952,0.0213915296387924,0.877930998816882,1.76893965074144,-0.00622881689428828,0.0664231626792834,0.045746584960898,-0.00229539706069195,0.0542377012849143,-0.0144046847197206
0.00669880514966186,0.0586444193074796,1.04302032905466,1.50344217355571,0.0153288311964091,-0.0124646023316612,-0.0298008076946344,-0.000147610921435818,-0.0160285406369562,0.00435867132060676
-0.0528912390440493,-0.100361179347327,1.27343581547431,2.6069014545415,-0.00745650291990521,0.0897682111659448,0.0532605077172752,0.0065524140484,0.0478794054904693,-0.0288152720586001
-0.0632034976202998,0.0115851607386809,1.29172418745293,1.9709951556353,0.0270568369863613,-0.0164842707266658,-0.0185234223183135,-0.00725444497190955,0.0297694961776945,-0.00706590548281043
0.00323634929610963,0.0088932730472947,1.01874092466524,1.72590717305202,-0.00446381778167739,0.00473212048221715,0.0785598458053902,0.0262272332852636,0.0353299065725614,0.0111306524025869
-0.0320686822602225,-0.0086376232027509,1.24164628254074,1.83112046642787,-0.00461724338301755,-0.0076971811850155,0.00832636127083703,0.0158975384283303,-0.0459109610357204,0.00413407557626037
-0.0856822979812175,-0.0112513826749461,1.5901719242377,2.08852324892617,0.0199821423281868,0.0200696373179817,0.0250920649706906,0.00941992761346227,0.0178552215512083,8.10288488913868e-05
-0.0280838455783027,-0.062398243285694,1.43137056603592,2.44601110129274,-0.0109253171713263,-0.00212881074757832,-0.0147392612656124,-0.00360144857977353,-0.0191876719593659,-0.00962621804410552
0.0928438591000134,0.0153347938656511,0.744515945290936,1.89572962287029,-0.0191164181382752,-0.0151459472474956,-0.022848842010284,0.00509109151366973,-0.0129339830472335,0.0192090150649841
-0.0131676255600936,-0.0304197060733921,0.974801330268368,1.83475092024226,0.00598504216010019,0.0237667068332897,0.00229034238355551,0.0211239614371774,0.029878482973467,-0.0112133520870488
0.053118415403868,0.00122356447521503,0.796046319133598,2.3145621386564,-0.0202452157732141,0.00702270505688443,0.0276965827287741,-0.0025563863627707,0.0450935458187856,0.0121768275122104
0.0378566019654001,-0.0183044627171258,0.836696706457019,2.01193502652004,-5.92422122154491e-05,0.00424482224793741,-0.0107386885405755,0.0220268412769669,0.0281118361706538,0.0113377826525031
-0.0566109087424398,-0.033069567790895,1.28480590966657,2.2855889917526,0.0324089207598425,0.0339299746203347,0.0253462082391245,0.0281092974231001,0.0499690164078484,0.0241844647661965
0.0377677883725442,0.114875010336695,0.910591908580592,1.35433299062135,0.00038672266913876,-0.0308355247181727,-0.0748613881603123,-0.0210882279503076,-0.0170502282820113,0.0150229396829887
0.00978214164123972,0.00849990767926766,0.768125054060648,1.81726147855727,-0.0180364937622267,-0.0270335680357502,-0.0313689672700225,-0.00881755370871806,-0.0353821868576618,-0.00101128949433609
-0.0328604752404372,-0.0341114456521262,1.37724552122562,2.73107419629007,-0.0108834032942543,0.0540365370932014,-0.0183953812197183,-0.0225116281126969,-0.0376209223076837,0.0122945920675526
0.0123291686663372,-0.0350676290832009,0.563843528346192,2.40365936528639,-0.00506167089950677,-0.0197795526021527,-0.0121199544559778,0.00489075580945153,-0.0272316230432167,-0.00299586981403636
-0.00690205243000871,0.0432008807419874,1.09273190390074,1.68798566834993,-0.00057555283694823,-0.0385527408472436,-0.0490919306329315,-0.0392338510232168,6.86601173828188e-05,-0.0138530054678766
-0.00650973925850939,-0.0608495282123804,1.08221821543748,2.15012243904445,-0.00804198322332293,-0.0334629389639495,-0.0137374785368249,-0.0141070820748021,-0.014804822518994,-0.0159215341829512
-0.00901619396737175,-0.0633589004700621,0.968320302383943,2.29178472271474,0.00686247373969557,0.0324565429808362,0.0280131271092173,0.0200297624580256,0.000725936836594562,0.0138856477580643
-0.0464159294040716,-0.0513768832773563,0.829473161918082,1.61265493309294,0.00778099689112899,-0.00209160380705961,-0.0177323931403037,0.00803180831129548,-0.0146401901321391,-0.0133480286186919
-0.0481939258096442,-0.0359448641972591,1.69028041701747,2.80516700745406,0.0222124481882756,-0.00567313213586526,-0.0284603767198707,0.0128525340103198,0.012929067335112,0.0236919999334368
0.00479825380430583,0.00994361631600901,0.84306869798569,2.06727729289735,0.00709477026874303,-0.0173205726082741,-0.0445870843389426,-0.00459217375514128,-0.0535968454267584,0.00111919234852277
0.00882814937033859,-0.0160456193817169,1.16689206672364,1.9348516626723,-0.0136800268286324,0.0237317068542408,0.0243654188576108,0.0114027108421314,0.0258185262241983,0.00405991274671078
0.00775077439775736,0.0566528361756376,1.25200416517788,1.84046367272729,0.00247637675284811,0.0362193451294618,0.0271946138484274,-0.00839453093949468,0.0213205641805216,0.00193036351185975
-0.00528548432666595,-0.03168109596404,0.662536044914768,2.09587389943181,0.00736411875084802,-0.0233513420547409,-0.0404977661776294,0.00899025851892158,-0.0427917914473357,0.0156627668311348
0.0412889085487932,0.0125921925645422,0.623966857712098,2.03508218218308,0.00412065542221719,-0.0466317586577095,-0.0529197246071214,-0.0079035020234279,-0.029583326614071,-0.00350942129454773
0.00514005548983122,-0.0594573703671532,1.23422868699405,2.39404312968139,-0.00213037207164183,0.0372260054668975,0.0122068998014383,0.0136261436593134,-0.00428326242193229,-0.00423501968724657
-0.0259966935011812,0.0356479311113615,0.787946088773638,1.10119253873633,0.00178228879106487,-0.053391901099994,-0.0230197122123448,-0.0207480997548544,-0.00875473608027587,-0.0103507598695188
-0.00756948222335836,-0.0994653216286355,1.52327301969873,2.79601626490958,-0.0191930042246814,-0.0183215061203066,0.0174587397791353,0.0206323781633011,0.00910389027579017,-0.00153421515453217
0.0833848052060361,0.0225511367679125,0.288485144383571,1.61361528064897,-0.00662595581957121,-0.028990212154007,-0.0854715565579522,-0.0166301174604077,-0.0330222017423784,-0.00772926306264162
-0.144596898853347,-0.0130664351380815,1.87547272592211,1.90353973509198,0.0270775544879008,0.0495376250102173,-0.0245489931418608,0.0061694136621786,0.014027194493439,-0.0119488674849484
0.0153835782122199,0.0338026755237427,0.945661684124194,1.76401434057907,-0.0157736510720115,0.018320563883831,0.00361989585483073,-0.00742489988674285,0.00819607078826731,0.00187003082267098
0.0572834819329564,0.0553823677113612,0.738229232224489,1.4584007789725,0.024010484278846,-0.0211309318685246,-0.00936346207916038,0.0258070461718166,0.0226587076856131,0.0200507290997479
0.0526895289826067,0.051750401772868,0.382708455756762,1.38114191449573,-0.00185604878530704,0.0166575377338388,0.0107077880840745,0.0140836375523799,-0.00721534148501443,0.0110126228271839
-0.00954891505286769,0.0319131298530295,1.36400153998283,1.82120944952893,0.00437994470453972,-0.0147870951445967,0.00801416725712053,-0.0136989860714145,0.0199791756466369,0.00409668877763621
0.00901444696671049,-0.00167413662046338,0.853344731060444,1.66798268036922,-0.026436739552397,-0.0296104209253897,-0.0189314843684265,-0.022140489751625,0.011367832086987,-0.0195090053292961
-0.0717318190801287,-0.137810767529664,1.02164447056256,2.78497756748445,0.0209878075770544,0.0113346424582469,-0.0061707722244351,0.0245396552321298,0.0255958766187103,-0.00575638902509122
-0.00592692348448264,-0.0154813410870194,0.966641715823125,2.48250724921546,-0.0385292207212141,-0.0543744250974131,-0.0379528486343961,-0.0256314675508015,-0.0865818602394745,-0.0210239236930288
0.0351167791413276,0.0347625772852676,0.0295893837224126,1.90163220016347,0.0049624200799727,0.0342418032471506,0.00515728399141242,-0.00843222175485987,0.0381999705591624,-0.0142526496798711
-0.0134998871665142,-0.0183025981861634,1.38953608372475,2.45884368901006,0.00561512291308159,0.000268621724197708,0.00633194213692225,-0.00190522647877257,-0.0197461736409416,0.00438608036920634
-0.0308040962482808,0.00995191933306912,1.28169248685168,1.90402150340586,0.0032639798440542,-0.00534113820473494,-0.00479775131371696,0.00634438893479802,-0.0272584728581972,0.00902477358987768
0.0439102111356802,-0.0187088331031225,1.27474219532603,2.52792369581664,-0.00866794043085121,-0.0362345839172948,0.0104815626683974,0.0182340402852565,-0.0243352935840769,-0.000696327827073905
-0.0251912375857319,-0.0347641986493603,1.12066446668304,2.56444733910752,0.00600650739195741,0.0137428441507783,0.0121420382245883,-0.0193106224648987,0.0196880461015951,-0.00432651793168548
-0.0250166099351766,-0.0553712386700833,1.60693827350966,2.79977747859378,-0.00523969821235712,0.0752217031146891,0.0328206132474179,-0.00231853015103916,0.00387958990525069,0.0136075769325431
0.0531143296089936,0.132270305747594,0.582045987471287,1.31215772802496,0.00560373231617712,-0.0195872633581687,-0.00474786652423962,0.00522767831181122,-0.038512621722011,0.0194981142653695
-0.0200906330319541,-0.0314147781978648,1.55048845331402,2.54039489145163,-0.00218346346980282,-0.0299734573524137,-0.0495808369647813,0.0029654554746863,0.00298422028422882,0.00968535657379276
0.0458788588567127,-0.0317344937190535,0.516121520375129,1.42884315485885,-0.00997763757838196,0.0145145410404075,0.0185627788651156,0.0220735814941302,0.00767637545311974,-0.0230288387116251
0.0781352127036185,-0.0365099299164437,1.02668678831791,2.77519306883128,-0.00869273436256076,0.0370979064599886,0.0346863766520059,0.0230971929031177,0.00603893701592294,0.0215981428498494
-0.0279193115867776,-0.0450480542162911,1.54212940892329,2.94167238188122,-0.000670301373162819,-0.0219986477245303,-0.028711453318402,-0.00697567547514661,-0.0291933672027207,0.00408809161255639
0.047866224489207,0.0674509792065141,0.640363196111631,2.19188723902921,-0.00100790291254118,0.0319911201219148,0.0156458847604304,-0.0091323241480065,-0.00180576977640958,0.0170314094244344
-0.0475515753302121,-0.0340249438074241,1.23653092908068,2.14438903609686,0.0148186174874544,0.036870224903253,0.0979430881253766,0.0121685810646331,0.05946984818207,0.0167610189515631
-0.0330413467443211,-0.017240015294891,1.58453810583635,2.24311275339781,-0.0150678624251013,0.0195805192841335,-0.00288402131445916,0.00734278467752962,-0.025270389058049,-0.00929978916302718
0.0103771582157131,-0.0339352509425259,0.724180782656091,2.53785202938883,-0.00802768702236727,-0.020972321461225,0.0270656715459885,0.00502905899566627,-0.0151983102973961,0.00437816944117287
0.0512595880090271,0.0475276490942806,0.762424577226974,1.86297563272342,0.0162417196217838,0.0443514155923998,0.059073271057434,-0.00175195763092804,0.0649766260225103,0.0210110961653866
-0.0161548566843432,-0.0758599431216519,1.42522194343646,2.69791836595076,-0.00718461390377238,0.0156335979274559,-0.00879501838355729,0.00514717745387199,0.024961044257187,-0.00168381632500684
0.0225975929872725,0.01513678316552,1.18930761662408,2.26008579048697,0.00822299289238645,0.0289786730423857,0.0567878071745972,-0.000895094479499706,0.0259147159742425,0.0162050672802369
0.0205996743079258,-0.0455442031964064,0.607410996451916,2.18664376153701,-0.00815976013782579,-0.0642029151271459,-0.0270648264721555,0.0166425853385027,-0.040954283237265,-0.0220148048120984
0.00238397155222364,-0.0438175432718214,0.777477353173777,2.03792931991,0.00532215305847105,-0.00813027271802055,0.0429835754202685,0.00605862528079436,-0.00978018890655684,-0.00367268548019571
0.0210540944723401,-0.0433766311895786,0.617028246488169,1.82543680026011,0.0166416492767712,0.0103430192370724,0.00675779939850437,0.0262350745921799,0.0104750417450105,0.00189164907688969
-0.0757628608434936,-0.0470781222948388,1.23857605001513,1.71404264140168,0.0215431981050441,0.0553292404839788,0.0566089043832943,0.0176510361948215,0.0484043826062576,0.00556891340598366
0.00802560835476612,-0.0458313800481488,0.608514773516249,2.09219065775047,0.00610389448533022,0.0198943652522327,-0.0620889888683014,-0.00432975100028808,0.00995993685331661,0.00565989942171924
0.0495671264385186,0.0477426785958128,0.250961900965883,1.29434691806539,0.00740348288027578,-0.0278109799985411,-0.0443586417401438,0.00842149954489099,-0.00951361972326371,-0.0107057106675876
0.0130704294790112,0.059572241424657,1.00785499039662,2.25637440562372,-0.000904952102626369,0.00239294956073472,0.0362613759365932,-0.00540133043609882,-0.00366394139228405,0.0167635855043686
0.10146322215694,0.103799710000956,0.610758465935949,1.36957904142988,-0.0100896847384199,-0.0166215943732797,0.00992229491651243,-0.0154987895888041,-0.0178190303050191,0.0176658301702975
-0.0315340890399099,-0.0537970561071989,1.06508661847384,2.37012096420028,0.0229874008540516,0.0447864877336213,0.0188249517547961,0.0333409994500348,0.0177224473489566,0.0124897043833674
-0.0194332247155438,0.0564808218044594,1.29604982362858,1.61360393269449,0.0105249734383294,0.0218792782280176,0.0157622079264263,0.00446854192846465,0.00448036645888492,0.00794367634747577
-0.0369955406271908,-0.0310811052587962,0.975146533283225,1.76450292137974,-0.0135430771588255,-0.062277335899517,-0.00349936544265156,-0.00300860478557188,-0.0345675756995358,-0.0286971903383526
0.0392973836894781,0.023408097009489,0.886266298206581,2.02756313577025,-0.000627307007454043,-0.0109114316595071,0.0340463961999095,0.00534888272525957,0.0292833778219772,0.018435932854504
0.0146090322153443,-0.0562264332701516,1.00061697805675,1.96442625822714,0.0156862441486181,0.00645204558044071,0.00536123053825193,0.0295068978684392,-0.00572193413542914,0.00772799100291425
0.000371986735044957,0.0779085651496882,1.55682012764525,2.23069127932255,-0.00532053471358757,-0.0208354021843356,0.00269713454742871,-0.0334835599589506,0.015809591022071,0.0248295554310412
0.0861856067275866,0.0413410001270343,0.829540162873829,2.0893098078098,-0.00626096953644969,0.0108254579003479,0.0583766287977072,-0.00480918236089731,0.0439924816264219,0.00322359394716416
-0.00481827510666953,-0.0799826205494092,1.05337177100071,2.50730919532254,-0.0171750936439332,-0.0436946159274688,-0.00393040686337328,-0.0054868407255381,0.000195526007147616,-0.0223064826188464
0.0987146353335843,0.000423310843714412,0.466559707154426,1.74038172735108,-0.0303387795324557,0.00892937736667224,0.0638094563508841,-0.00254003326964418,0.0250275923336362,-0.0167156728342315
0.0244851079055356,-0.00374825025143872,0.505824411896344,1.59916968644037,-0.00257131620083517,-0.0227176178215375,-0.0142934226755064,0.015215503087662,0.021778177692646,0.0125993386299501
-0.0327596341423494,0.0273068155727553,1.24017397139075,2.0103206180021,0.0104949997660884,-0.07764110370315,-0.0378497064225336,-0.0144886487630171,-0.00510450406333426,-0.00277714607355289
0.0506029864953345,0.0148748581481844,0.575662720607825,1.77633581490721,0.0115884959792868,0.0471872985935457,0.0823066396698705,0.0170382573460831,0.0650112926208704,0.0155686481466039
0.0274676822028832,0.0831716978760716,0.84755004597454,1.78185931749769,0.00655426726245229,-0.034112723021832,0.02610518471688,-0.00858716934065662,0.00374305976138643,0.0136662084047842
0.0118726280660576,-0.0098959295685225,0.55958045753688,1.41579447390516,-0.0128107439866719,0.0288890788437634,0.0130690752077891,0.023157521588729,0.0367668302858508,0.0136379069287374
-0.0173616658658563,0.0414785469599997,0.677596979184004,1.99091989414278,0.0272434875392845,-0.0239610916800764,0.0212693319968328,-0.0221539076325171,0.0777548899566563,0.00212903761336222
-0.0203180828581252,0.00319177141961081,1.90534921428772,2.27753648707528,-0.0150302789360423,-0.00852314839623391,-0.00396511330528262,0.0124582482706403,-0.0466514176548228,0.00417684323693115
0.108044332138167,0.0498993075704743,0.835194180594069,1.93199091081683,-0.0170828598863617,-0.0339945387897227,-0.0511380450116614,0.00167921648398295,-0.0303974912588355,0.0119786869937159
0.0595437158870131,0.0213196430528394,0.0629375095474474,1.40225213657161,0.00990725642785363,-0.0207615814169791,0.00432002546511275,0.0197401307455434,-0.052870528335882,-0.00212555889599377
-0.0816879085841586,-0.0230259743850958,1.0920413982915,1.95876892583353,0.00769200767156291,-0.0301923066487187,0.0396131524978535,0.00977404151016073,-0.0192306294089115,-0.0134934721848514
0.0299893967009632,-0.00694233394930452,1.05618627323498,2.34098299563529,-0.022222587890533,-0.0451424368024476,-0.0617642298187783,-0.00699970706445816,-0.0373203838142788,-0.0133963476934558
-0.0608419730211468,-0.0542488888771152,1.46599778726301,1.98678756244536,0.00487514453251446,-0.0857740290817864,-0.0576522781468591,0.0125660868880913,-0.0788322293105145,-0.0358652947388059
0.0428552934610867,0.045346295402856,0.180034273279683,1.0842334972869,0.0133208485496176,-0.0225146546568484,-0.0249363729946043,-0.00600192541435642,0.0093132940701608,-0.0155524117403473
-0.0677377100023277,0.00988804803671362,0.867441621655025,1.33188290816955,-0.00216957147744477,-0.00107949564125404,0.0166132749104893,-0.0214930117981812,0.0259566644852488,-0.0227660798480454
-0.0381769244034189,0.00319541623704924,1.38322529848999,1.95649376010094,-0.00867808547362605,0.000350562296923375,-0.0239008425037228,0.000618401030464383,-0.0527427130943249,-0.00678654030653259
0.0193942389467321,-0.0354261284871186,0.502648243927219,2.53254770886587,0.013471120935878,0.000595285022095613,-0.0516869895933052,0.00207142365011605,-0.0011854696651391,0.000472433451490603
0.0196762692863667,0.0466742793186335,0.584300517293527,1.67793823089237,0.0114450506530796,0.00840668907572145,0.0221571901346173,-0.00611795164969354,-0.00610035789609403,-0.00971267128061449
0.0879658263661543,0.127374813180078,-0.00979018838354368,1.17134612882343,-0.00294056762424259,0.022443691830941,0.0149079163264747,-0.0361739991846717,0.0316834860778408,-0.0011965037153292
0.0137838677078758,-0.0387190542353234,0.73357177961258,2.11025322425289,-0.00584029899938241,-0.00695744888021324,0.00289538954232536,0.00595424900665788,0.0127071409595696,0.0029202999668389
0.0561579753228586,-0.0133453840287001,0.20943878301251,2.04001289972353,-0.00424877343871464,-0.0165561617803963,-0.0511192828871075,-0.00832973039891674,0.00614083805030226,0.00157484636735033
0.0713749190404704,-0.00455812143865934,0.442714409199144,1.8311382968619,-0.0302404367944945,-0.00548704361491822,0.0126433701505705,-0.00169374574936523,0.0217738205032247,0.00649700939538902
-0.0352498459220606,0.0313374850688397,0.645645180844366,1.46533758208229,0.00369199475537046,-0.0560901180612786,-0.0220865083353847,-0.0337913962117391,-0.00207672529862984,-0.0503683609661327
-0.0195727158889627,0.0180749428893187,0.963862669435195,1.68752283060622,0.00690427896893785,0.0134470263765657,0.0147846100550573,0.0168496795308403,0.00733998689070332,-0.0042809817093313
-0.0167093316358869,0.0134464304441474,1.13952822721115,1.58655553939132,-0.012966963630113,0.00490175736214489,-0.00200192100663912,-0.00427051405677054,-0.0124459064870747,-0.00391018153805007
0.0834127519526382,0.0225295619719703,1.06381813464673,1.80559593977195,-0.0136842669057233,-0.0111729525415192,-0.024327051518221,-0.00250026826926998,-0.00628754452665981,0.00168337391876642
-0.0744191983385895,-0.0319989745760536,1.22540524730948,1.80884750690515,0.0134203895561226,-0.00681290848148913,0.00213229926018805,-0.00293429665250322,0.00372503521222859,-0.0120802359410761
-0.057741014098059,-0.0434458864102899,1.38419255263036,2.21673750470217,0.00736685986875957,0.0389394807408768,-0.00362082784234826,0.0132754653869764,-0.0115118149433444,-0.00686719867919832
-0.0362822457345383,0.0321424849768897,1.57784438694828,2.06061477766685,0.0229357032042567,0.00710513585782826,0.0433539880973184,0.00996695198881281,0.0335473823648978,0.0102082905315174
0.0413224622145184,-0.00897648015504671,0.633925649537014,2.01838985632543,0.00831947433415889,-0.0079991212674807,0.0194817050820428,0.00300283682042016,0.0150078812148537,-0.00362622710798779
0.0238465584900633,0.0217812327497678,0.58072594689902,2.00341799900797,-0.00234450739485385,-0.0754783727274706,-0.0417891402515364,-0.0292357224059466,-0.0057740263936035,-0.0230724220989324
-0.0482454684708509,0.00606747466219601,1.42660236513009,2.33132058324903,0.00203628189786357,0.038574210927043,0.0642604397986372,-0.014403746405192,0.0391264661698405,0.0103467074495087
0.00618982654752364,-0.0581392177649239,1.29681689378611,2.1280396802902,-0.020647904631099,0.0556011018074571,0.0248343641475027,0.0110480613324707,0.0458694666617989,0.00595130067388938
-0.0339655427827711,-0.0427883980876991,1.48083217165703,2.48535190712777,-0.0138476731203497,-0.0130269682733305,0.0881263773981819,0.00964398319086603,-0.0267705623967784,-0.0105400024685787
-0.00858664331896298,-0.012145614993696,1.44858721417671,2.75250923434652,0.00911829181913137,-0.0263890608535743,0.0229483854829151,-0.0115680066720161,-0.035675046066325,0.00543940250483476
0.0384415280685678,0.0634842941524841,0.798070314943403,1.49281132904889,0.00715390705636819,-0.0489440531622752,0.0228611906925192,0.00146898823223436,0.0237218637617959,0.0255553914591168
0.0321048717840175,0.0501627910426249,0.796875100107291,1.61039031536549,-0.00521428526203635,0.0201621334535986,-0.0652197033996534,-0.00801201309207271,-0.0172628905161647,0.00840512350640561
0.0167475918269415,-0.0579720969989506,0.839570198041307,2.1375460162017,-0.00817175869485735,0.0715399365422362,0.024541980742358,0.0158272368619663,0.000866068162474033,-0.0014244727581038
0.0506935367804387,0.0371092755099997,1.03947127116192,2.26204672940969,0.00650146399118365,0.0485502816763439,0.0757481090353353,0.0149183751130914,0.0715169513597323,0.03141010212507
0.0135601999153709,0.0921155253641832,0.514624124432166,1.26608301998186,0.0225738571948739,-0.0201069385185436,0.0176489416985199,-0.00706873234931696,-0.0357687605103551,0.00357128230440543
0.00444340171416152,-0.0691238099212535,0.642955509667394,1.62170989261626,-0.0205680432359026,0.0209709539493752,0.0217066549918298,0.0131312356361007,0.00609193268100093,-0.0196194147566763
0.0113272738949834,-0.0123381977575974,1.07743085107925,2.26470815793407,0.00190125285919598,0.0139697763513237,0.00598656323193002,0.00846891366260187,0.00883862529782592,0.0135289456293556
-0.0355188958171906,-0.0185057435385546,0.959442971975194,2.15957497588976,0.0153714821028999,0.00911512254281822,-0.0256631408400163,-0.0100781708268886,-0.0247372687649602,-0.0312126814994306
-0.00695314953683645,-0.00628215643799183,1.82047546070262,2.56328540845095,-0.026651562657121,2.46334275473165e-05,0.00777066697567108,-0.0165700895553467,0.00620239484236275,-0.00718542785037576
0.00783070243248622,-0.0758791871323276,0.808249360640581,1.90387510228155,0.00276856364704393,0.0230660939719202,0.0338113324922105,0.0229957321689397,0.0229621490282733,0.00905187261701923
-0.0779922232066726,-0.0315535158152264,2.0087496531663,2.59382718961105,-0.00570561339848942,-0.00973164681215613,-0.00979285451393755,-0.00398853917898455,-0.0233013145807467,-0.0098571780726418
-0.0979503519047236,-0.0856034796640224,1.62545283160718,3.26383556531954,0.00240990867197066,0.0552075294781138,0.0385704555869041,-0.00171978104292524,0.0324507648374708,-0.00806559249820067
0.00759410947177868,0.0825096447104204,1.22087764537291,1.6688379690383,-0.00658824960830108,-0.0542823050417863,-0.075415796461217,-0.0434601289785372,-0.0624105603243015,-0.0103380854406802
0.0201488874844276,0.0385119332858951,1.21013251575707,1.46655267369797,-0.0286070458699395,-0.0155437604918261,-0.0791098008737519,-0.0231308059253083,-0.017223086437259,0.000167874457494399
0.0281396222761191,-0.0187355667472339,0.74953754145059,2.46604215609624,-0.00354310918493146,0.0347021814557923,0.0154025375904991,-0.00632814628391138,0.0271987219609932,0.00246933857045861
0.0422972949703066,0.117326613267249,-0.141043825518237,0.928788250768025,0.01014498180989,-0.0397047204548668,-0.0488507587250748,-0.0288837266341773,0.017138071721922,-0.0109556244825157
-0.0310196405975867,0.0478803615022338,0.70102798263526,1.47712743385783,0.0227632420411813,0.00270362050585617,0.0175617607218084,-0.0436603458385335,0.00781372300676112,-0.0128167099651576
-0.0843684519694804,-0.0137476222284809,1.83194333836082,2.20406562961233,0.0198741615434181,0.0333061297222702,0.00694628035727367,0.0039196064716577,-0.00526216945218023,0.0219593145291873
0.0447742523058949,0.0617230132388685,0.644325014646514,1.59349957252516,-0.015474075586012,-0.0420114544400769,-0.00450974798190316,-0.00669147418223614,-0.0122844555805312,-0.00598386466520977
0.053434221542642,-0.0367463643279533,0.81229166813298,2.66760592366459,-0.0118084911666855,0.0132381341366175,-0.0104806180524967,-0.0136207750108142,-0.00506703936871139,0.00236539686734063
-0.0182053807021908,-0.0404925736840939,0.917165226181148,2.52954675302209,-0.0193225406681829,-0.0457493946510281,-0.0769695890810463,-0.0187453226468794,-0.0645251280740253,-0.0324971663392465
-0.0576883354446958,-0.0710778275737385,1.56424641749174,2.56803466109766,-0.000663681699650445,-0.0252762337047086,0.000932579838269902,0.00382483313574655,0.0169377910886145,-0.000868554922968713
0.00901571067657121,-0.0175308612703873,0.542956845207234,1.89346403121742,0.00189931643716887,0.0653409775519554,0.0532441704678819,0.00437876992870129,0.074081139129341,0.00156541758572864
0.0336227390491614,0.0377022656250093,1.08220490946129,1.60521038845161,-0.00758855199665149,-0.0584319839320145,0.0134926260596106,0.00290090570399233,0.0382579008602565,-0.0121358217244114
0.0332944922900412,0.0685145888340783,1.5192803859247,1.78113873575811,0.0130483437429685,0.0445215768647814,0.0745544032842151,0.00934504754849294,0.0269033227145119,0.0255954983966756
0.0586854241770959,0.0873400192603567,0.095102434243136,1.01053631494096,-0.0111972412213918,0.00554508872148333,0.0384470541548829,-0.0101393076853921,-0.0408222975664334,-0.0109552346193279
-0.0237742164930213,0.0266762527801269,1.03370644401117,1.99450130631831,0.00635558819251075,0.0120931828727718,0.0144057649088895,-0.0124825286982935,0.00013503556238203,0.00408578823926731
0.0697827699527493,-0.027373902139212,0.883944034799514,2.22997541007305,-0.0210892422274136,-0.0418002109722908,0.0185350265189779,-0.00253269294819367,0.0259173454714679,-0.0112903723363283
-0.0534088377355438,-0.0387028752072528,1.58301426244353,2.53536910594417,0.00889875998128213,0.00337700412147105,0.0354639890550218,-0.00376039928385586,0.00674803674849525,-0.0147940830700149
0.00743358225589642,0.0611545797761109,1.86343602531615,2.10839039700402,-0.001129349577384,-0.0281268587894947,-0.0707368913625677,-0.00894352779047028,-0.00902173191850585,0.0153363056864568
0.070240936293052,0.0355500806031926,0.700309262763266,2.20109671393129,-0.0333217525793471,0.0292264987397644,0.00250060636461119,-0.0346341986185957,-0.0273421651442495,0.0118333627532304
0.0113010232036536,-0.00709960705579713,1.30263593966209,2.00657225824373,-0.00593047399616847,-0.00327766356576395,-0.0038812949001129,0.0140350962706535,-0.0374926371128629,0.0103327598150521
0.0411725267904032,0.0184637954421589,0.779836792111238,2.20213939411534,-0.00691679852719213,0.0146496551302116,-0.00615662328534038,0.00699909084905305,0.0102001024234242,0.00912158978169434
0.000104312455424075,-0.0512900492391253,1.37375560661256,2.71138904965112,0.0101247351503327,-0.0158586447586935,-0.0240765102989613,0.0115079170722522,0.0432456769012858,0.00252016502628132
0.0932211570878552,0.0271010878180098,0.0962522221557866,1.30281117911444,-0.00663620096786567,-0.00558450359740622,-0.00656773171631387,0.0157629212899334,-0.044383786225945,0.00299470618711796
-0.0564823009282894,0.0155833567294688,1.58240451655494,2.25613084191047,0.0201851942757035,0.037630749411499,0.0192997736842607,-0.00726224602560653,-0.0155859437832139,0.029643532375033
0.00639049759639638,0.0147880468480501,1.38073372811993,2.01289152908175,-0.0276788997273092,-0.00562618391610334,-0.0214966770242096,-0.0159232342226063,0.0109463786529522,-0.00443734661965104
-0.0182520451311045,-0.0134195075492303,0.736362679968529,1.78539674183471,0.00427679395710966,0.00595764377191664,0.00133622583055076,-0.00483543937964161,0.011803359156295,-0.0053852554954766
0.0477612639496935,-0.00124580101755681,0.988664424603027,2.2325595267555,-0.00277016938887171,0.047566622813304,0.0301435172580089,0.00937741914548315,0.024705790822562,0.0183272488242081
-0.0681221932113444,0.00641133836023248,1.45502208234875,1.98856481209265,-0.00251418523048873,-0.00373084277663345,0.0291948656728135,-0.0117414101493827,0.0338639785853965,-0.0111295473257466
0.0973718376463328,0.183547496993902,0.326384108062544,0.87742625791321,-0.001584642853974,-0.0438365239857365,-0.00784750120657741,-0.0270315344007447,-0.0438372879502117,0.0251807640533023
-0.0296173419774619,-0.042039300288819,0.534377824723568,2.0623962857336,-0.000503251029055344,-0.0103641037196519,-0.0490060254025365,-0.00378830067602551,-0.0242316794691529,-0.0172035484720183
-0.00184005263310102,9.74160743823301e-05,0.930884819549266,1.96992385736488,0.0233531352351526,0.0336591929060144,0.0538538402367993,0.0246044535772749,0.015896170946046,0.0190457251316858
0.0244207845197074,-0.0682360496632796,0.880797317716189,2.54208041297491,-0.010926496974542,0.0296263732833962,0.0263166858116692,0.0210758305110909,0.0170869731130108,-0.0171969363746335
-0.00485473265923841,0.0696731877477443,0.854069037107638,1.52802597421161,-0.00314266331877802,-0.0811960478671895,-0.0564772158153532,-0.0228693741561795,-0.00504052510620257,-0.0013587813049003
-0.0330862786492042,0.0131513868749072,0.873575314361523,1.21782390362114,-0.0257837934666109,0.0174522039070219,0.00798875271473602,0.00568728990010195,-0.0376956960411318,-0.0267829540686874
-0.0422670167599056,-0.0436792411009195,1.44500011017387,2.19283315817799,0.0141302498671754,-0.0169567501266415,0.00754638878856908,0.024407854823919,-0.0447924235042821,0.00833474490336905
0.00368091526382553,0.00779288489408267,1.09294760366151,2.06432208373775,-0.0157996067856934,0.00670076245808177,0.00945758250129589,-0.00997327809832717,0.033384508379237,0.00448160634813834
0.113684519667092,0.0461260140681604,0.242684915624095,1.99865245495461,-0.0226934240225129,0.0398159930611836,-0.0168210609854803,-0.006151006257926,0.020610561168082,-0.00808742803907928
0.0258626193926315,-0.00931116996508478,1.36283617440209,2.32009742402724,-0.00961369621141475,0.0206037081607259,-0.0103081610184473,0.00183407818915844,0.040077741174046,0.0319412657270622
0.0291858609281585,-0.000414316224251908,1.60107681497495,2.59520776798159,0.0246196502669626,-0.0100529085580879,0.0303746754337386,0.0393895978327827,-0.0362355603098472,0.0466679079951955
0.00799227634151502,-0.00273645158203956,1.25789457741275,2.20256894194535,0.0299648856914332,0.0252653278166139,0.0223988644157492,0.0163869075921817,0.0539228978902242,0.0361312943496936
0.0360055622087201,0.0842312992755352,0.840340349907961,1.30295480317422,-0.0164095633749949,-0.0319261215870584,-0.0482373815045644,-0.0264670047815614,-0.0304251230478984,-0.00451846925246035
-0.0404354777370928,-0.0542594613906619,1.74139261015715,2.54422771184198,0.00213543350323221,-0.00511664587936907,-0.0461457424232268,-0.000592818820958414,-0.0275471792212294,-0.0208002010506626
-0.114754111902558,-0.0949430527979813,1.76835943688877,3.01567770615774,0.0191893943716091,0.00168747114211483,0.0285182264981762,0.00633432484618025,-0.0380567507736277,-0.00435851596295428
-0.0613590870805592,0.00569167361157734,1.23559568684804,1.82460360879025,0.019917366856804,-0.0153490419416076,-0.0291540683587867,-0.00634769540954374,-0.0427032831394274,-0.00243389955421291
0.0741308686127103,0.00338681871444289,0.428214936034172,2.05437683752021,-0.0130661586282492,0.0179865605189583,-0.00800407141527049,0.00508802757264759,-0.0161969904550125,-0.00133891680886023
-0.121115746863284,-0.0577762495779613,1.18290292274748,2.02102834136063,0.031141313730002,0.00568873424089155,-0.0514621111618721,-0.00719560467384872,-0.0253030640231961,-0.0237833798673934
-0.0163764661830092,-0.0608850338022422,1.04381458353443,2.8589282687392,0.0183287169020283,-0.0207468656845357,0.013397976800462,-0.005977517896337,0.0445058475341624,-0.00563571164105976
-0.134040415910445,0.0210369939576522,1.54835629701075,2.14711427086749,0.0235679845325995,-0.0121201555681507,-0.064074750508954,-0.0228107835534451,-0.0629496157822166,-0.0028620102335833
0.177596257760941,0.14623446453187,0.157792402853474,1.12055287779201,-0.0316026272575268,-0.0180520583529798,0.000702240058551271,-0.0202941018899494,0.00839874548122623,0.00809805016355165
-0.076543308467405,0.00841284443312845,1.8027685808647,2.21889276901184,0.0239159493417874,-0.00273268321116765,-0.00789104852136809,-0.00792307671081742,-0.0172399400177032,0.00529947504122104
-0.0375738571637793,-0.0501512865341716,1.54836918787736,2.28641285970895,-0.00896715424304986,0.00550948709182862,0.0359869581027889,0.00432017280701455,0.0714156902701746,-0.0181412503338522
-0.0189485081924714,-0.00799192737876906,1.50958919397307,2.71355023329771,0.00542936557482814,-0.00630620860068473,0.0503071658449313,-0.0123983175147622,0.0282772220087599,0.00681684190123088
-0.0569138919394713,-0.0547420715031983,0.895685559324674,2.42938784403392,0.0362127905675272,-0.0174297729372382,0.0459985292098598,0.0207984467276175,0.0225583061291951,0.004127629963302
0.0198942027344724,-0.0096337126312403,1.24562257573524,2.39183020105663,-0.0147466855520586,-0.0275135604632382,-0.0267839918823233,-0.00301717895290745,0.00231365388560303,-0.00352903244707659
0.0399717185898657,0.0710862301341371,1.23684432726208,2.20837462003543,-0.00539231267514678,0.0134427966451549,0.0369428980669158,-0.0167304257876337,0.0413838972714768,0.0107378192323616
0.00199260539788461,-0.0274176606919343,0.980667067738916,2.47378206994233,0.0173485700160171,-0.0366945798625805,-0.0436659604641694,-0.0102559060921809,0.0448846851547504,-0.0201251207154507
-0.0570439121505994,-0.109857779925192,1.67893456409375,2.98410973526851,-0.00861310380271873,0.0214770680721295,0.0196726663978192,-0.0122636707540747,0.0702063157878776,-0.0158256120475825
0.0436876193372468,0.0342484159042014,1.2119769121091,2.19910340874393,-0.00504527214720071,-0.0370193435841363,-0.0286588863245314,-0.0037818604855181,0.0124446321204992,0.0184608972992766
0.0538796345061942,0.100000550219947,0.721871071932645,1.07681626033424,-0.0210111216116552,-0.0213186728340057,-0.0118140679697586,-0.00745254204050664,-0.0841146425044571,0.0134528991427208
-0.0625861237914937,-0.0412522904659263,1.65037364629243,2.1129001545827,-0.00935552576292101,0.0409246832503301,0.0278631747531994,-0.00223584941731135,0.00675546112187945,-0.0172707230422201
0.0669737129670801,0.0915544146023778,0.746287947826877,1.83037107854349,-0.00804215155137103,-0.00431422344329079,-0.00888856424338555,-0.0202438819174171,0.0566866247566397,0.0204034118344905
-0.0365978995158075,-0.0325505501511889,1.35066934939091,2.42932820706414,0.000189354451922691,0.0421777075382358,0.00801138400376274,-0.00303334676684392,-0.0122096820559382,0.0133497342531514
0.0180084578302212,0.00229323980255242,0.658579392769229,1.915133927811,-0.00137457662267737,0.0590569533444909,0.0259231443157372,0.0101338310993731,-0.0197691367777193,0.00373409259320845
0.0773780451546815,-0.0209126074259073,0.128839145463797,2.21863134226829,0.00278913196792424,0.0095663357310529,-0.0256345896606836,0.000241265755188338,0.0377606326951673,0.00763118777436576
0.00907503662143527,-0.00545753189261107,0.373459813303503,1.3911526634358,-0.00596037768216278,-0.00291986745234352,0.00355272188705037,0.0018860248236314,0.0316445688782101,-0.0107348378265915
0.0624014791613505,0.0399326067805967,0.666214704470547,1.83349725527599,-0.0182477608721857,-0.00193097696039341,0.0218182990426685,-0.0164607528886609,-0.0155592512168218,0.00200091436882383
-0.0543826150369534,-0.109259516555957,1.56435779772741,2.7262053746712,0.000674760428363564,0.0149514321619141,0.000646094506293956,0.012768060303313,-0.0151239854136901,-0.0220588346010031
0.0822947325140018,-0.0222818959093778,0.291551731364778,2.12338491481343,-0.0217488667786607,-0.0216739098929341,0.00351779811422913,-0.00177241274311946,0.00422345643300213,-0.014263658298948
0.0429564193021548,0.0288321149329129,0.149556635169021,1.35583905311379,-0.0101615929681979,0.00195175152843245,-0.013319806280757,-0.0236689965590813,-0.0221031786170686,-0.0174520612216775
0.0037480484702529,0.0303703758384615,1.19180365494535,1.79903101176887,-0.0115637810661788,0.00446168207194299,-0.0092397630266039,-0.00579268181480464,-0.0375558999779724,0.00577079769648006
-0.00208489638916992,-0.0455383501046257,1.22924346202779,2.42615793283942,-0.0220285090624681,-0.0448084395155512,-0.00250854641553546,0.00955235380680363,0.0148538225654862,0.00366874235352075
0.0552113801127648,0.0633310743812629,0.368111109655845,1.63661571156738,-0.0240202770780625,-0.0566959644194585,-0.00515805961192499,-0.0199777333031381,-0.0491226464883895,-0.0198978608651853
-0.0470579164642034,-0.0570793443472999,0.890070803150846,1.91998942289802,0.00383211209891963,-0.00718745094655752,-0.0324058193501879,0.0103830637215585,0.0359735431965257,-0.0230212591910174
-0.00521006891247436,0.0647471799741837,0.715345701648739,1.80570757267325,0.00123311648559783,0.0364947284260856,0.0475117300765062,-0.0177644031310973,-6.04156005780195e-05,-0.0101946975706522
0.0123359269452776,-0.0581920295151186,0.867331848386851,2.46170232820907,-0.0280491132327051,-0.0143107305882714,-0.0228689144895741,-0.00179207818544172,0.00501403246052891,-0.0224073924872204
0.0131938040504094,-0.0441418113977298,0.832606930618853,2.73516772421106,-0.018435469115968,0.0463660280511395,0.00787460285520316,-0.00826533831220386,0.023460682137034,-0.0150806690470884
-0.0325666615556941,-0.0123908437261609,1.30604999751669,2.35917635380165,0.0132179481641573,-0.0187553857568172,0.0140713938866753,-0.0117269917824914,0.0588212255162515,0.00449830434719456
-0.0076707562461407,0.0202526537194024,1.44252525755192,1.86373637775737,-0.00607307986234098,0.00716625013534094,0.0685989516832398,-0.00491183070802847,0.0469749491093074,-0.0096653294364732
0.101875312830336,0.0528260704658095,-0.028465418008176,1.32646303678377,0.00227498078870813,0.026418881131162,0.00564260414826809,0.00817614366274573,0.0168852588523777,0.0288678027804594
0.070809542027003,-0.015562858515519,0.654126111822212,2.15794286425918,-0.0147447127930936,0.0172621233030784,-0.0186987962115107,0.00587153912423177,-0.0176529145403323,0.0239165385763143
0.0137893771665544,0.0465349454824235,0.739179721532537,1.32271625471754,0.0112730395891118,-0.00727992452078068,0.0253969120303776,0.0097919052150558,0.00566458802821675,0.019154883403132
-0.0302421201205143,0.0242659842154792,1.03393815879555,1.53515568029666,0.0206499197419581,0.0411967705910306,0.0331015639703775,0.0231045807653696,0.0346612264362804,0.00771575755748078
-0.0321079719392683,-0.0117553084404373,1.55130892703405,2.43105637824886,0.000132556349894697,0.015931756004774,-0.0343032256617726,-0.0108454849219834,-0.0186165031761776,-0.00877179712166895
0.00102768543647925,0.0419638238274798,0.859497720283742,1.49045497474261,0.0205922753119759,0.0527553945525807,0.0163245856530468,0.00460989717784376,0.0181432415627534,-0.00298400968746881
0.0467147941119636,-0.0151293331210383,0.746741389112744,1.9933753077814,-0.0307325893457703,-0.00340204200257694,0.00418709708006615,-0.00976661955818971,0.0165315385130514,-0.00548043321186677
-0.108361896017712,-0.0312460765635548,2.10201251584212,2.34538751876283,0.0105409626804786,-0.00166911887036395,0.0593570814574226,-0.013204010798783,-0.0316745325091406,-0.027027123166626
-0.0112894259009759,-0.0694404566476076,0.857843600615526,2.43106113900074,0.0313857826397228,0.00657844005251871,0.0148870930324703,0.0133474029431497,0.0191012014612794,-0.0068514493237054
0.0696511432768328,0.0792521494978573,0.592733475130451,1.58835270921431,-0.0110853333489606,-0.0209489166690282,0.0393186966953947,-0.00507030540163497,0.0104850250856335,0.0149908690641345
0.00318792562338971,0.00119437058640879,0.901912895653788,2.3797590564988,-0.0101537958577016,-0.0490850988826672,-0.0164148052381358,-0.0151241571880231,-0.036665510022416,-0.0214666600098275
0.0295185790419305,-0.020857031452953,0.393818203144782,2.12313968665383,0.0049467998221235,0.0276548071428123,0.0272870694024588,-0.0134542278345362,-0.0318689322675919,-0.011350189159037
0.0680819389690899,-0.029883084850361,0.821908278401687,1.76197659776655,-0.014213599931155,0.00561433829741295,0.00829524563068707,0.0199428004924195,0.00773606780756674,-0.0185975536065458
0.0219362799811879,0.00249410086414646,0.724149597644133,1.8947097892283,-0.025259511803376,-0.0351695908832426,-0.00101425234033192,-0.0088441362335841,-0.0717632385631675,0.000453860028804192
-0.0329335454061557,-0.00183325718854417,0.871928214596244,1.64885019717546,-0.0154557038897924,0.0252087553828219,0.011427079853707,-0.003870346456772,-0.0117823846789696,-0.0138079905639196
0.000843421175988266,0.034259220110434,1.37125874691525,1.7740505443283,-0.0167808412657843,-0.0405327209597354,0.0198299622008335,-0.00145209016246918,0.0109548894253816,-0.0237839000802296
0.0121729288533721,0.0426674820222176,0.000758815262556744,1.06935595025318,0.0114945525120029,-0.0848046533673061,-0.0404985602578512,0.0174906017956893,-0.0840246378110115,-0.00515338491869918
-0.102638421822847,-0.0932531413204105,1.89100514436063,2.58672551307467,0.0134946960659344,0.0297436516795986,0.0372941997954447,0.00269176558340133,0.043999836076328,0.00842799026049967
-0.121557071490893,-0.05109654785992,1.87180313986407,2.53205739250334,-0.00217830740392275,0.0151982294136589,0.0233007265257729,-0.0042722059114463,-0.00635023827468116,-0.0381100477678717
0.0705241814674288,0.0654945224537635,0.776328740836239,2.06746632304373,0.0110271822773669,-0.0161852115139242,0.00669791988246845,-0.0249021306402516,0.00176372442788177,0.015723291706121
0.0577400551168673,0.11017959040902,1.08431585978687,1.90837774985313,0.0217774979807454,-0.00884071657801282,0.0458522848852022,0.00378885047913836,0.000253441699820733,0.0153563278072171
-0.0411131613672032,0.0874619564495055,1.47285197338869,1.56140130566584,0.00783524782748342,0.0208246096950804,0.0165480435065409,-0.00162206190210384,0.00287771532962804,0.00173501010879293
-0.0109683519643007,-0.0457750729881062,1.6969750804593,2.23299930144895,-0.0123746687604958,0.0181436502146433,0.0383076773733167,0.00863915477893793,0.0595073656944327,-0.0114226089358956
0.00645624761636007,-0.0232815720001032,0.663927014358652,2.05228895696075,0.0113234419040196,0.0265215118808672,0.00406404270674253,0.0131996879706526,0.0460966383892032,-0.0142778314571052
-0.0819036053059879,-0.032396605087601,1.38975588725092,2.01030355006826,0.0121582257132528,-0.0131313006268134,-0.0398640368703588,-0.0126351404612481,-0.00553751318691656,-0.0274637716828295
-0.0341293848652471,-0.0344098422435594,1.32212812355177,2.56339389336024,0.00145832074463829,0.0229097716453438,-0.0706199080765129,-0.0155626393004934,0.00634540186002625,-0.00139528690964114
-0.0221090973998287,-0.0316506388321169,1.51449109315843,2.29248600354016,0.0131997428173965,0.00713412635655999,-0.0280939462377075,0.00932740807636501,-0.00961314162070847,0.0173330600511091
0.0277100180392691,0.0673075403409826,0.751317913752665,1.57405336692518,0.00689174241261352,0.0216196316025078,-0.00396766054572765,0.00671024691823718,0.0242371321616469,0.000526464911892428
-0.0127224339901912,-0.0629079020129902,1.0121359567953,2.47328101497925,0.0154683682283319,0.0397415441325188,0.0294712041485778,0.00796550978857074,0.00858374678735938,-0.0138705035550351
-0.0917898827827659,-0.0632555719195621,1.25144501286263,2.64428425316991,0.0108041685613162,-0.00243158316344089,-0.00363190278610719,0.0295714992004194,-0.116445427361505,0.00956801080331172
0.0583541243829741,0.00906051880433595,0.54587887556858,0.611764292459074,-0.0255823843961098,-0.0028083576956131,-0.0191382664037459,-0.0111955016162978,0.040384561908603,-0.0422384479712179
0.0430482713672174,0.0243404991126983,0.504886677677023,2.33609168337117,0.00752543164371626,0.0352105780682487,0.0418245401951971,-0.0138346252896735,0.0405455246786576,0.0117941646941892
0.0156632987617981,0.0551725075956864,1.23221384100004,1.29216132121568,-0.0182102956002779,-0.0230276076134756,-0.0326480210231551,-0.0041514807725659,0.00254202661460376,0.0105436113485325
-0.0515212211985809,0.0391573743843706,1.35443617108297,1.74097442888618,-0.00518284628689953,0.00218666704997428,-0.00711346443813019,-0.00406148895585013,-0.0199501491516579,0.0108204638430977
-0.0667049286236156,-0.0227344187185215,1.45444894874208,2.01517343378065,0.0114499276240947,-0.0120878857235756,-0.0188144153751921,0.00674625961538276,-0.0510367156500121,-0.00412847004582565
-0.00121884243445376,-0.0233528772749734,1.33458003367387,2.05103591986908,0.00289566612098103,-0.0427968209638271,-0.0307915787822739,0.0111658538779905,-0.00900594597753209,0.00975372792808374
-0.0698740773957922,-0.0420937272118592,1.02041361117082,1.79545572518258,-0.0226877224084335,0.0727079622210975,0.0534898248335283,0.00456225619970529,0.0294203215956718,-0.0203678241261837
-0.0910578304767948,-0.0351466357862934,1.83464175686106,2.60761692612752,0.00417835036122674,0.0766333502831198,0.0411696433986838,-0.0182717431377276,-0.00733747683996169,-0.0264988569940876
-0.0216544908932899,-0.0330911029805112,0.97733902680666,2.73566333685213,0.0154606322196015,0.0191580331074282,-0.00909479287640483,-0.00396630998065517,0.0106664298343308,0.00169696934709987
0.0035495540744297,0.0424204882176617,0.631623614506255,1.22195187782484,0.00864136290428057,-0.0200247389384924,-0.0369370155623436,-0.00221273566386718,0.00522012322767293,-0.0283723470620182
0.0311812280283119,-0.0691818021661527,1.04578365478255,2.68669036919683,-0.0177836149065274,0.00691920327259896,0.00329099966954186,-0.00263089059011193,0.034504795102666,-0.019618580041343
0.0197464806505153,0.0269000422550518,1.02460913684866,1.1619911286205,0.00141758604904913,-0.011100782237748,-0.0131810484655422,0.0136190732149373,0.014431396077993,0.00529978199617583
-0.0529314301620083,-0.0747303884144255,1.48181635427367,2.72870859098236,0.00656141749120625,0.021862479808701,0.0380613600400588,0.0119779344566238,0.00653602999601613,-0.00462502867021158
-0.00991295588613605,0.00395288174523369,1.38831888557962,1.89809722535602,-0.0220362239500754,-8.58977547249921e-05,-0.0552083601190653,-0.0138812912603487,0.00765734852004488,0.000133821731288378
-0.038793282034402,0.0235006418702006,1.23555116168741,2.04060009215963,0.00348985080038439,-0.0118418504293998,0.00687645960105141,-0.0171801310437641,0.011638345210417,-0.0124895597108685
0.0255293655997678,0.0515726770469772,0.269156040085681,1.4659414035694,-0.000125760534073024,-0.0542926042693012,-0.0482353568170808,-0.0132427739467888,-0.055560897605555,-0.0155922629777665
-0.0344835340662532,-0.0115885815934651,1.73801476719921,2.0413782611692,0.00164470231539342,-0.048482178660521,-0.00282507181018263,0.012596314808193,0.039184672531103,0.00561338028600531
0.0657016156348547,0.109834715178267,0.454605317843059,1.15959395058531,0.0107501731396184,0.0395202694836956,0.0460522529280808,-0.000346688073661811,0.0499066574104531,0.0235976327858283
4.147304198966e-05,-0.0149168769396457,1.45655867959753,2.48700075446855,-0.0245216457329004,0.0286677462911225,0.0359449459784911,-0.0124657871381277,-0.0254125996927099,-0.00805392407301391
-0.025692582006646,0.0234334257369585,1.87452758428699,2.19087921590935,0.0113509905382142,0.0679139082021746,0.0413002113852412,-0.00332534870147234,0.0691869176548267,0.0205648327402244
0.0251845642932242,0.0402033780817421,1.18424255262922,2.17558327851539,-0.0117349817141974,0.00238776795554207,0.0131966771030682,-0.0149958525439675,0.0236222253571718,-0.0107446794247564
-0.00276419396433684,0.0424209071852565,1.34111581646827,2.24440454443233,0.0028692961650164,0.0257321253771081,0.00147414394627659,-0.0182123794114817,-0.0129558380240099,0.02603290098478
0.00754724430118429,-0.0696684166197067,1.25717242860827,2.73067491069628,-0.0248762029390606,-0.00842601443430216,0.00652159414970978,-0.00782277897835393,-0.020626889966637,-0.0202409162251741
0.140871328464509,0.112426631474627,-0.694475344054981,1.0591764299716,0.0135867653789981,0.0204767919261439,0.0282416566775331,0.0216403056684481,0.0322256730486509,0.0350059320814605
0.00329097944298436,-0.00342302128342892,0.896880621260948,2.6477068240201,0.0133343792443361,0.0141547696789665,-0.00509432889511611,-0.0017839303081034,0.0191845225290717,0.0104172428419483
-0.0392670873359418,-0.0211057945104646,0.963876742259298,2.1397569620798,-0.00510404740880028,0.00585643386938483,-0.0116079724666711,-0.00844321277283193,-0.0120833788583256,-0.00306769740629933
0.00102340472979664,0.0444132408865806,1.61386284875874,1.95576683509243,-0.0182168713853782,0.0309017632202999,0.0256205866358655,0.0111047845671719,0.0306092022742944,0.00193405671933818
-0.0354818892924642,-0.0190323182620628,1.24304162037231,2.38875115479044,0.0202775575758426,0.008002741311432,-0.0172193971302047,-0.00797687570958978,-0.00614151256512601,-0.0106852261717064
0.00468171133810094,0.0995790340590948,1.24816662045069,1.59200147526142,6.56181104219092e-05,-0.0429540181762098,0.0444006220092761,-0.00618662519014832,0.0290524484197868,-0.00722256158962089
-0.0759654478884786,-0.0223960366798782,1.20445163209458,1.91951529290898,0.0400946984674327,-0.0061524139983374,-0.0171355021746857,0.0110511750861819,0.000362597736220571,-0.00296393639213855
0.0359105176102115,-0.0193533216055117,0.548640824939486,1.65259326909725,-0.00434905995044969,0.0261036748913302,-0.0241320616098249,0.0200296485175916,-0.00821779065845235,0.0333561802574576
-0.0040405443958278,-0.0268070916335214,0.823092586748982,2.24528828120564,0.00702295882930689,0.0384150013698558,0.074537345958728,-0.000979535159833147,-0.00278900533123881,0.00729935760629991
0.00384374210016853,-0.0519109438224728,1.21048039089867,2.70647625118464,-0.0139610630821744,-0.0289631937853264,-0.0585311272366431,-0.0059489286160056,-0.0320579963958371,0.00771664881698621
-0.132889044294012,-0.115918211590992,1.48606870683628,2.38677951701184,0.0364600648067647,-0.00884005921264002,0.0762013644646944,0.0373918346465602,0.0116575020762668,-0.0313400906845217
-0.0524029304198025,-0.0330433201371909,0.879337176832899,1.64921403080949,0.00449016744472192,-0.00204282060159476,0.0151941210008987,-0.00776720756813844,0.030306578578538,-0.0166244178461139
-0.0209274005780774,-0.00916964221628164,1.10056575200808,2.1715758298222,0.00729144128473356,-0.0238390932749851,0.0175905206829017,-0.00525114727049853,0.0123557246249548,-0.0108632465679767
-0.0975446392528501,-0.0279849060876943,1.04501024000035,1.63519084236203,0.0212796056400251,0.0236905215943347,-0.0511252540063606,-0.0104145723005429,0.0382560808982506,-0.0343158917627209
0.0493181750930208,0.0637133638876071,0.0428950888085352,1.52698325032374,0.00928405774658008,0.00758279459397237,0.00691908690757984,0.0119464427538763,-0.00185496786048423,0.0262777579608436
0.0234780441020189,0.0716504871091323,1.01916343788664,1.56675188110558,0.00942177868228889,-0.00336615629362278,-0.0241950687178761,-0.00162617555730661,-0.0653630661580264,0.0286049360042877
-0.0644954380053765,-0.0372909980970364,1.2649675139131,2.4352244493785,0.00553298974487079,0.00334190260599173,-0.0272689624175481,-0.0269790408924767,0.00891207219601914,-0.00679693928782717
0.086950476654718,0.0556895035360969,0.719942239635051,1.70196660894993,-0.00431231868016912,-0.0216680514924583,-0.0247158070079904,0.0037145761083227,-0.00415749890459008,0.00446451078101242
-0.00221268479874228,0.0663929394510709,1.07114878945429,1.81777141011348,-0.0133239627791103,0.036360091504063,0.0455143703724981,-0.0130649635690433,-0.0101401515378793,0.00345556755882552
0.0432098550393015,-0.0400764382971369,1.08679435654903,2.18553687702146,-0.00489440638110334,0.0173434013448345,-0.041643143121688,-0.00615858663644679,-0.00591942891804511,0.00777605161930646
0.0351270005240705,-0.0245557304911784,0.851602237002499,1.7155081545556,-0.000342214805799169,0.0929660422507448,0.0249884489839395,0.0196802157450498,0.015894577593965,0.0081535229241466
0.0200010073379187,-0.0148771405587421,0.777480671145213,1.88030394812605,0.0022640719674509,0.0136293756645567,0.00145035391374336,0.0127304870555797,0.0159188040754755,-0.00413939005405253
0.02040564186671,0.0209419191876093,0.986474497856907,2.34329639241841,0.0114044296646835,-0.0437880143868688,-0.00656554776964357,-0.0101197018151807,-0.0286392910021898,-0.00591575671615107
-0.0630934685063174,-0.0230521062157116,1.44476145073978,2.12104328185691,0.0161328465837161,-0.0150900377717527,-0.0022124064285314,0.0114280314657339,0.0107978812220497,-0.0223029564312828
-0.007626987436263,0.0628233010637581,1.37986416959134,1.76461069546759,0.0113033661901674,0.0039239432107308,0.0549758142869895,-0.00407761051941702,0.0706414107121314,0.00753042811728653
0.00543079862017051,-0.0140209342459941,0.606992929875079,2.04389179323883,0.00546859558294191,-0.00699279389037881,-0.0116863590866949,0.009311585976391,-0.0310628469277226,-0.0152952449536446
-0.074713536938986,-0.00907465004752637,1.92138596211541,2.2015828256445,-0.00189374955639447,-0.0131468330735792,-0.00375346087981972,-0.00361939885850007,-0.039809267997262,-0.000143633858947904
0.0812568848213014,-0.0137617242357675,-0.0640367234536576,1.73127585854271,-0.0114530007919535,-0.0140412764164137,-0.0298743854014117,0.000840467624202083,0.0232145077846315,-0.0219733694597584
-0.0207388635698209,-0.0350885072806737,1.16835546956012,2.30645070503113,0.00127507329084984,0.0294047605563649,0.0364821936969041,0.0105039750243701,0.0785496295781647,0.00318112245443099
-0.0399336374451537,-0.0687470707070236,0.981168594614458,2.26518206477548,0.0131596377243271,0.0182086925178289,0.0503593886724718,0.0185353910242485,0.0305635665562006,-0.0220612369037357
0.0342982111050928,0.0520845779965169,0.79021418131374,1.78348414478017,0.00176291704157434,-0.0243764341299018,-0.00985378734041698,-0.00276387936977106,-0.0251257451423156,-0.00773855355579321
-0.0877608134652926,-0.0878738870075014,1.33719664442296,2.54812847837641,0.0144338651059587,0.0615625644460068,0.0410650244736828,0.0136476968692206,0.0384416774890251,0.00340657750209317
-0.0300327007098632,0.0242788537032431,2.01776627569822,2.32313705719096,-0.0182070570923174,0.0152043882432586,-0.0475947741785206,-0.00685486297560212,0.000825833461933143,0.0157058716795464
0.0412204168099929,0.0167271350355659,0.468658126806076,1.82202534824312,0.0116611463372571,-0.0169170582585302,-0.0210633157654948,0.00861797849121046,-0.0244403691219725,0.0198077053020221
-0.0265807758809364,-0.0369560096665271,0.838610671816592,2.07443738794382,0.0160077063084577,-0.0348826380782866,0.0203327438729986,0.0145320938530238,0.00236021029548845,-0.00262170820625006
-0.0799994498786284,-0.0190621807256692,1.76552668836661,2.29446709171422,0.0210632389672375,0.00759001661001207,-0.00724198708568805,0.00334730157008189,0.0196351238909448,0.00615482872247717
-0.0670911681331955,-0.0781379564160183,1.55943960428208,2.38835961015163,0.00180136634892367,0.0270979030966176,-0.00167667834726089,0.0177276031262098,-0.0281291382093163,-0.00813074509272195
0.00205896236499436,-0.0231699185849917,0.849586316669537,2.57499313633868,0.0267913629062971,0.00025089147949825,-0.0158591048498126,-0.00602849471646511,-0.0144337299988442,-0.0146467093259108
0.0254258348511919,-0.0440913340638317,1.00269339501386,2.34743737452107,-0.00121729889462148,0.00440983011364473,-0.028462076288797,0.0150375473187061,-0.0330588936929428,0.00394620653737674
0.0370081422341384,0.0904012545218489,0.969788386312191,1.76713825692467,0.00388374693836055,0.0288308674766669,0.0426154707976448,-0.00572718734812761,0.0594136347479543,0.033822134585101
0.0338392050631222,0.0292588763261642,0.326220121186828,1.52084125090994,-0.0066890572747093,-0.0146912933959991,-0.0456023636732124,0.01051218032946,0.0127606053437491,-0.0170245623800904
0.0888964753196456,0.0950778923791915,0.148851479088316,1.56236252858997,-0.000620059943645682,-0.0124514540803288,0.0516055062115788,-0.0163517679044335,-0.014681552968606,0.00702536535919344
0.0651720985307493,0.0337034656297975,0.576718742278447,1.64707038952992,-0.00367270481378787,0.0530292543251502,-0.00628779251397459,0.0104456872851264,0.0314173826749162,0.0297607735477993
-0.124181549265834,-0.000527572489198997,2.60074750344022,2.60512998454607,0.0172892520160945,-0.0665219555085348,-0.0349241519078695,-0.0255885171980589,-0.0596402023875647,0.00248147256975441
-0.0201989365784904,-0.0300977904044817,0.963720527149911,2.21533583458655,0.00831369517930634,-0.0413605214923889,-0.0691527061412526,-0.00368314068807362,-0.0119560661970914,-0.0161460937087182
0.0211517071309701,0.0477379702044002,0.656270198772703,1.88653939474109,0.0044812544642841,-0.0501103104420357,-0.0317850351510416,-0.00349625616829962,-0.0272030780489353,0.0141806371116923
0.0386013043177732,0.00426701337546123,0.362126073089137,1.77455983749374,0.0127073018653955,-0.00143334123929787,0.00632515799838408,0.0290455529033704,-0.00924255521358538,-0.00919373239458474
0.0815081224321741,0.0377322782068772,0.244172443602106,1.46890500694787,-0.0120579081798966,-0.0145769488731721,-0.065277022495566,0.00024012712769754,0.0162093990007094,0.0157197674179019
-0.0536318364053173,-0.0872056808738654,1.5576303920314,2.35274579984536,0.00778323639627475,0.0277590064121824,-0.0202804019786722,0.000495583899913826,-0.0405402013934884,-0.00412676062921844
0.0087783932069753,-0.0177951117389623,0.881268694768747,2.0517961201735,0.0128212884139594,0.0178285812375775,-0.00318558221337952,0.0218440049672645,0.0416398789481941,0.012965709501049
0.0482091759591691,0.111913451820676,0.435542458449867,1.00943197715858,0.00490811238850129,0.0363408287161552,0.0255471431346118,-0.0142750666847143,-0.0391202520202295,0.0249932300916426
-0.141132030735774,-0.0915312940432567,2.0357943077266,2.6171431268719,0.008956896358214,-0.0386609544310888,-0.0570825401104898,0.000735494486155183,-0.0545801656493653,-0.0437131870396458
7.31337756881475e-05,0.027826771554668,0.70461300916834,1.69017200647195,0.00123545838308244,-0.0192367518687555,-0.0463579225057461,-0.0112081242921617,-0.0225715687153241,0.00517221486240093
0.0199448385404203,0.0275948510149994,0.95893980689289,1.79891902351144,0.013690400561619,0.00580945242030033,0.0774856121998002,0.0257466707715167,0.00283237579754295,0.0138587734465965
-0.0609289884374543,-0.120602755619031,1.5454803584544,2.90140222478102,-0.0109314078821217,0.0130968714243992,0.041178291938332,0.0217180935713107,0.0803267993670613,-0.0140905168814957
-0.0603462730714823,-0.072078301234165,1.36552428611111,2.28453169528193,-0.00150792566728173,0.00812788374429002,0.0243224465508558,0.012777016817219,-0.0309981139181925,-0.0174069253752355
0.0175583689091583,-0.0289172154247599,0.639707423271484,1.41841566442533,-0.00738734295611075,0.0098689176634647,0.0145430361055821,0.0138366400302298,0.0309157150344035,-0.00514876024043662
0.0298017987199063,-0.058050981637216,0.801217948155197,2.26743156753281,-0.00948565812403593,-0.00583278500023335,-0.014469303522046,0.0155355222716832,-0.0503732359224978,-0.00343043192550566
0.028082911865071,0.00869176174054481,1.048691171852,1.69825255153258,-0.0361004695165915,-0.0406521857151868,-0.019226103222525,-0.00874014935150568,-0.0607812326925656,-0.0179686304406315
-0.0134325757595049,0.00725591368952924,1.14577488631115,1.80849420798067,0.0199427373781565,0.0219191297159653,-0.00398819220870337,0.0150257169734893,0.0149081192207089,0.0181474473567602
-0.0639271131633906,-0.0171867164639252,1.55499503952559,2.07310990326817,0.0140174404935656,-0.0231223741506242,-0.053268203136558,-7.09319194983898e-05,-0.023341583268438,-0.0184420199537072
0.0667168213834933,0.0266733049568275,1.132126010626,1.80652380961448,0.00390011860895653,-0.007121327538915,-0.0383216946115822,0.0168888411038633,0.0343217789474174,0.0118601951515806
-0.0882287072081437,0.110620051837474,1.55451999186325,1.33852583320851,0.0373001953692175,0.0416318416170711,0.0711686863445441,-0.0111613343588854,0.0233110619378269,0.0213469259604968
0.0731728740130552,0.00495710631958174,1.00590925211172,2.34868584406393,0.0135686033073945,0.00139491565387058,0.0114982725113793,-0.00190186646078666,0.0342779938825159,0.0348068983585127
-0.0601677193189673,9.15429562073476e-05,1.70737894687963,2.82878464989,-0.0060540735806671,-0.0194926135586482,0.00033854891873473,-0.0453470319152191,-0.0184800865394766,-0.00919561585145475
-0.0435236911009863,0.0249597110039151,1.37704215349171,2.29200741072924,-0.016177112573538,0.00921336010961608,-0.0417384025266712,-0.0221228359859345,-0.0202099193986298,0.00480933368176678
-0.056992382530571,0.0466336266507296,1.43263466638294,1.18087817409029,0.00373541638689524,0.0410370802074383,-0.0117335762461145,0.00105051536786013,0.00387682187531245,-0.00800240973525794
0.0309556494585146,-0.0187159761520109,0.545497046990966,2.02800317320092,-0.0400616901923068,-0.057843694809704,0.0229743701330372,-0.0249130373218422,-0.0246701396319011,-0.0141152468644745
-0.0320371594409899,-0.103340483111675,1.50867889603105,3.09905608277065,0.0213491613884519,0.0498324219524921,0.0229700807998205,0.0151629044263013,0.0309360989849376,0.00997994388054781
0.0630685633116794,0.0688181034896496,1.03859282843148,2.26181345843249,-0.00288345521583895,0.0449209176297572,0.0466105211659337,-0.0198344872444665,-0.0137442841165094,0.02966329236913
-0.0292190970109558,-0.00973308156242971,1.07823582977542,2.14888831486715,-0.0116802366663565,0.00904156273768849,-0.035099404535425,-0.0211364726870992,-0.0165596395839244,-0.0147042844678813
0.00937794166797864,0.0104881947839455,1.51843562594083,2.80553560509019,0.00513228656041917,0.031437269094414,0.0455705258009264,0.00676193542624494,0.0244841053474586,0.0431686698893352
-0.00565441746468784,-0.00341087582299965,0.521081676093001,1.62200073179291,0.00365887099565483,0.0164719444943301,-0.0206311741640599,-0.00905157503996361,-0.000816545455939369,-0.0190746747163457
0.0876843139626711,0.0531832116007096,-0.0508845697359578,1.72212745468874,0.00244530629181879,-0.0252957977480869,0.000581453318391256,0.00637829305520511,0.0050385057532183,-0.00430120575770562
-0.0774201880673397,0.00509864301716955,1.49994077850784,2.02353563941028,0.00243595100159315,0.0302408695404828,0.0386169009632823,-0.0111919602218867,-0.0323375241156024,-0.00181760096357312
0.0167174213005154,0.0237913642210151,1.40875722734151,2.11029095834715,0.00935071291173169,0.00623256116414596,0.0308419202277612,0.0184757012986578,0.0348230666973351,0.0217681123354172
-0.123959658696291,-0.0948409326730386,1.91370582919922,2.95969332661624,0.0249407738625262,0.0540358548516217,0.0179815898311436,0.00796008563750518,0.0305497142074524,-0.0102724693052811
-0.0411789162032605,0.020046688525932,1.72887661056769,2.03293734394258,0.00877779182147076,-0.00972104368137427,-0.0127076285775416,0.0036600038447806,-0.0112565822165561,0.00903019999956789
0.0212306298956954,-0.0504174362916225,0.999424637666464,2.55916693417597,-0.00200822826752683,0.027701502649001,0.0343847113925953,0.0124586862233133,-0.00350349534500612,-0.00153747657122772
-0.0349164932856414,-0.0125187832847972,1.31369839533028,2.05564498865538,-0.00507249399585125,-0.015883251479061,0.0674109200047312,-0.00240551453322662,-0.00499655630196064,0.00164533056247985
-0.0169110110338012,0.0103110557382731,0.618868157007318,1.63124447306244,0.00734929167337387,0.0167513528009589,-0.00825391841805125,-0.000199491420790649,0.0129830948505378,-0.00109773178765023
0.0218596718947087,-0.00825740061436486,0.380222481943281,2.07659034570184,0.0220274705222501,0.0242438388290985,-0.0294543927034907,0.0372248468110763,0.0573819319189272,0.0146197897283176
-0.125820092856254,-0.0746929030359244,1.74452255045778,2.60739943651408,0.00134914178423711,-0.00215946629556159,0.0113554112271062,-0.0169876509680945,0.0409420668225702,-0.0139580278714598
-0.02262063350052,-0.00174992942193925,0.97091937112101,1.775977209074,-0.00180481627389152,-0.0261266065016646,-0.0355045282061079,-0.0153688630399719,-0.022842523965563,-0.014868646520829
0.086859922228363,-0.0188576350289578,0.495163321914105,2.44303621581227,-0.0138641287056619,-0.0164649941251534,-0.0373061329398843,-0.0104917633972848,0.00181757807584877,-0.00296162880629937
-0.0137496383005234,-0.00945444518260266,1.3904924724655,2.18543797084122,0.0059378489610338,0.00749038403058496,-0.0100304530378939,0.0178341093897377,-0.00605995215115511,0.0154948850460825
-0.0457257228417635,-0.0225657603034699,0.925366720227987,1.94495487919695,0.0134843763551978,-0.0354057618970815,-0.0430506357836545,-0.00270649488194942,-0.0042831664588434,-0.018462883936634
0.00631247548591282,-0.0251601152854258,1.53728545027996,2.32269681909483,-0.011596282668695,-0.00400409292474038,-0.0499055642306703,0.00239829779090573,-0.0176294302679548,0.00911178840839687
0.0367741791442282,-0.017176666367959,1.38093141440142,2.09986684671637,-0.000398859766309187,-0.00818853770645667,0.000133784558279799,0.00901917518661965,0.038402420972955,0.00667833742899707
-0.00549231471370774,0.0881223285747569,1.01729151605034,1.26102846389,0.0137447653646655,0.0623370757633866,0.0054606674153932,-0.0205385449802255,0.0121590538812366,0.0125200746569145
0.0199007604310659,-0.0561697636498987,0.609163602087842,2.18927610400518,-0.00944910338734243,-0.00996440383817318,-0.0594263633870147,0.00027789860575439,-0.0334754767798166,-0.0051586770154716
-0.0546074357411407,0.0254745407224372,1.06291567137868,1.74708112889628,-0.00823123030655782,-0.0267831898766334,-0.0665557021377006,-0.031727767055432,-0.0423431500573388,-0.00289746908162198
-0.0314942488519153,-0.00533962683139013,1.48026839114512,1.91260815253415,0.000749426023551977,-0.0103120035359805,-0.0353809558113504,0.00310218456734815,-0.0525891375133363,-0.0227671340517879
-0.0337395109085436,-0.0341159486562606,0.993071159597278,2.36123656469248,0.013771645848975,-0.00123512527922696,-0.0208669911494412,-0.0069660631242209,0.0547092822299659,-0.0102541057086722
0.0625294406425475,0.0212095339756401,0.933793537018801,2.07828401524873,-0.00962117553476504,0.0138701449259233,0.00774008442327414,-0.00227040840917236,0.027912071389297,0.0156998783978512
-0.00161357827773,-0.0403711312420561,1.1831471265291,2.37085568482617,-0.0245151918666868,0.00794292317199936,-0.00332501742259592,-0.0114380574423561,0.0126676671347879,-0.0118042849389404
-0.00117715194524834,0.0772505036813816,0.875940909459588,1.80548818862201,0.0227863511745206,0.0179426496685498,0.0149032400615679,0.00466214315957943,0.0129803923744539,0.0160367109671195
-0.010208446943766,-0.0277862150672336,0.953135760399613,1.92573788055128,-0.00229060368591707,-0.0451780345902302,-0.0349839456191753,0.00861560465606843,-0.0499822237653241,-0.00665540140061118
0.0740265604028076,0.0394842500049952,0.566391356721102,1.95533977406399,0.00440966091406642,0.0438416501825393,0.0732888807124743,-0.00507583343077185,0.0243866633685352,0.00738001549052231
-0.0547343767442596,-0.089352219351333,1.9121021524218,2.94106907360144,-0.0180058070360362,-0.0222300557457869,0.0146196182419055,0.00568613658291617,0.00885829239823731,-0.0191156622620481
-0.0203742952441449,-0.0236186740996645,1.56628961593773,2.33053373451911,0.00582475208360568,0.0500993328170393,0.0361738752847477,0.00617601935819551,0.044162266555211,0.00929888259623247
-0.0466594441459485,-0.0987585854519211,0.784034826200086,2.27780789723782,-0.00415939514169192,-0.0106393702316417,-0.00376889193674218,0.0170830941175453,-0.00202069715369266,-0.0276801835010189
0.0379447345599185,-0.0158119007283054,0.477691091516676,1.70370204223866,-0.00809456330417563,0.0487141651261262,0.0988841984009706,0.0339749735014753,-0.0135841155085684,0.00763803400356755
-0.047155441387348,-0.038949502978685,1.99425663635284,2.77554266462569,-0.00247243480606622,-0.0364848750176298,-0.00893721450518118,-0.00296971754908296,-0.00132588338553698,0.0169672475147529
0.031474262681585,-0.0215702796053844,0.866489914348436,2.32217208491714,-0.0038511563405787,-0.0198246035169954,-0.115752230804985,-0.00644419519253394,-0.0528418124436382,0.00361823245306372
0.0602421710742572,0.0482539523796059,0.726694669697402,1.57802169148255,-0.022167362496732,-0.000905102198641599,-0.0173198485926371,-0.0156922457705438,-0.00962667632074142,-0.00860181418959502
0.000742370670284568,0.01954638866093,1.86478400167128,2.29886887706992,-0.0150078877637695,0.00783766031640283,0.0162814061398482,-0.00177010252675578,0.0252157240894439,0.0155686572709339
-0.0113425089626184,0.00555583127441016,1.6982137857417,2.23124336038923,0.0217659234392025,-0.0443437338403244,-0.0633797472853975,0.0151178882050055,0.00923249008297583,0.0300853623132759
0.115770545391048,0.111688042811373,0.352113277412338,1.6180594340346,-0.0128622792706541,-0.0229242468856311,-0.0234995218857057,-0.0167567591098141,-0.0132410523934862,0.0246678216230245
0.0255603677279671,-0.0139844000221131,0.597870419354935,1.73650814251055,-0.0193539545886092,-0.00149055355789803,-0.0312311564788716,-0.00201605474943302,-0.0383036272742964,-0.0221874093507034
-0.0679864807102338,-0.0580800131203997,1.54991258627411,2.67220646308355,-0.00786188677794378,0.00517181984098295,-0.012440671184667,0.0109547533731236,-0.0245310553194568,-0.0142648114467172
-0.0407699806785482,-0.0277525835969168,2.45718342756031,2.64397201776375,-0.00845860509072358,-0.0343993536907314,-0.00991870361162584,-0.000916282272818038,-0.032605609604898,0.00181006760595062
-0.121492718109938,-0.0907176888001111,1.65065147849094,2.22027469066298,0.0174873559843256,-0.0325469367855492,0.0395021184887108,0.0205820983977261,0.00785111776970077,-0.0143443316362302
0.0146057197245949,0.017899758887997,1.12222281949006,2.0302696357982,-0.0202649462081751,-0.0464800226793646,-0.0325146438497822,-0.00993944503373941,-0.0372455367402071,-0.00813867692437407
-0.0466959662893664,-0.0500701399699486,1.14668012278273,2.08694962367999,-0.00570933528499222,0.0347216344899965,0.0785484442596535,0.00679540021153819,0.0712529206388515,-0.0237586983517201
-0.0135604929761879,0.0853991808470763,1.06331114295251,1.48685657226953,0.00275534655487429,-0.0691485562868618,-0.060118532804899,-0.0117447742306898,-0.0308847219970756,-0.00324358389349414
-0.0348391463728629,-0.00126508976321548,1.42537714832044,1.92099103780456,0.00580463366626991,-0.0179277183960669,-1.12137134908731e-06,0.000610872010669539,-0.0221044489153312,-0.0170461969302735
-0.0497866871674936,-0.138077563607136,1.75372494727527,2.89897848908234,-0.00266053906405732,-0.00313037633522323,0.007578183851581,0.00759463448991494,0.00894395226780239,0.0019451936232434
-0.0326670228916181,-0.0040388378886643,1.89041366566131,2.4942270405482,-0.000548820485097488,-0.0308572875445278,0.0185373871752834,0.00356195467282552,0.00296352970782264,0.014346680342783
-0.11066760107904,-0.0363005626931487,2.19070586856634,2.37049129701644,-0.0118360985978879,-0.0155090803188456,0.0403073685797081,-0.00309563665395802,-0.0482564839370129,-0.0258465681654384
0.0335258365819709,-0.00617670443197665,0.966031394705098,1.76627633414779,0.0021278521074195,-0.0352780858775507,-0.0268401453673077,0.00726610571751483,0.0675048626517489,0.0158671305804217
-0.0208011243190067,0.00662126050235391,0.648237534239196,1.68889459092087,0.00945137811268419,-0.00813818019419526,0.000406872520787761,0.010977605506836,-0.0290923661733766,-0.00533068905817199
0.0503246120950782,0.0775466623359065,0.820798570639018,1.54635350756257,-0.0178481678203231,-0.0239502477381641,-0.0448750260350383,-0.0195821479345583,0.0276598779745078,-0.00722595030236739
-0.0748471069977565,-0.0289311788615254,1.45176056146538,1.64930100250974,-0.0145736154973602,0.00960955008358203,0.0146350692826771,0.00302438610350938,0.00291239530405777,-0.0435774468783651
-0.00147468999225768,0.0127660461376972,1.00402394202904,1.88960199551789,-0.010114869125032,0.0107703954565042,0.0127173414777538,-0.000617028932794378,0.054111228997781,0.00652103186305079
-0.0532505394725202,-0.0119914213613309,1.19306417725014,2.50145614597216,-0.000689846312885347,0.0579305003006661,0.0558557724338577,-0.00889766967763906,0.0234032147213382,0.0192110730671457
-0.00374277577430436,0.0176013535977029,0.470816157662453,1.59183836153746,0.0160583822508965,-0.0163347735091081,-0.00740043006803074,0.00471231601102803,-0.0254640274071753,0.0183335824306401
0.0205377060857461,-0.0309584462660358,1.15760575638291,2.67084153932938,0.0029632114690909,0.0112834451165282,-0.00245578726940551,-0.00362773660495478,0.017423775132979,0.0125573090642774
-0.00818406045029217,0.0438858264178256,0.841162881900722,1.62887595787723,0.0131529110424053,0.0126349720706875,-3.37504029736217e-05,0.00597461416821984,-0.0316014155622491,0.00876572318477776
0.0317689804408364,0.0073968367858377,1.23863161543279,2.12521988238132,-0.00139701168418705,0.0365906638949839,0.0199177954200681,0.0134629221082635,0.0338440935443066,-0.0033167448048977
0.0120626304373696,0.0219527206717171,0.806768533282109,1.85208618969769,0.0136261335207136,0.0454799593210061,0.0651576780423159,0.0205537132421214,0.0371447394066687,0.00248807570387005
0.0705982326280278,0.0520983862741055,0.511359085724688,2.07345062307716,-0.0060654823813978,-0.00572277065510673,-0.0176860206893472,-0.0280400975748932,-0.00747332842029097,0.0111204463249158
-0.0227299020435437,-0.0206520446582143,1.38101609375703,2.10546757775086,0.00242598398244362,0.00550531978611743,0.0264648285234542,-0.0073105383813896,0.0375459855612541,0.013718449963074
-0.044964232202191,-0.0172326784444905,1.35403855315428,1.85944285693351,0.01063487943735,-0.00633270461339499,0.0277494281131229,0.00981401304937537,0.00249657811109074,0.0100832556387649
-0.0249901469082506,0.0116959220997727,1.4656325179309,2.3514807451019,0.00542254343840382,0.0116227990625553,-0.0494932522679439,-0.0267899418268536,-0.0263220373674302,0.00233458375903224
-0.0423444808047076,-0.0553185476396403,0.982587227241663,2.14379194719882,0.00174736493719013,0.0168740311559577,0.0333216101182601,0.00808711789217886,0.00438625838698528,-0.00145006508850379
-0.0105522054979169,-0.0471566038426406,1.4737951837481,2.45519488014272,-0.00371818174471529,-0.039098890897677,-0.103913322804297,-0.00076108307627805,0.00174583808275688,0.00357480280157421
-0.0766957752388844,-0.026048137864526,1.58539579475162,2.21472963729617,0.0118750952284779,0.0481286431163,0.0500839425767267,0.0138459063292851,0.0438806782894181,0.0120955796258065
0.0161063815093159,-0.0349000835360706,1.47663955407212,2.90936929727298,-0.0105322084672217,-0.0716163472525667,-0.0660142199663132,-0.0125511064329891,-0.0401751493279798,-0.000323525002433706
-0.00636083940806885,0.0331293622064874,0.679755242600678,1.54075250004999,0.0151392507574239,0.00295221235777747,0.0830864758388362,0.00497497168085009,-0.00605533396022077,0.0111461106582632
0.0521083246375138,0.123968565151797,0.824439679092657,1.73162710282688,0.0129320853304083,-0.00184709035198108,0.0257084047762987,-0.0305210950586306,0.00942486310594196,0.0063584613079975
0.0727364314846743,0.0189723567563418,1.09843363636174,2.07963409348745,0.00981101531523072,-0.0515019335410356,-0.0383327955344946,0.0162861773234856,-0.00921333717754032,0.0106690542430812
0.0782077478128628,0.068903341094261,0.950945268117647,1.93088225644459,-0.0125207224248928,-0.00775520499606745,-0.0359935814662109,-0.0125055281419326,0.000807872182930223,0.00636264774438547
-0.016561764994349,0.0255277543833712,0.476297061632291,1.70776332581716,0.0243435676507167,0.0386392620682653,0.0607863102757942,0.00723858978049583,0.0205664883235382,0.00540733128956534
-0.0290334812460666,-0.0501634625264679,1.00032945846499,2.20773680196234,-0.00230413681681263,-0.00641668194148472,-0.0109582512788462,-2.63260145382721e-05,0.0167705887581661,-0.0079802617895919
0.00240401506179307,0.013215334844905,0.907387528695356,1.24900181165003,-0.0037031884802093,0.033594182295956,-0.00335907526432847,0.00693815002603673,0.00351982716545529,0.00257700901049309
0.0135503806163269,0.0333684775031393,0.859590365725673,1.38127503142959,-0.00158036912378012,0.0208032767738122,-0.0324898306984047,-0.00564356913630593,0.00109027753022179,0.00286449183649133
0.0244212565837584,-0.0268268464184261,0.787501602001643,2.43615153943955,-0.00486219858548244,0.000795389967943245,0.0110440888639227,0.0151046003224419,-0.00564758964276468,-0.00911538713005674
-0.0478694842801623,-0.0545886571388481,1.16803627553265,2.27591490119012,0.0135312857980116,0.0372044497833306,-0.0174914993081517,0.0126431800857966,0.0714804511181939,-0.017816713916692
0.0472563553391692,0.0578083335770636,0.927887722307131,2.49032154716828,0.00654829683615785,-0.0598026824605151,0.00300336144982203,-0.0361705496202216,-0.0183471264110244,0.00254701180490897
0.0438898163060634,-0.0197098685072182,1.16731884643559,2.27209087235425,-0.00632038953740057,0.0742649447444607,-0.00387254707903518,0.0155694881198274,0.0216961149569726,0.0266763276470815
-0.0137198768343052,0.022468562198479,0.962761848608808,1.56740214865039,0.0152533686649033,-0.00420501876411699,0.0436348964333154,0.0105638512909529,-0.0051217387180213,0.0106270757668663
-0.0596352181251206,-0.0264008776081266,1.72985454606322,2.23019118712825,-0.00632171821875307,-0.0550453225036254,-0.0417479850234565,0.0104711895404771,-0.0190555128100781,-0.00650503730804987
0.0550345902118614,0.0302343143811863,0.891089016931356,1.87671709307745,-0.00093139301783558,-0.0568647434965834,-0.0346165897542692,-0.0182909954928614,-0.0147512194438481,0.0165148016402776
-0.0389417048745632,-0.0262760722786921,1.43008260459078,2.79565198091832,0.0126724974015625,0.0454441145292371,0.0353389937675928,-0.000238930261234878,-0.0292702645230958,0.00455051229779188
-0.00673423208492285,-0.0225953604159508,1.32295219920266,2.54405128732277,-0.0128493108921093,0.0184850055387861,-0.013675684919613,-0.00843009737242301,0.0113739828280099,0.0120630192872715
-0.0414058950190578,-0.013997785743313,0.945389776585235,1.89527836115841,0.0201532434203815,0.0159482006428138,0.0304783407782927,0.00851708576368455,0.0010440096492165,0.0126708908451651
0.0382117162068859,0.0664202156330225,1.01889072157467,1.62681212291333,-0.0106501200703085,0.00627206563484205,0.00783283722537363,-0.00670747945799646,0.0197554515624753,0.00286191980828382
-0.0560792409544453,0.0300822449030919,1.51550433584671,2.07827562549294,0.01248567123162,0.0227972994904468,-0.0146608392560556,-0.00905180986854227,0.0405396697122331,0.00916156933723781
0.0422530588469305,-0.0836059854096479,0.891948466560655,2.74767714235916,-0.0126449585630608,-0.0308730130460199,-0.0446446790788621,-0.00602872119957836,-0.00147903653113325,-0.0089970727517751
0.0479294627431801,-0.00186389220868803,0.751670842040053,1.62655581470019,-0.0159290703848142,0.031297947727161,0.0363909754594425,0.0141667372173805,0.0245616308388165,-0.000616364433781671
-0.021561962074991,-0.0254062982925817,0.516462182973242,2.18417537212542,0.0186802138032604,0.0600640857673792,0.0380324125538817,-0.000803111242956751,0.06066004836534,-0.00678818933556903
0.0377316528016365,-0.00388807562566008,0.780224833824367,1.95759296780127,-0.0254950828994857,-0.00914103958860031,-0.0548354267218288,-0.0142741435157572,-0.0155056088947003,-0.0300919925873468
-0.0183307834214258,-0.0698673285352874,0.648578849916878,1.78486255533303,-0.0104723532835024,0.0173104019470605,-0.000863937970937945,-0.00500712932224537,0.000908298514716186,-0.0185996971253166
-0.0109442600751252,-0.0980901959069105,0.64531563745025,2.76281403780396,0.022987097119066,0.0459828955751295,0.0701943950108254,0.0302847443622338,0.0455787709567746,-0.00721380344058212
-0.0610506569433512,0.00091608722029195,1.55553574540368,1.84808628010312,-0.00148722523955338,-0.0262980188293845,-0.0301559531498389,0.00240204823636599,-0.0255092136520023,-0.00337408452936811
-0.032118676743369,0.0114019163356798,0.664493568323686,1.74556460365872,0.00643213604567919,0.0397000313222619,0.0643904638895804,0.00372496746665112,0.0203654044992023,-0.00864672799731312
0.0664435096691893,0.0814483837802351,0.616731597622913,1.49427949029355,-0.0137165617252377,0.036141421641669,0.0140300324883104,-7.56316400127564e-05,-0.0239390828166254,0.0117080939545499
-0.0456048477274694,-0.0583094033800732,1.63029016318459,2.71695644926746,-0.02306603521859,-0.000150452331312733,-0.0360023506849615,-0.0298860348217928,-0.0639882398635235,-0.0140556800474905
-0.0352193831621785,-0.0645502936107051,1.16659787325172,2.21584953915469,0.0107808076008693,0.0339952926093675,0.0463199048943426,0.0334187462394162,-0.000601873110890406,-0.00320666856371672
0.0140282076081918,-0.058542737894651,1.37023936027365,2.73645924607159,-0.0399522939363596,-0.0304792788877213,-0.0662217153195692,-0.006745138517947,-0.0322199063921467,-0.0154000440901898
-0.113391138720319,0.0195010846299479,1.51259388382338,1.94236171726041,0.0504396217790861,0.0434323401899412,0.0363068212499789,0.00690293372717475,0.0398929735098836,-0.00495004322308525
0.0261691708753059,0.00714764337439349,0.770084411445068,2.01055295015524,0.00559913130421278,-0.00999785622035264,0.0197972025368611,-0.00773385072082054,0.0183387710125325,0.000510361434276271
-0.00942571859771483,-0.0742792825801108,1.03583768559011,2.6645035033027,-0.0135583322341485,0.00648884395040786,0.00290187654618113,-0.0103175449821554,0.0204522382772751,-0.0211138075488871
-0.00203076170280966,0.0116563104792683,0.746844566684755,1.7143728197129,0.0133111032313805,0.0542689914343835,0.0233706133797336,0.00801748096772577,0.032275774303119,0.0144205571643323
-0.0299425326980713,-0.011050172810965,1.19783630816547,2.16114312309374,-0.00944619356844858,0.0624059862466499,0.0542200318297864,-0.0194947695486715,0.0482909342011339,-0.00704726969422472
-0.0347000268268651,-0.0661984222084129,1.42454668110008,2.59290172352507,-0.0237011799222855,0.0169234633980933,-0.0111388235612771,-0.000524101318269525,-0.0584425374468563,-0.0154948160115344
-0.0746958067046259,-0.0284112155706252,1.79208223262572,2.20190255696362,0.00992302470082709,-0.0522097746717013,-0.0176187994530967,-0.00913864188138968,-0.00746081326182167,0.00785773228725076
0.0250493196231122,0.00715533832476708,0.380730002244023,1.79516746311705,0.00721936738965765,0.0184964778283379,0.0365948322874456,0.00901590016502099,0.0298158049482086,-0.00473023565524194
0.0171466841459276,0.022480301007502,1.02113001716144,2.0678264889001,-0.00282573913767482,-0.00602369829431027,0.0244796337565752,0.000815165822327231,0.0290049474702666,-0.00131766411478979
-0.0206027454417955,0.000322231102347846,0.835140328493754,2.08071569793809,0.0302571994173028,0.0315423964820631,0.0455378514899945,0.00988296864529256,-0.0224459811399989,0.0175536489558418
0.0036799176155265,0.0295792550962081,1.00459488407737,1.89989669102447,-0.00937014353249239,0.00988205780621247,0.00604103049209309,-0.012048517094921,0.00240882227976516,0.00978187480806364
0.061057694331672,0.0563854251537665,0.53242417592571,1.94673847576211,0.00989352960201938,-0.0213287253547687,0.00997388923983132,-0.00279115242413323,0.0307984634382509,0.0163792002960876
-0.00842488273824738,-0.000389679448817469,1.2354043944228,1.78800829774436,-0.0219658952046153,-0.0216880889128976,-0.0750305992647433,-0.00240915412804592,-0.0497355814915486,-0.00959581506798629
-0.118683570320433,-0.131237900386763,2.44815755080073,3.80678184637098,-0.0210442136890696,-0.0306000840566197,-0.0157826791283392,-0.0320848551496752,-0.0495684747654373,-0.0468872321382825
-0.045093752726155,-0.139597438148068,0.915226591904107,2.5422405099076,-0.0122180234857015,0.00690376434983816,-0.00864222650193673,0.00645714245523762,-0.00787445879772461,-0.0242415764652526
4.48240635053266e-05,-0.0228369979005772,0.982938299712531,2.12164609802761,-0.0043814663294908,-0.00436123276489418,-0.0255196132944817,-0.00961276809023932,-0.0197888572970126,-0.00791577351707791
0.0420072266128078,-0.0181170303007944,0.893442180853876,2.11403531618318,-0.0155449514204833,-0.0147135856456879,-0.0511473397021156,0.00790991453556204,-0.0448845548534078,0.0105812178210751
0.0435908935798966,0.0588021143169775,0.64540093489482,1.617618708012,-0.0075226526998965,-0.068754215199462,-0.0210759016797325,0.00115516115518224,-0.0159556560493606,0.00188724143166704
-0.00706389921472573,-0.0320942922251028,0.701574086363513,1.96944408038641,-0.0184215097049085,-0.059246646011575,-0.0332496249048097,-0.00660006679263853,-0.0253953268989962,-0.0284682874586839
-0.00240883135050707,0.0505717532628783,1.20969209645222,2.12581836397562,-0.00905497999831875,-0.00565788688386559,-0.0109808260648674,-0.0196346289037383,-0.0394805593128349,-0.000545042615966232
0.0552925831282258,0.0453152788196687,0.812032373975186,1.84798529990574,-0.0159269042225187,-0.0334602257877178,-0.0468269496021519,-0.00218721013560456,-0.00865981647514081,0.0119598408580115
0.0214293488871758,-0.0218464879764898,0.856951576598107,2.06560825501504,-0.0135560141091671,-0.00687995417463536,0.0546413515171263,0.0239021045344333,-0.022545217663364,-0.00171068835874881
0.154930275724796,0.0533075556001565,0.202689398081372,2.06823540293563,-0.0381660776390636,-0.0118608895282491,-0.0249568712343757,-0.0131459445093559,0.031704409473996,0.0136701388123932
-0.014834462851712,0.00483641648195549,1.29923957329441,2.2591719424027,-0.00386993773151832,-0.0243049130987439,-0.0160488852629831,-0.0106151563698774,-0.0118720086167231,-0.00356504709816977
-0.044132312711727,-0.0655161140443312,1.44060471412248,2.43513245561403,-0.00370007307137045,-0.0132888189811675,-0.0496543643938058,-0.00646054413573046,-0.00923335934514183,-0.0125685523362377
-0.0287128692860188,0.0562282506614174,0.988328912579229,1.20150928753998,-0.0154499663860712,0.0184128510084193,0.023151846700191,0.00550136078523865,-0.0669576372005738,0.00364967805299967
-0.0716169632694634,-0.0691588138676382,1.63324722261987,2.22563152766677,0.00983812311135011,0.0484773742106198,0.0443112660362322,0.0246121426522985,0.00453624506374388,0.00981444999805196
0.0248563009534909,-0.057718892862198,1.03345674391569,2.61958559279804,-0.0342523530845419,-0.007717384247609,0.0299974400460695,-0.00554072222965852,-0.0177192308016691,-0.0384880418072635
-0.0210770016077246,0.00920527473869745,0.787564259095997,1.55904181974859,0.00335380673602112,-0.0361659492520627,-0.00147100156690004,0.0124472083251918,-0.0482301601336518,0.0044899290026021
-0.0201143026765825,0.0361082495608256,1.77627425744339,1.86660560718384,0.00424002978677498,-0.0220328542133707,0.00794495506663084,0.00605173515630933,-0.0513014418843508,0.00613979449739126
-0.131820313557403,-0.11017563059885,2.03802493069591,2.74219357139689,0.0314501603233515,0.0642071351734419,0.00818633175171195,0.0258309315305616,0.0376492921916944,0.0104842920593767
-0.00305158854587335,-0.0137879058298101,0.892556743842748,1.85301610082394,0.012856193845029,0.0147540509201685,0.0115081636462598,0.0271566112835484,-0.00125433970619677,0.0105035116431086
-0.0820614990052341,-0.109371181316856,1.76247815944055,3.11889818021902,0.00454587589280378,-0.0311342888005791,-0.0162887564343287,-0.016308447640711,0.0101065276012781,-0.0110489535712382
0.00674612983406969,-0.0276340897950543,0.530058396842388,2.11238547461764,0.00407102787339262,0.0232264801421977,0.0126116774040523,0.00445689887846762,0.00837853450465047,-0.00221884701259098
0.0143675741565931,-0.0138084648727849,0.746196406210701,2.05743108208486,-0.0161093173430784,-0.0102008137947271,-0.00833562011837959,-0.00970711660248603,-0.0378742520425635,-0.0124641573810007
0.119190448484881,0.100509099103205,-0.132147120578304,0.975073397563311,-0.0109776044097758,-0.0161041231609265,0.00746054187306855,0.00505499058737094,-0.0269211195473883,-0.001452138856938
-0.093687025969901,-0.0797039460898767,1.64505198461062,2.89201144519899,-0.00174194322661195,-0.0149768872710999,0.0218726119542129,-0.0149938697602365,0.0254853633702005,-0.0308696686390791
-0.010560462640583,-0.0696814536432046,1.2530662370384,2.51950239895302,0.0176602953481104,0.038845594738977,0.032426613769556,0.00718651411752671,0.109832810130986,-0.00207130139332121
-0.00921077201061124,-0.0441973108443094,1.51112170857224,2.95763281880638,-0.0214811805650078,-0.0245128050046004,-0.0279313102973662,-0.0214458964004453,0.0360044860114778,-0.0107723873857143
0.0930830739621529,0.0016054691776312,0.550334328633632,1.87369852598932,-0.0316058272869062,0.00481631466155243,-0.00541238172733277,0.0235783962310768,0.00389254042768898,0.00121750397817487
-0.157331856654862,-0.124025020866167,1.83333115624434,2.4559643375866,0.0285709534228843,0.0194093949127527,0.00530607467265535,0.0297553817952942,0.000500773022402914,-0.0172819611253532
0.0470877206664225,-0.0422366683443875,1.33443089333658,2.89419063170618,-0.0205874498678901,0.0226096046132559,0.00554338839917184,0.0156233572403011,-0.0252754739069609,0.0113046037499608
-0.0129497103300972,-0.00587803793393284,0.939326090228717,2.09289251643708,-0.00568640706548975,-0.0060454330303769,0.0200396304362522,-0.0162762045295838,-0.0194206545435598,-0.00142730107301153
-0.0420272832178391,-0.0674927957505197,1.69901127689123,2.48753019255018,-0.0101899972832747,-0.0273512647371721,-0.0284181592040373,0.00615849812219664,0.00661008216617466,-0.0105339268768924
-0.0114444490620744,-0.0486553347506235,1.20268651439263,2.58766268261033,-0.0145192984882922,0.00132357125528283,-0.00764957939914149,-0.00255689606621028,0.00322749373165941,-0.0155326539395729
-0.0399374600563402,-0.0139244164059992,1.61502192259127,2.45197358663401,0.0137404426134393,0.0242478011315935,0.00733737892510017,-0.00924751179045001,-0.0014926653446786,0.010433627683604
-0.0926303120341677,0.00358650539404211,2.11504963874621,2.14145320347272,0.0163024259627317,0.0510885506296328,0.0343001373028068,0.0142328939355656,0.026533860749103,0.0262279591955225
0.00461241782483015,0.0723154619277438,1.04627682994658,1.98599547160919,0.0111744301398248,0.0176448386109453,0.0258814623236901,-0.0162026907487594,0.0124379300260446,0.041173890356213
0.0481383883412975,0.0139280593339912,0.520351803763568,1.80434747820701,0.00521458845834535,-0.0291427940858123,-0.0415977992736169,0.0115486757904103,-0.0144009061102113,0.0112904361117595
0.0316399488258998,0.0773683342331388,0.581137352643688,1.31205024422171,-0.0176767951036437,0.021232257649403,-0.0695934514350096,-0.0309534978025024,-0.0327114572997217,-0.00771157668149754
0.0677979440778821,0.00255582189245767,0.840694854776695,1.87304834829556,-0.0312319518803918,0.0449695884081453,0.0399339387515258,0.00963164344277848,-0.0188553646649342,-0.00649535971283549
0.0627732779571325,0.0518033290902599,1.20812015690512,2.07811323895161,-0.0147271735222542,-0.0305995746806286,-0.0198215932807859,-0.00512259152814596,-0.0249667801687981,0.0117567855067842
0.0496359289821361,0.0323463414737409,0.762615312263602,1.68353662171786,-0.00317305862629615,0.0190883153566861,0.0180716012390411,-0.00985123330332993,0.0416612293213637,-0.0082050054808778
-0.0838150563572284,-0.150239118892999,1.42338061849126,2.72894236518577,-0.00270341707293652,-0.0106633270944817,-0.0370688547538432,0.028433100619901,-0.0334928074097251,-0.00690170598978156
-0.0220323539816723,0.00309862231291448,1.06265499383336,1.87933524141477,0.00741905283065233,0.000750169241902234,0.0136921409647997,0.0214118999356849,0.00534855448581434,0.00881443448841686
-0.057493170003017,-0.0431377129698235,1.05385660965755,2.21199461135032,0.0205625303147505,0.0303537395340609,-0.0117904013009054,0.00173743551412048,0.00409405733116006,-0.00319011046622224
-0.0858731813901248,-0.0579538374991097,1.43892561728645,2.47015795080894,0.0178422057939169,0.0311947489539835,0.0793816508904091,-0.00233200328318316,0.0253526142953253,-0.00258290522971976
-0.0543754343152241,-0.0258503768227595,1.28813116079285,1.79598925190308,0.0260435097040655,0.0144896560412179,0.0282609191852516,0.0125244717432681,-0.0320551370568533,0.0122034903553979
-0.0846471755775109,-0.0029196715425532,1.148839403445,1.83216305958913,-0.0165274292155222,-0.0617226238286632,-0.0107651346590374,-0.0225357598800602,-0.0750050519968475,-0.0328066578324475
0.0044088004636204,-0.0408161018256037,0.987235926061625,1.54121431521492,0.00700587056727831,-0.0626894141299493,-0.0356064998531888,0.0217951534702249,-0.0165334866387016,-0.00361057069861345
0.0641077390919185,0.0634665991813836,-0.0696588180623948,1.06800191527098,-0.0154678941673433,-0.0378658736372819,-0.033968293315245,-0.0228242144551338,-0.0436133060798654,-0.0259302823115233
-0.036671905056162,-0.103846497276473,1.25198644109036,2.43369287817787,0.00488072517529604,-0.034441151295163,-0.0176544160367039,0.017790662263412,0.00914898698743402,0.00162462477189026
-0.0229639891580154,-0.0389717688214645,0.953975033374312,2.21606693597163,0.0105359026084348,-0.00483178443272622,-0.00183668650690401,-0.00883771535939113,0.0261131755067012,0.00155032002949479
0.0607260974248222,0.0363720149222077,0.508788118500121,1.85660229985237,-0.0167821707804208,-0.0154312332900148,-0.0388891643289742,-0.017408244773456,-0.0106433819453081,-0.00534700362205771
-0.0299429853769457,0.0155522466633086,1.10319849178216,2.1668963909101,0.0118390295649289,-0.0124948446532538,-0.00584221532545018,-0.00451913198693777,-0.0180269513918436,-0.00927632456200402
-0.0257037613241884,-0.00629673384632691,1.78928294981624,2.48168765332339,0.0114963538603998,-0.000967057118767347,0.0089714791060774,-0.00862729425848243,0.0160357105115998,0.00370200004426245
0.0336311211000558,-0.00822509646011972,0.813513986413082,1.70345310166188,0.00572942577031742,0.0431552399659438,0.0197059080341484,0.0113440201577484,0.0179607268207048,-0.00370997439944834
0.0533822113778081,0.131215800975763,0.374291603026574,0.941037722515537,0.0125407972329421,-0.0414903183533779,-0.0170348737410642,-0.0218007970650555,-0.0229563078063459,0.0125429035895584
-0.0612369770767807,-0.0595724976075483,1.4052577719897,2.38421884742794,0.00370906937569153,-0.0377002079064698,-0.0141855829025613,-0.00586406196495953,-0.025811330462209,-0.028032600604658
-0.0455149523043423,0.0846239381357133,1.60512586613148,1.34575820240845,0.0185927130069571,0.0308704356594287,-0.0140010081156473,0.00150793363286624,0.0203952607017204,0.019766207887944
0.01792143752959,-0.0224312123572542,1.6384609755007,2.36622529521451,-0.0206263376767542,0.00834630795091397,-0.0299512857554215,0.000840875911826947,0.00919097853921102,0.0116988828288907
-0.00711634752066623,0.0465807598627517,1.24657371968882,1.72054947777177,-0.0106862024233662,-0.00157983503959795,0.0200208887309939,-0.00254956234911721,-0.0245227418314113,0.00425898314824829
0.0016121158604084,0.0170005852890528,0.86379681545037,1.9438136210096,0.00562881883706476,0.0102879993516132,-0.000479421583937637,0.0042584622020496,0.0287137466444545,0.00282030418129042
-0.087373610900185,-0.0196049256866265,1.4781342338558,2.38113715981683,0.0297535170527612,0.0227238652059795,0.0419558755536224,0.00549851130773587,0.0288008575382182,0.00191906806194938
-0.0106840796581583,-0.000247440430558501,2.06775999285885,2.60729618795683,-0.00887582650630033,-0.0410537072558015,0.0228412976159079,-0.00360635461332978,0.0183282853938724,-0.00582419592352473
0.00998219230326133,0.0442146386829492,1.0562248333973,1.74002749633129,0.00734126970269568,-0.0125793223772928,-0.000584936953349188,0.0129570574454769,-0.0101385686421731,0.0193548343420831
-0.0854483703339127,-0.0193920165797268,1.83275757723318,2.20108688759132,0.0135204101050147,0.0225775448545585,-0.0188673899094912,-0.00653146560992184,0.0265474305246455,-0.0123094947741428
-0.018589779353193,-0.0152303441849729,1.33324175651271,2.67654340449953,0.0292584109414066,-0.0212819087033408,-0.0243415522669119,0.00709311186800585,0.0163481752894,0.00054964079348003
0.0628196979253528,-0.0116674765079075,0.526373013785416,2.26117172092578,-0.0271315390394241,0.0284144611962862,0.0315944790352759,-0.0169698477977632,0.0153579597258663,0.00141958605011288
-0.020397846368714,-0.00628320850738049,1.18756558279408,2.01558149674759,-0.00546337857244551,0.00138564076480514,0.0229098752892533,-0.00387609203914531,0.0174023951226695,-0.00500101406920277
-0.00651056422511154,0.0336612080361539,1.34903161394255,2.26401155785453,0.0178807087533612,-0.00964605376635314,0.0555894309984512,0.0166176585478436,-0.0137326043017661,0.0296909425527828
-0.0075156770964072,-0.00955972426045352,1.0308786359243,2.1747769177336,-0.00481047866947804,-0.0120053431105611,0.00412849178171715,-0.00442517320159897,-0.00234645036251054,-0.00299729620659062
0.0701593153776095,0.0451621690057141,0.69893186637248,2.27000511268122,-0.0173060619358808,0.0185484209696712,0.0102806452234903,-0.026208442492799,-0.0147318557864105,0.00380628639413262
-0.103060557076564,-0.0364744758540127,1.55980166510713,2.05817272344525,-0.0133944288126919,-0.0276144382346527,-0.0312845241063572,-0.0144536661869202,-0.0324611494000112,-0.0221044600374213
0.00764018823290586,0.0357747070455013,1.47645223128026,1.9696017648926,-0.0167128058863449,-0.02364245326123,0.0237785174349981,-0.0124889882035528,-0.0179137208076353,0.00262869625038944
-0.053024780979813,-0.0607326137493543,1.51373909900917,2.54260324679457,-0.00984348567767971,-0.0649945117739519,0.019394012375228,0.00783762362797133,-0.012788179327136,-0.016104435439485
-0.0197816539812422,0.0121574004803535,0.806121770609503,2.04614856544363,0.00779106152353148,0.0647418893164194,0.0919499615900559,-0.00831117819406729,0.0451364591648293,0.0028217341832872
0.0577560950573456,-0.021702700236498,0.44145335585203,2.24282169294138,-0.00839682100998901,0.00469922000133005,-0.0017187029165436,0.0117982823569583,-0.00316286646981514,0.0139689793819022
0.0398301531146878,-0.0552344460536264,0.645273631377661,2.22621799480781,-0.00787257080942085,0.00556436573022382,-0.0275240809826911,0.010681158121969,0.00274843084649226,0.00157735388965945
-0.0161891334941465,0.0589554701774374,1.22396772617003,1.65144427309342,0.00219002899211457,-0.0669042371384963,0.0136234029003069,-0.0106521845434933,0.0111007601903392,-0.00134965959381983
-0.100468752548533,-0.0588083913904311,2.18349278770839,2.75263266898243,0.00566551174187202,0.0237386239572337,0.0296457812807073,-0.0173938837696654,0.038443508868522,-0.0274836154367308
-0.0309012535953039,0.0058517060981782,1.56070918931034,2.12735311131764,0.0163666955100075,0.035351425114315,0.0363131548848046,0.00474128860400441,0.0755918710347114,0.00354244416267382
-0.0221373014372025,-0.0354673574887495,1.2299743438458,2.42173155681876,0.00591826657942791,-0.0129327704684161,0.0033351056890669,0.0164870305220644,-0.0254177047472082,0.00553074614913003
0.039777665112832,0.0253549640572296,0.598653013388402,1.79190622061701,-0.00636261470270532,-0.0159485848964759,-0.0353940772935937,-0.00427515485201182,-0.00191818395738748,-0.0011280047773411
-0.0165931918705001,0.0201693623452555,1.30017122536438,1.55159048063034,-0.0106270696045069,-0.0450541144613368,-0.00771896525984269,-0.0130047798835304,0.0107509009660698,-0.0158373336907417
0.0436659461519603,0.0587549979685742,1.30924825391826,1.42589905473222,0.00263016287379166,-0.000481235771908207,0.015730904686972,0.0102493908186175,0.00832136902510298,0.0124617973753967
-0.040165000053879,0.0243581981456396,1.48794222947897,2.05838882818971,0.0228755468884486,-0.0021044138998172,-0.00947694378856585,0.0157843247009828,0.0261099030220171,0.0293896592745267
-0.0574863897969638,-0.0607381482126858,1.42041570234447,2.45339164265367,-0.00347559598728386,0.0169897682102642,-0.0181080425898109,-0.0154626187599743,0.0295557159758026,-0.01601040595453
-0.025807879131435,0.0259196916958104,0.944504486702663,1.43397891636369,0.00339393977300265,0.0235686168457888,0.0438978143733097,-0.00292786772272296,0.00233177011380141,-0.00382010564056279
-0.0519887269762872,-0.0391950575210056,1.34254687695448,1.86124003625435,0.0101163401199355,0.0013543411686039,-0.0185957122945296,-0.00445516024694593,-0.017685878960367,-0.0226432402260741
0.0169261278924992,-0.0262153834667913,0.888608260815131,2.39159414564457,0.00239510991527488,-0.00206091316870959,0.0438891016878619,0.0200302622864082,0.037410290929966,0.00410249056346159
-0.0550523197597134,0.00618474527173539,0.972047373356577,1.82934808560687,0.0067281960358546,-0.0179462028530718,0.00933307750326406,0.00239918264475207,-0.0273840155214214,-0.0164567201960254
0.00923471961629708,-0.0721414814849188,0.91594533634786,2.67209360229359,0.00297358211754871,-0.0659196117590072,-0.0170107423390038,-0.000603107041224854,0.00159709763232324,-0.0165817933905453
-0.00393769142954066,-0.0215694624904457,0.90417550247874,1.66481411711962,-0.00271497996087541,0.0284817240315956,0.00407850902981201,0.000148670063392884,0.00134201642811972,-0.00218872644629678
0.0328670807088004,0.0803120598386021,1.32507087744292,1.57279046544847,-0.0319961624178872,0.0578791604351715,0.0564960401068414,-0.0233156690693915,0.0527859701783905,0.00641762919922078
0.0452997471799066,0.00553263751578817,0.403647568340209,1.8780723825588,0.0107364804266237,-0.0330922969686139,-0.0127796679102895,0.00291998357337822,-0.0101943467679327,0.019142898957155
-0.00639295403908404,0.0161182479085624,1.01052551785217,2.13240230781367,-0.0211536683177668,-0.0299536913337644,0.00173863672660783,-0.00239194849043359,-0.0589838714787273,-0.0170747053328212
-0.0532538057981401,-0.0612959667580611,1.75425889811865,2.31182936527441,-0.00848631473920102,0.0207662715740987,-0.0225569993065725,-0.0190578767080508,-0.018255594037303,-0.0179968702330323
-0.0457858509952614,-0.0478661022589103,1.75133748630051,2.4166329640276,-0.0172565022708529,0.0079130732285489,0.0247498149419935,0.00329669396005562,0.0449279503792709,-0.0299094718691226
-0.0805966020974666,-0.0354514631381236,1.54436141292066,2.09196263351177,-0.00998151238524505,0.00351889450413119,-0.0776824486632401,-0.00244434709118692,-0.0321468203818445,-0.000117378828547204
-0.0530374989970668,-0.0113661275580097,1.2542923263161,2.07003711244553,0.0196917979298092,-0.0324590808864616,-0.047302658128579,-0.0067667059747105,0.00105423293707759,-0.0101534031243647
0.0419033705355794,-0.0131691518586455,0.446920729556247,1.84632887739267,0.0130262181030333,0.00963123017928251,-0.00785970800291736,0.00657514892734692,-0.010165640650456,0.015388139969871
0.0911199296234255,0.0617367401379966,0.899400443039676,1.4288711198422,-0.00855070591106055,-0.00999141730960295,0.0445610356832068,0.0204060335397391,0.0392162820043542,0.0279281718241775
0.030768396636436,0.0459594709058829,1.25813393221244,2.02385006670827,0.026908009747758,-0.0100343925321741,0.0411390608141706,0.0106858479382765,0.0157070861285603,0.0398318959572067
-0.0903449068784977,-0.0167663422776378,1.27652860819762,2.19740183248682,0.0141220061627391,0.021007451061616,-0.0632911983521635,0.00358650355610765,-0.00420919853219733,0.00243125259056989
-0.0293866735503746,-0.0397240509131874,1.12874604213312,2.27469983499822,0.00108919061612556,0.0317033846280459,-0.0351932263242228,-0.0023275015444667,-0.0442215264259495,-0.0213553566797875
0.0298396000449566,-0.038561226247336,0.68816082681793,2.1276395391748,0.00264242518319542,0.00149547794537505,0.030362062133745,0.0182085588543164,0.012646755800913,-0.00436203226830644
-0.0387898901738588,0.00222029819309886,1.15670402545188,2.07333494606497,0.028045232181671,0.0370315649774578,0.00935717736900813,0.0117629437107118,0.0709014347207844,0.0157138668061677
0.075115717209607,0.0308764946926691,0.729850998556106,1.95478071837738,0.00579916973814614,0.0131920607747453,-0.00852267242783445,0.00418155884448551,0.00124579878031392,0.0198619622545821
0.0177646355670918,0.00585823705210261,0.427654231332178,1.67943570733145,0.000519575518408973,-0.0201436649008917,0.0159888250724492,0.00515893035827387,0.0136301956291988,-0.0124488578918053
0.016254742290892,0.0150175932614503,0.739409972621675,2.09351641309496,-0.00679065020897885,0.00926987163978433,0.023345614078437,0.00119026750426891,0.00793949849348441,-0.0092020174055563
-0.0271104479592524,-0.0839123454731578,1.50368214008847,2.37895709072012,-0.0326980101288197,0.055998603489963,-0.0214266401186806,-0.00477285062710487,0.0228265796780816,-0.0254938675367013
-0.047902742187521,-0.0530537690999979,1.45379347409027,2.7573180757212,0.00181793750167333,0.0117050802889714,0.0107422303654987,-0.0121780725785184,0.0167833271339339,-0.00443311734286049
0.00818537735865468,0.00999989897108394,0.689172809258647,1.45779577567999,-0.0101277092647421,0.00797937212312784,-0.00803035160537463,-0.00394694968094876,-0.0250061112376363,0.00887151634916532
-0.021450874619174,-0.0440907504531794,1.67371360949116,2.97830887560043,-0.0174811126555962,-0.0200295121592983,-0.0793377598971368,-0.0298836517811243,-0.00630808338703511,-0.0118691742179501
0.0365940466814364,-0.0119911018472923,0.598623937846797,2.11749833691773,0.0243253890395237,0.057191141184341,0.023025886159634,0.0229300115629962,-0.00391471912677784,0.013756804282227
-0.0774847850932957,-0.00350566548236943,1.66365801389629,2.28104997019134,0.00465004515865307,-0.0103509184178622,-0.0132124967027374,-0.0122846962822968,-0.011099226033558,-0.0207130299088001
-0.0177966615436675,0.0104750915141529,0.81994710991777,1.77376900355429,-0.00464915298773057,0.0030152373230221,0.00916364590454251,-0.00505831646703822,-0.00431085260420594,-0.00598866489754019
-0.0522241667506797,-0.0215557629009062,1.21622052022846,2.06835513447757,-0.00789431227815975,0.0298567059527877,0.00181801782451139,-0.00841365522540223,0.022576845313628,-0.036338134970195
0.0631897189078187,0.0159133524517646,0.375472318423822,1.60242222896368,0.00760195394125766,0.0385660459136911,0.046528662429375,0.0174441321065126,0.0308120371938316,0.00904979064636603
-0.0736144856376887,-0.0912735792707745,1.30726183429459,2.39145500473879,0.0144610735435536,-0.00571161397947162,-0.0200932690366429,0.0181810297677857,-0.0228682572553489,-0.0255391373618226
0.00856760612038821,0.00129270816823498,1.15559228925734,2.04801266638858,-0.0289503231934572,0.0180539119236035,0.0509981088022901,-0.0182158149508176,0.0154830423971857,-0.0157866675854338
-0.0179291158632662,0.0406843798397583,0.83455530863317,1.5248713703738,0.00326827562254492,0.0123448490738348,0.0195764822745441,-0.0135093439304098,-0.0240498929198793,-0.00240086247725842
-0.0168465104518603,-0.00447670459441259,0.81472573396458,1.85136662918724,0.0153545738745177,0.0512792291259554,0.000776977259834159,-0.000477761040263911,0.0176902215855146,0.0145955622039063
-0.032249133478374,-0.042867109332838,1.35553225215026,2.26924121513601,-0.0196437338071637,-7.12516408083631e-05,-0.0519924383116911,-0.0130827874885264,0.013442704985882,-0.0112027310489505
-0.0122220990725286,-0.0710466134592407,1.02390211026696,2.84982737260466,-0.00141284289204265,-0.0593376727557141,-0.00716472100411757,0.015427357402248,-0.0232215029946465,-0.00501832919095144
0.00614672238830312,0.0358845406370061,0.717265394863212,1.67115942622321,-0.0111384210655348,0.0358304588912449,-0.0374945016873125,-0.00651141791236273,0.00858294067132471,0.00407612346069976
0.0227837329475168,-0.0696375356409518,1.19786219340586,2.89946686754825,-0.0127102847325123,0.0498169013314915,-0.0198765555693163,-0.0049438886153313,-0.0119888996760188,0.00238980912585014
0.0124010074244573,0.00613541669890278,0.959113339471334,1.97172885179973,-4.251430424454e-05,-0.0293471156197147,0.00946697667055211,0.000585220469489831,0.0275061435142303,0.0101807709824062
0.067864155945966,-0.00354619346170475,0.667855404300175,1.67034541350521,-0.0183167599057359,-0.0455126732890037,-0.0481449878023352,0.00531281322053403,-0.0364107663874717,-0.00148617565211515
0.0336819169565772,0.135419074024336,1.55125367992875,1.25045151484632,0.0135227832375547,-0.0208382668563917,-0.0390960203974342,-0.0145390942187451,0.00761582508879942,0.00759039421881439
0.0477004030980536,0.0346124586183061,0.936644844493683,1.77174834680057,-0.00350202905217365,-0.0632357134315532,-0.0252362298767603,0.00442713384969664,-0.0473521291734086,0.0142695518836256
0.050630048637775,0.0114122661872491,0.489530803012252,1.92927565362227,0.0168218139253562,0.0696742288671605,0.00543044563475369,0.0183304029711743,0.0437546898983613,0.0107561825707104
-0.00160134688525277,0.0232288985741685,1.39013838159494,1.94124182332942,-0.0131266941831898,-0.0256159904106069,-0.00477331210124551,-0.0091967588575743,-0.00505178825309145,-0.00142509157300377
-0.0341237417523292,-0.02020653953914,1.05330529022132,2.28862996916634,-0.00126322885219,-0.069943333770838,-0.0371094292050327,-0.0179447048573312,-0.0268584896191202,-0.0304386336295087
-0.00371510544939839,-0.0196848988081309,1.39407188990185,2.28749611288132,0.0113858795946036,-0.0294726585993875,0.0134218873555807,0.0234589273696042,0.0147772336155251,0.00955317858774507
0.043175355361297,0.00839283977166304,0.347994769334679,1.8706550608814,0.00416504061235578,-0.00119498486365164,0.0298724403663068,-0.0113681555794313,0.0836237458226738,4.81268616393695e-05
-0.0564903644601189,-0.0508882974038294,1.16207636510897,2.5454565312757,0.0166753383723581,-0.0666845718497244,-0.0582735239659233,-0.0133498836060179,-0.0186516666145921,-0.0291917474709754
0.0624087793901776,0.0701427732326844,0.935173582366988,1.08944613589295,-0.0149763187056804,0.000804289600689477,-0.00623978221523367,0.0134673691920335,-0.00783879928769071,0.0276780270735382
-0.0213234526024585,-0.0548837163904989,1.08913367931646,1.86658154161434,-0.0018946316592806,0.000317359557168838,0.0237643993372383,0.0221711833427818,-0.0230606549610804,-0.000910594390161598
-0.0724177233546428,-0.0659859287760657,1.11608359459378,2.54433381540953,0.000836213904203027,-0.0257431500964135,0.00649142201958156,-0.0154194805898821,-0.0115086390956137,-0.0349242494549047
-0.0693498744849269,-0.0300369198727034,1.2103779214139,1.89584321055156,0.0175349677712611,0.0131989101529226,0.0385353911381624,0.0083231608717884,0.036969317549798,-0.0241523993183123
-0.112482810035089,-0.0556109504593787,1.49366405327946,2.5141353645719,0.00662165139121743,0.0803295282664937,0.0947013502748512,-0.000525142054823974,0.0649024019867127,-0.00470536725664075
-0.0207695689471305,-0.0604775894966736,1.32066444390213,2.47281989040498,0.00357224992808539,0.0129763100589454,-0.000667821312855629,0.00569697952729502,-0.0209935352307497,0.00633957896466833
-0.0809021475522221,-0.070146546559109,1.48248061951494,2.69241291851034,0.0056863716099393,-0.0311396449242424,0.0262909345233528,0.00306266549372201,-0.0320999233057429,-0.0177540705775865
0.0261705250961015,0.000922915215651018,0.686872094109618,1.30663575918175,-0.0141669509163788,-0.00954806269175634,0.00561594077213669,-0.00033540742811132,0.0170822432933183,-0.00894627635730807
-0.0448560420166899,0.0116990381627077,1.32488053018783,1.9511712616937,0.0284667887359606,0.00724886188280815,-0.027559522924711,0.00712977437135761,-0.00206374212946498,0.0252526250831433
-0.00924986918828816,-0.0303383670248321,1.63047982403375,2.2997626148585,-0.0216388929608527,-0.0273505927698372,0.00529956753057569,0.00429048300560877,0.00128715675225266,-0.013909641022359
0.00751476913610648,-0.0189444050601482,0.958728055995281,1.93194724628834,-0.0150514238121534,-0.0373459984585718,-0.0461493221497458,-0.00526738428926845,0.0186735333811252,-0.0142971796820928
-0.0774965584879979,-0.0422253805297931,2.06824143557302,2.94076580655669,-0.0071720920963498,0.0226871327439996,-0.00997492136069825,-0.0210222064152287,-0.027284224144425,-0.000915093109593234
-0.0313858181166661,-0.0129586056517097,1.04358762256525,2.31693066663872,0.0110565266326706,0.00421944522138518,0.0626909015407887,0.00351800258618169,0.00683113035505072,-0.000141011730050162
-0.0397290797961506,0.0236766388607426,1.10879646354448,1.56047541805742,0.017895693017902,-0.065716334590736,0.0215128948289105,-0.00435553360443428,-0.030502520997177,-0.00779952273873975
-0.0447742124553615,-0.0448570108239413,0.746615959602815,2.02293753167955,0.000665680600101154,-0.00460726129470573,-0.0785641934958638,0.00403334800851441,-0.0124673504663557,-0.00755140363447076
-0.0349099518405638,0.000533044436173869,1.12337316054233,2.23883223528346,0.000929710385515757,-0.0195530133965088,-0.0332089949460451,-0.0122970475632986,-0.0385095993733527,-0.0042644631744221
-0.0106960540321994,-0.0456088421023397,0.60798354561828,2.35548023123306,-0.0124102666083343,-0.0196439846275967,-0.0281851880505236,-0.0159753362306028,-0.00410273732448256,-0.0276843995534337
0.0409586039874427,-0.0184077080415103,0.58198566421846,1.77777559155759,-0.000776655646108477,0.0123511952489538,0.0101495879806823,-0.00219268001894319,0.0478866882959815,0.000532193623726687
0.0406763455246336,-0.0197581076328283,0.561135262865168,1.69392641418168,-0.0160941825346261,0.000123604134191996,0.00283529251747536,0.00364480928079733,-0.0248430224367733,0.00502766587568919
-0.0831953236860929,0.0312386265644686,1.7419971507991,2.00394950390751,0.0107191752655463,-0.0342547755380431,-0.0490966320068632,-0.0103600875260926,-0.0447203802784379,0.00135623067459452
-0.0268661119124229,0.0201573168206984,1.37993575605572,2.02473347949353,-0.0171756401043517,-0.00996792972262073,0.0199293999720264,-0.0310117187268913,0.0314341394280248,-0.00595061010636359
-0.0782058012503648,-0.0160270705228442,1.19735921352767,1.65979516513316,0.0131035370912082,0.046442114295642,0.0303970775946353,-0.00133591199933062,0.0158891026951345,-0.00342101012177245
0.0370951987053027,0.0206437707613791,0.764858600960478,1.80094806829042,-0.0100595489510494,0.0225386716843024,-0.0700142878101294,-0.00611985914417589,0.00719848736943937,0.0103628440780136
0.00354006846002581,0.0431851709369842,0.833104550697047,1.94842858495028,-0.00500463797261859,0.0370237452683297,0.00203356401278437,-0.0229287235749132,-0.0010832422981056,0.00588509939822531
0.0529359159591969,0.0576961618901688,0.601406022199646,1.17957417158441,-0.0174102476109459,0.0337947111314195,-0.000449455606838005,0.0250266403929868,-0.00757103214602052,0.00760927964734548
0.0124951149702993,-0.0408874111917125,0.547185057606863,2.1663246499615,-0.0172493668014591,-0.0219979986880672,-0.0458834477651247,-0.00948267331661294,-0.0397891609883845,-0.0166347454006738
0.0400749884136342,0.0120771198722516,1.35354250747436,2.68062372393114,-0.0412556968727581,0.0408629589061877,0.0175712575745082,-0.00653818190301305,-0.0422555902874925,0.00666199634063502
0.0320906844529254,-0.0255491566192889,0.680332148988573,1.695688010744,-0.0102510577419915,-0.0300981042911884,-0.00724895172612163,0.00505327138243768,-0.0238621069908844,-0.00248272201389409
0.0415181100831221,0.0700862266362399,0.471995193331732,1.35074826392473,0.00726326487516009,0.00308561540101057,0.0164104415651144,-0.00494355965814348,0.0162404471787332,0.00490752059381299
-0.00689028077652637,-0.0540712017016633,1.63429146978616,2.56472032401577,-0.00886147649572857,0.0337942641698009,-0.00366636286582739,0.0177453696582532,0.0162376706828723,0.0191541201091942
0.029068073783649,-0.0452855179705763,1.19076580778944,2.54406045688065,-0.00922783301887633,-0.0284236992098332,-0.0198668168622805,0.00348925487997056,-0.0308697843630504,0.00383633516659325
0.0537074227656637,-0.024498473329026,0.436080766401882,1.49674432426691,-0.0224164628519599,0.0111915870132573,-0.0284908238643612,-0.00783916336693584,-0.0304720499306976,-0.00573310628468924
0.0203505779794913,-0.00637269494337463,1.29382905204816,2.05367575938787,-0.00845494514858792,0.0451935778825976,0.0589071952754161,0.0200084539471129,0.0169749095055243,0.0150613369000923
-0.0395316518353758,0.0365538797237402,1.20210365021851,1.97391002709038,0.0233291916902211,0.021776134528395,0.0334492480583801,-0.0147779707184791,0.0306585113680574,0.00104892368318829
0.00402192652424354,-0.112669122536234,0.54483416396939,2.46625790713593,0.0101468291549344,-0.0276820773703808,0.0189950172052481,0.0106753745827009,-0.00678503513090747,-0.0188888306154727
-0.123906906780977,-0.021833857155015,1.89409366518058,2.6646932733156,0.0315879278070979,0.0340257162263962,0.059045547692341,0.0266851326524989,-0.00416596625093652,0.0356880960125818
-0.026520719700764,-0.0613991143179121,0.895702339873512,2.06803504083221,0.000783138244011209,0.00622721725884403,-0.0267196253240179,0.00279711096343363,-0.0187405998206117,-0.0186345030469846
-0.0443343986179572,0.00991291904128885,1.25384484347989,1.63618069207832,0.00295955871670055,0.0434963934524207,0.0304071193266643,-0.00778780946028535,0.0159961556989561,0.00622937408866068
0.0389366848611106,0.140712481258585,0.928422224269792,1.42387638213011,0.0140748040729997,-0.0111187057609755,0.00430803619177461,-0.0288413251337974,0.0407121375580833,0.0079185218263379
0.024194289525962,0.0508390514095236,0.904411547460667,1.51068763346582,-0.00999517190552553,-0.00560810801052349,-0.0490787578402709,-0.0202911618424391,-0.0265180407732658,-0.00656098426530115
-0.0573733071088497,-0.00176842091440608,1.39147057463651,2.31175798900535,0.0118939719067642,0.00469359744854687,-0.00188016161812236,0.00793944902088872,0.0384527256068236,-0.00771169644184289
0.0499980198923742,0.0697572071193474,0.748581378006093,1.55333111435876,-0.00389737448953423,-0.0197591887709488,-0.0407694999279578,0.000211648302307497,0.0178465246356524,0.0225025585924881
-0.0554347694695743,-0.052490458695995,1.40723651871355,2.96007782173572,0.0102242063858264,0.0284437947361766,-0.0109952063562059,-0.0209542865758749,-0.00935823157456206,0.00190803510132322
0.00961282761639422,-0.00283732429501525,1.31357530013887,2.83453409710602,0.00106123778091924,0.00796967623050191,0.0285875951425753,-0.0191252986897618,0.00701808955651512,0.0125544669476868
-0.0286126051069604,-0.0596966044245917,1.56061609822891,2.2377042693507,-0.00584060200973607,0.0152583657207226,-0.012840039674081,0.0071592099903245,0.0290941415380355,0.00867706490622716
-0.000730603918777354,-0.0294872077088718,1.35729219604513,2.26192389787993,0.00636900498929538,-0.0695066248751023,-0.00706066185116226,-0.00791103079679213,0.0238290831830948,-0.0105075968749488
0.0184199797823056,-0.0202480954159756,1.05749226290508,1.98494419206396,-0.0339083016613252,-0.00116386540571021,-0.00468721165495011,-0.0175137325833257,0.00703915922080375,-0.0320459268333775
0.097178259773333,0.0408752974701831,0.463140851778921,1.34721717114589,-0.00904462629922659,0.0823545649209774,0.0246653308513032,0.0173141159661826,0.0703463368794253,0.0123960397870847
-0.0192550741654472,-0.0459725408980122,1.59776278684124,2.26714083944225,-0.0036230652090526,-0.0152855712163772,-0.0284802463122405,0.0162412918798463,0.00263190526869317,-0.0134008305243682
-0.00485628700761833,0.00560580245040167,1.22291191976869,2.20685573079238,-0.0085069330083554,0.0282460620955685,-0.000988152572928081,0.0155754698601294,0.0339942615369976,0.00765384987071367
0.0113543862472679,-0.0322270294392756,1.06399447439562,1.94486417825979,-0.0129887669199103,-0.0107294780426296,-0.0407106941794133,-0.00705135328829459,0.0233007872687493,-0.011536075997524
-0.0824129727540295,-0.07421463586012,2.10727059562474,2.66389607877619,-0.00229206761752973,0.0396837175416418,0.0110390517231763,0.0219234369032381,0.0356208732236254,0.00253871417718106
-0.00734609703546786,0.0419897575124747,0.592938556219646,1.24920375045706,0.0384094969107964,0.0570937696543857,0.0222605356325767,0.0201056686653508,-0.00467229672703226,0.0141498090999412
0.0849400118060012,0.0300830567476726,0.298726601073525,1.94294336007087,-0.0196011936473991,-0.0133469231473194,-0.007658828419669,-0.0045362536288807,-0.0181614806644866,0.0056618176251579
-0.0118400424640716,0.0178859806757559,0.932590427433694,1.61839583554426,-0.0100981762987287,-0.000483012459264544,0.0218950492865985,0.00607667206610987,0.0531518119430427,-0.013308121984669
0.0194273004041461,-0.0401414655099537,1.25819119654989,2.47910326342086,-0.0313154601072107,-0.0606152317528171,-0.0763032880303989,-0.0111663097850783,-0.0679835527566127,-0.00803168187795999
-0.01410723470578,-0.0775034154947928,1.04164972823404,2.02712082732303,-0.00528230003166271,-0.0262240492055391,6.99399655568728e-06,0.0119987028174288,0.00453162149911967,-0.00148184629312557
-0.0433674922563893,0.0163194349648231,1.49616891706278,2.13375496037004,0.0140720892640324,0.0391025757488984,0.0726875651414382,0.00794340843652333,-0.0112997382288927,0.00542694843317627
-3.67874317903433e-05,0.00340925516431477,0.731475280230509,2.18370502400416,-0.00601810743705629,0.0213529662067552,0.0491260409479555,-0.00268800437801202,0.0257439553857671,0.000315062042062295
0.0404750510519043,0.0153869423694275,0.622926216787633,1.9030448594531,-0.0250493566230823,0.0285047676550174,-0.0548981031079607,-0.00422992218272956,0.0232967456275733,-0.00236809063344969
-0.0742288215429214,-0.116915242538925,1.22098533716841,2.46632452839895,-0.010678714803608,0.00863791075723702,-0.0229839036059087,0.00636194814157768,-0.0537262920413664,-0.0164863512290296
0.0131307144879876,-0.0583634580244452,0.843838559496502,2.61802501579157,-0.00153497272766888,0.0543009942163167,0.0161490513118634,0.0289904876622737,0.0150904468825202,0.0230188214456236
-0.00598167753200604,-0.0108559376119894,0.698652943330612,2.0815388980704,0.00466939461579026,0.00995217900299099,0.023739543688173,0.00222757864434924,0.023403163204435,0.0150426746878231
0.00423274932607156,0.0368109769125245,1.57052148022967,2.39757872272396,0.00132908626003881,-0.0165826629556659,0.0403260767144897,0.00711813312828485,0.0221191282348713,0.00133810803026917
0.0206468303869758,-0.0418162306966587,0.927096426275787,2.51630694760202,-0.0135805938951948,0.00913436344328852,0.0153395313854529,0.00627217834398336,-0.00451022977303719,0.0148079187927466
0.00200893271636376,-0.0185026802049968,0.702079494840199,1.74873625562406,-0.00295563343076688,-0.0197000000222774,-0.0539635085293279,0.0030964713394775,-0.0261378955199301,-0.00213368129511533
0.0243906787103964,-0.0187319476612667,0.974042970204318,2.32888521595574,-0.0210114673762103,0.041316997680248,0.0388927204114641,0.0154869009376592,0.0150926483200682,0.00799048681099584
0.0161666667476518,0.0642446713467261,1.23926688424379,2.0139048858716,0.00679208167141019,-0.0291917255818358,0.0115138083349376,-0.000108594442205304,-0.051944405233687,0.0198955522921949
-0.0685585172878353,-0.0667593354067925,1.02188701222756,2.20787305488825,-0.00896080748064587,-0.0187918816531897,-0.0325946574199874,-0.0130177064069845,0.00866654319668993,-0.0432553282598031
-0.065940651299204,-0.0958451635852828,1.77512151259142,2.71250920463253,0.00772203489553641,0.0310386150002265,0.0140982682149149,0.0300144692279172,-0.00899909169437611,0.0034912266505803
-0.0129307805471057,-0.0385803261456457,1.57146611824823,2.22873291797465,-0.0101797758684591,0.00889830923368818,0.0845392181147911,0.0258047035307385,-0.0129466517708326,0.00634492457420365
-0.0718839925222321,0.014769065136943,1.86975949184121,1.88107550452073,0.00644226047684976,0.0361000176361056,0.0163676404232288,-0.00275146197070417,0.0398838925646186,-0.0147217609323733
-0.0220622901592247,0.0456546688253709,1.92846218174272,2.31203491168777,0.0208880124005165,-0.00604329938371982,0.00773944674870221,0.0145140332615399,0.00799148358885226,0.0255639246738289
-0.00353026762402231,0.00956070052401776,1.13312767425358,2.0270608668262,-0.0100414752668979,-0.0237236404547086,0.00754213553391776,-0.0127237186618249,0.00700560370911923,-0.0105099982304577
0.00525030216527769,0.0472925880606024,0.575449999005901,1.79117726309487,0.0173929229228599,-0.0246851414520424,-0.0230651336237864,-0.00352664742142657,-0.0314124261637917,0.0153374742503763
-0.0390628765517071,0.0645736171035946,1.0902105694125,1.61642408066161,0.0155642073842323,0.0092472769815095,0.0250794132341956,-0.0188551827081776,-0.00854975731670457,0.00243967522873577
-0.0314139632946423,-0.0429331843940276,1.03713955056174,2.33704799571158,0.0303848063453131,-0.0136278126826017,-0.0256808449448199,0.0174290577821146,-0.0229797575846843,-0.00135397605579571
-0.0202240902433298,-0.0126686304585627,0.406859135050776,1.32798036092821,-0.0115801669042482,-0.0334903872127945,0.0120608671607097,0.00269003827741442,0.0195862896628916,-0.0488331297731927
-0.120970910936599,-0.0833669922989244,1.75706437373898,2.32359395483508,0.00767256017345244,-0.0467913219894552,-0.0277300003647001,-0.00778278177304657,-0.0176364329954892,-0.028097773972877
-0.0567316881305863,-0.0670856582326829,1.46432781970249,2.7329419837555,-0.0114794905914068,0.0370911504271616,0.0129282010616825,-0.0171478183669847,-0.0464173718184656,-0.0143014570056652
0.0198445803420234,-0.00627503566856217,1.12932776798695,2.34594953753731,-0.0220978915362088,-0.0182262731545649,-0.023116881592199,0.00229445432893198,0.017969450134637,-0.0234445078983096
0.0489197501860015,0.0860458283888478,0.0171479328984482,1.63278476823662,0.0428030933883012,-0.00931730333017193,0.0208114979289925,0.0166989956574172,0.0748375826555545,0.0205621068493131
-0.0519087240886789,-0.00560286511262385,1.50986216264661,2.34895229720886,0.0273414972732036,-0.0724202499464565,-0.0257206095366433,-0.00735177605925154,0.0113117724653439,-0.00264245232830515
-0.0825362288839377,0.0150512887158375,1.56321323439285,2.16736420490399,0.0125947992028235,0.0224299518316157,-0.0126425945659437,-0.0152408098354073,0.0230604760070413,-0.00246335128320052
0.00996932790462731,0.0229251275198711,1.2749331856134,2.01727924529629,-0.00608006840242526,0.00522363333993872,0.00923181527110871,-0.0113387345819749,-0.0368622834653613,-0.00262461135545408
-0.0323249400604351,-0.0512207969099234,1.14779947897605,2.42250769091307,0.0146178319637679,0.0701082671664727,0.023658850230762,0.0053028428604889,0.0180958821920182,0.00972263658500296
-0.0632387297143862,0.0125624833440433,1.03686373844294,1.58376842102802,0.00704045954043439,-0.0428428328714938,0.00726982403234513,-0.0118148929682032,-0.0477243808002462,-0.00902825845635807
-0.12354158052959,-0.0437428086872602,2.52141696750612,2.71329419435965,0.0151309770186603,-0.0131734652816323,0.0209724608744395,-0.00761408660849402,0.0122744152040286,0.00404690687558275
0.0371751411527461,0.0510634392766868,0.539260578471737,1.54857799947958,-0.00552391818025052,0.00278956648783794,0.0165981765954372,0.00146064469666605,0.0243609785722817,0.00397539184102642
0.0553892875051694,-0.0362142044955959,0.171218714229013,2.07305903036783,-0.00868829847785574,0.0196723749821102,-0.0365336504038961,0.0142441405921151,0.0142779021808469,0.020589697804681
-0.0572546562197274,-0.0897170687458156,0.427014603214573,2.41465770039507,0.00376331399964564,-0.0278849598158135,-0.0296169046015644,0.0128707253026543,-0.0161719667361891,-0.0308020277953901
0.0373468972696219,0.040326992273114,0.609595578183473,1.53481207619947,-0.0223436880878476,-0.0143795077774057,-0.00549953972613192,-0.016249177759964,0.00604930518858403,-0.0298912566925551
-0.0526587917686298,-0.0883623688818024,0.916036951470679,2.31297251596062,0.00772411329738471,-0.0147363905836581,-0.061808344407921,-0.00555627369587294,-0.00945280855580335,-0.0309944613237558
0.0374804495161949,-0.0819911061819929,0.632395104369741,2.34812649011194,-0.0285285400076363,0.036844022873219,-0.0127385743310638,-0.00187463465651988,0.0630993494546836,-0.02068010417607
0.0107613496994256,-0.00265000799814244,0.869816762846132,2.19436694950159,-0.00245346382271638,-0.0169515636734026,-0.01684807942951,-0.002899137171089,-0.00818030381845454,-0.00381437764267682
-0.0891293010778071,-0.181988911135176,1.31074185319144,2.83150116605182,-0.0264241975803353,0.0119238985155802,-0.0448933311586794,0.00303441066835429,-0.0310525732273309,-0.0371883414608266
0.0449639236482145,-0.024937771678947,0.886814115509686,1.55525419850202,-0.00485405749431499,-0.0257540468836564,-0.0663811789543556,0.0165002464976709,0.0209976578024018,0.00185697890785279
-0.0733314610169274,-0.0146026134778669,1.77213152870572,2.49412480590871,-0.0191823086110338,-0.036861154827852,-0.0447102201722568,-0.0241126057658889,-0.0210990642244762,-0.0112617875293129
0.0734749486212114,0.070920852509849,0.650377915407551,1.7143829034338,-0.0228652061297469,-0.0275987000236612,-0.0537696912002414,-0.0191766712740758,-0.0494688150958959,0.00326330306987295
-0.0192335523039234,-0.0438917633778463,0.955437784822062,2.05240702551975,-0.0166153436330849,0.0191234237760126,-0.00530733522431695,0.00339326218055389,-0.00617069944222454,-0.016508202771608
-0.0277023839963868,-0.0208074698921004,1.57723238253722,2.22812184951385,-0.0110677051542514,-0.0167593339032261,0.0123457954847037,0.00383508180349845,0.00510902300946619,0.0093901353910913
0.104383640767958,0.0219708811350572,0.729601001212033,1.77955835784231,-0.017715750721235,0.000538275112519149,-0.0204490622391441,-0.00341165264125047,0.026674660913649,0.00775246786618129
0.0693018001380009,0.0435688125419667,1.02380383100819,2.13155177226153,0.0056293388912177,-0.00722148344013244,0.0183724527180774,-0.000349430924159299,0.0457318755798499,0.0501704060873684
0.0640585845236894,0.00386871549263246,0.201449164053266,1.70730524064702,0.0152979066977607,-0.0215866880309864,0.0848953235676068,0.0273719141754263,0.0278884448454617,0.0133815640266438
0.0858485278383554,0.0794838719824207,0.892155629288294,1.44434487138574,-0.00397106879407775,-0.0238702494177476,0.00168127856765918,0.00379314111595512,0.02034308312192,0.0127146351893634
-0.037944361091431,-0.0563189253819794,1.18987899620438,2.44369316050231,0.00271790758732428,0.0114842883547652,0.019072940966977,0.00722587129001794,0.0446796769574604,-0.0220883907797486
0.0758030998246627,0.0159704476978233,0.249097892984197,1.83080498383015,-0.000300446951106169,0.0392194722019727,0.057699429476121,0.00696684028304568,0.0290512273357086,0.00419692754306233
-0.0641259779752025,-0.0833909856604778,1.46576288220373,2.43904574775953,-0.00783550139164312,-0.0198570190480272,-0.00188616294695107,0.00530598851831034,0.0197275186883123,-0.0181365417239608
0.0381919285669347,0.121037446666348,0.684091914905991,1.22424039662533,0.0187497918031947,0.0196858353334183,0.0460712070965778,0.0128607748971903,0.0663121013332796,0.0262982567454939
-0.0422235627312448,-0.0405609141693123,1.58569997263698,2.49349415924432,-0.0118311351577751,-0.0414657156007339,0.0002280655928218,-0.0129733711363822,-0.02426574512604,-0.0420932290844793
-0.0535331179935582,0.0445646658978183,0.949115861443705,1.26044671423546,0.013274764306155,-0.0179784113979436,0.0134516740086568,-0.0248906068305008,-0.00620619566028531,-0.0267561084309355
0.0500278945782891,0.00711574659191984,0.785840400002722,2.0383099680796,-0.0193750653561528,-0.0247056274997243,-0.0420437032804225,-0.00875843170203207,-0.0129343437198131,-0.00177990601528695
-0.0961895247876469,-0.0679248398640113,1.09984744001432,1.94716120408861,0.0285209537997213,-0.017035318179583,-0.0071725785533964,0.0223271792202069,-0.00423241356933674,0.0120127125830016
-0.0418318313767195,-0.019405663934067,1.00791800590996,1.86464699063603,0.00884490793809935,0.0242763288081702,0.0312805057618078,0.00409023284337743,0.0498655209495349,-0.0225155259025646
0.0210115525614291,-0.00625503453800945,1.30657990270587,2.16893062616663,-0.00943236258532094,-0.00920296711083823,-0.00635929772846583,-0.0110253653568381,-0.0140648396071194,0.00822187933807279
0.0389187426682062,0.108675235409053,0.873579871510846,1.53202609060439,-0.0082847026633359,-0.0597294944759868,0.0217608005624853,-0.0345677237048462,-0.031326030626616,0.00134180267377552
0.0448497110169002,0.0961618684339786,1.01200304391342,1.67407989640848,-0.00624403126191524,-0.0579748221634741,-0.0328675830192205,-0.0233242462707572,-0.00196479333973713,0.0156013693425226
0.00142972285552877,-0.0933807970368984,0.908165585464533,2.64793308511743,0.0208153643411749,0.00299192011930512,-0.0250018324251356,0.00642725270671336,0.0141986610422199,0.00227352835998509
0.0694727693995699,-0.0123556553990155,0.488253109192321,2.32496388063752,-0.013563431184533,-0.0432804337387427,-0.0320922219311893,-0.00882848672605214,-0.0177638703625735,-0.000938691228468834
0.0280813290752918,0.0109830802707383,1.59987648734661,2.23435790267854,0.00600846966441881,-0.0281073648108301,0.014176298387203,0.00667923339550924,-0.0264497656304295,0.0315318335149336
0.0279452979492734,0.0246201275313366,0.807504574481136,1.78541606167067,0.00677362070299409,-0.0532330776029231,0.0148533651819394,0.00965662228994945,-0.0462410116225319,0.0021624658726471
0.0754733711133913,-0.00642745447649478,0.589154621618879,1.97486281432608,-0.0114177828254818,0.0110536782174151,-0.005858544588152,0.0010624733450113,0.0372524777063008,-0.0334976717377683
0.0130688801717555,0.057369432682908,1.04482833074026,2.50015571702491,-0.0118649017996241,0.0023266462881208,-0.0251965214625329,-0.0248235724948992,-0.0368428342628214,-0.00359410174157574
-0.142761343055067,-0.0526700652965301,1.63224670571939,2.37338962104709,0.0263989413324195,0.026777989919878,0.0148965285261228,-0.000766753259939154,0.00419243611331387,0.00089052083770576
-0.0774110262509714,-0.031130032144975,1.24873508958964,2.42689256269547,0.0176246941322282,0.00591654094417651,0.00506054216225994,-0.00124490910335968,0.0117719083760682,-0.0107618207244049
-0.0114667442595172,0.0114634153277473,0.751982253741817,1.66981595416635,-0.012729728051089,-0.0139342868458105,-0.0246104048634907,-0.00803595522058796,-0.0291465397788838,-0.0223745320889394
-0.00366200757463273,-0.00215348684000858,1.39496322911324,1.63195651345773,0.021581197800913,0.0378223928402681,-0.0194920861360259,0.0194360317603887,0.0586467680845344,0.0298712099915765
